代码,名称,备注
300562,乐心医疗,将健康 IoT、大数据与医疗深度融合，形成“健康 IoT+数
300298,三诺生物,专注于糖尿病慢病管理领域专家，国内血糖仪零售市场第一龙头，院
2223,鱼跃医疗,国内家用医疗器械龙头                    
603087,甘李药业,公司为唯一掌握产业化生产重组胰岛素类似物技术的中国企业   
600267,海正药业,领先的原料药生产商，中国最大的抗生素、抗肿瘤药物生产商之一 
600867,通化东宝,拥有的重组人胰岛素产品，填补了国内空白           
2019,亿帆医药,主导泛酸系列产品，是拥有独家产品数量较多的国内医药企业之一 
603987,康德莱,国内拥有完整医用穿刺器械产业链的综合性生产企业       
300003,乐普医疗,国内心血管领域平台型企业，多方位布局提供整体解决方案。   
600351,亚宝药业,专利产品丁桂儿脐贴是国内儿童外用药第一品牌         
300255,常山药业,从事肝素原料药和肝素制剂药品研发生产的龙头企业       
603222,济民健康,业务覆盖医疗服务、医疗器械和化学制药三大板块        
518,四环生物,主要产品EPO注射液、注射用白介素-2的市场认可度高    
603998,方盛制药,集医药工业、医疗服务、大健康业务于一体的高品质、综合性、科研
300630,*ST普利,专业从事化学药物制剂研发、生产和销售的高新技术企业     
2437,誉衡药业,产品领先的医药企业，产品由单一的骨科治疗领域向现有心脑血管等
301230,泓博医药,立足小分子药物设计，一站式服务药物研发及生产        
2693,双成药业,国家高新技术企业，在多肽药物领域长期耕耘，具有丰富产品管线、
813,德展健康,"主打产品“阿乐”是全球销售额最大的处方药之一""立普妥""在国内"
2317,众生药业,逐渐形成以创新药为发展龙头、中成药为业务基石、化学仿制药为有
603538,美诺华,国内一流的特色原料药供应商。                
301211,亨迪药业,全球非甾体抗炎类原料药领先企业，尤其是布洛芬和右旋布洛芬原料
600572,康恩贝,OTC及处方药齐头并进，打造“浙江中医药健康产业主平台”，已
688189,南新制药,实控人湖南省国资委，致力于打造全品种、全剂型的抗流感领军企业
603367,辰欣药业,从事医药产品研发、生产和销售的综合性企业。拥有400多个药品
300436,广生堂,覆盖肝脏健康全产品线的布局，并拓展了心血管、男性健康、抗新冠
597,东北制药,方大集团旗下上市公司，被誉为我国民族制药工业的摇篮，原料药和
919,金陵药业,主营医药与医美产业；旗下有诸多甲级医院           
2020,京新药业,涵盖心血管系统、消化系统、精神神经系统三大用药领域     
989,ST九芝,传承百年湘牌中华老字号，拥有传统中药类“九芝堂”牌系列产品、
600285,羚锐制药,中药贴膏龙头，全国橡胶膏剂药业中的首家上市企业       
600422,昆药集团,手握“昆中药”六百四十年老字号，产品基础扎实，华润三九入主，
300401,花园生物,全球知名的维生素D3、胆固醇及羊毛脂系列产品制造商     
301111,粤万年青,广东老牌中药企业，应用范围涵盖清热解毒类、心脑血管类、消化类
2826,易明医药,以新药研发、产业投资、生产销售为一体的新型医药企业，是醋氯芬
3020,立方制药,公司是渗透泵控释制剂国内产业化龙头，技术上已覆盖了最复杂结构
153,丰原药业,双主业：医药制造（主要产品涵盖解热镇痛、心血管等系列产品）和
739,普洛药业,国内特色原料药+CDMO+制剂综合发展的医药制造龙头企业  
300158,振东制药,领跑米诺地尔品类（毛发领域），还涉及肿瘤、消化、心脑等领域+
600535,天士力,中药现代化领军企业，覆盖心脑血管、抗肿瘤等领域，形成现代中药
2603,以岭药业,中药创新领军企业；公司抗疫明星产品连花清瘟，后疫情时代品牌价
603858,步长制药,国内最大的心脑血管中成药生产企业              
2424,ST百灵,国内苗药龙头                        
600329,达仁堂,三百年历史传统重要重组完成破局重生，三核九翼”战略布局，速效
2900,哈三联,东北地区首家生产聚丙烯安瓿注射剂的企业           
300485,赛升药业,在生物生化药物研发方面具有较强的实力            
688016,心脉医疗,公司为国产主动脉介入龙头，公司2021年年报显示国内市占率2
688108,赛诺医疗,专注于高端介入医疗器械研发、生产、销售的国际化公司     
688198,佰仁医疗,国内领先的、专注于动物源性植介入医疗器械研发与生产的高新企业
688617,惠泰医疗,电生理和冠脉通路产品双龙头国产品牌，在电生理医疗器械国产品牌
688351,微电生理,全球少数同时完成心脏电生理设备与耗材完整布局的厂商，亦是首个
301367,怡和嘉业,家用无创呼吸机龙头，国内领先的呼吸健康领域医疗设备与耗材产品
300760,迈瑞医疗,迈瑞医疗是国内医疗器械领域的绝对龙头，多条细分产品线销售额占
301363,美好医疗,中国家用呼吸机组件和人工植入耳蜗制造龙头企业        
600855,航天长峰,实控人航天科工集团，主营业务分为安保科技、电源、医疗、电子信
999,华润三九,已成为国内OTC领域品牌+渠道的龙头企业，不仅拥有较高的品牌
538,云南白药,中药第一民族品牌，国产牙膏第一品牌             
300147,香雪制药,以中药制造为主营业务，集现代中药及中药饮片的研发、生产与销售
300267,尔康制药,主营业务集中在辅料、原料药、成品药三大领域，是国内生产规模大
2737,葵花药业,儿童药产品在儿药行业领域领军，实行“小葵花”儿童药+“葵花”
513,丽珠集团,在抗肿瘤、辅助生殖、消化道、精神及神经等用药领域具备优势  
600664,哈药股份,拥有“哈药、三精、世一堂、盖中盖、护彤”五件驰名商标    
600129,太极集团,拥有藿香正气口服液、太极急支糖浆等多个优质品牌产品，市占率高
300434,金石亚药,新型复合管道行业和大面积真空磁控溅射技术领域处于国内领先地位
600566,济川药业,小儿豉翘清热颗粒                      
688076,诺泰生物,国内少数以多肽药物为主要研究和发展方向的生物医药企业之一  
2370,亚太药业,从事透皮控释系统、抗感染、心血管、降糖类、肝炎类等药物研发 
600750,江中药业,主营非处方药、保健品的江西省中药龙头企业          
2864,盘龙药业,主营风湿骨科类中成药，主导品种盘龙七片为独家生产，全国公立医
2412,汉森制药,形成了以消化系统用药、心脑血管用药为一体的产品体系     
2898,赛隆药业,拥有GSP（赛隆药业）、GMP（岳阳赛隆）认证资质的医药企业
661,长春高新,生长激素龙头（金赛药业）+水痘疫苗市场份额领先，还拥有狂犬疫
605199,葫芦娃,国内儿科呼吸系统治疗领域的领军企业             
915,华特达因,维生素D及相关产品绝对有优势，AD同补符合中国儿童体制特征，
603439,贵州三力,呼吸系统疾病中成药市场将恢复并增长；儿科用药市场即将迎来新空
300723,一品红,传统业务稳健增长，集采中标药物23年开始贡献业绩，高尿酸血症
300086,康芝药业,以儿童药、母婴健康用品、生殖医学及妇儿健康、医用口罩等医疗器
600976,健民集团,打造儿药优势品种，体培牛黄有望持续贡献收益。        
688276,百克生物,水痘疫苗的市占率处于领先地位，还拥有狂犬疫苗以及冻干鼻喷流感
603392,万泰生物,主要从事体外诊断试剂和疫苗的研发和生产。          
300142,沃森生物,从事人用疫苗产品研发，拥有全球两大重磅疫苗品种       
300122,智飞生物,"自研代理双轮驱动，疫苗龙头成长进行时
           "
300601,康泰生物,主营人用疫苗，国内疫苗研发平台最丰富的企业之一       
688185,康希诺,创新驱动疫苗管线研发，新冠需求催化公司业绩增长，产品管线针对
688520,神州细胞,致力于研发具备差异化竞争优势生物药的创新型生物制药研发公司 
600079,人福医药,麻醉精神药物龙头，医药细分领域领导者。           
301207,华兰疫苗,华兰疫苗是国内最早专注于疫苗研发及生产企业之一，在流感疫苗领
688670,金迪克,四价流感疫苗快速放量，品种不断丰富             
688319,欧林生物,国内率先开辟破伤风疫苗疾控中心市场             
688265,南模生物,首家A股上市的实验动物培育企业               
688046,药康生物,小鼠模型定制化服务市占率A股第二，国内模式动物优质企业，资源
2044,美年健康,中国领先的专业健康体检和医疗服务集团            
603882,金域医学,国内第三方医学检验行业营收规模最大、覆盖市场网络最广、检验项
300244,迪安诊断,“产品+服务”双轮驱动，提供医疗诊断整体化解决方案     
2030,达安基因,国内核酸诊断试剂领域领先者                 
688426,康为世纪,国内少数实现分子检测核心环节完整业务布局的生物科技企业。  
600763,通策医疗,通策医疗是国内口腔医疗服务龙头，目前旗下共有40余家医院和1
2690,美亚光电,研制了拥有完全自主知识产权的色选机、口腔X射线CT诊断机等 
300653,正海生物,国内生物再生材料领头羊，受益于进口替代和牙科市场增长。   
300285,国瓷材料,国内陶瓷新材料龙头企业。                  
2622,皓宸医疗,"主业为永磁开关及高低压开关成套设备产品,通过收购广东德伦医疗"
300143,盈康生命,国内领先的大型放疗设备企业                 
600009,上海机场,核心渠道价值仍在，随客流恢复及客单价提升，若重新谈判或保持良
600004,白云机场,中国三大门户复合枢纽机场之一，乘客吞吐量位列全国第3、全球第
89,深圳机场,中国境内第一个实现海、陆、空联运的现代化国际空港      
600897,厦门空港,国内外航空运输及旅客提供地面保障等服务等业务的企业     
600029,南方航空,中国运输飞机最多、航线网络最发达、年客运量最大的航空公司  
601111,中国国航,航网时刻优质，竞争优势难撼动也是国内唯一载国旗飞行的航司  
600115,中国东航,一家集全服务航空、创新经济型航空、支线航空于一身的航空公司。
600221,海航控股,曾跻身“全球最佳航空公司TOP10”榜单第7位       
601021,春秋航空,低成本航空龙头                       
603885,吉祥航空,民营航司龙头企业，发展16载实现双品牌运营，以上海虹桥、浦东
2928,华夏航空,支线航空与干线航空差异大，干线相对竞争激烈而支线相对参与者少
99,中信海直,全国性甲类通用航空企业，我国通用航空业首家上市公司     
415,渤海租赁,飞机租赁业务（全球第二大飞机租赁公司）+集装箱租赁业务（全球
1965,招商公路,产业链最完整的综合性公路投资运营服务商           
600377,宁沪高速,江苏省唯一的交通基建类上市公司               
600350,山东高速,公司核心路桥资产均为山东省高速公路网的中枢干线       
600548,深高速,拥有深圳市高速公路专营权                  
429,粤高速A,广东省高速公路系统内开发高速公路和特大桥梁的主要机构之一  
828,东莞控股,从事东莞市的高速公路投资、建设、经营，涉足保理业务租赁业务 
600012,皖通高速,公司运营高速公路里程609公里，持有安徽省优质高速公路资产，
600020,中原高速,建设和管理的高速公路和桥梁位于河南交通网的主干线      
885,城发环境,稳抓收费高速公路业务，推进垃圾发电业务，实控人为河南省发改委
600269,赣粤高速,江西省内最大的高速公路管养企业               
601107,四川成渝,是四川省投资、建设、营运高速公路的主要企业之一       
900,现代投资,主营湖南省内的高速公路的养护维修和收费经营业务       
548,湖南投资,实控人长沙市国资委，高速公路建设运营+资产管理和物业服务+酒
600033,福建高速,福建省高速公路的投资、建设、运营和管理企业         
600035,楚天高速,湖北省第一家公路上市公司，拥有湖北交通流量最大的公路之一  
755,山西高速,山西省交通系统内唯一一家高速公路资产上市平台。       
601518,吉林高速,公司拥有长平高速公路的特许经营权              
600368,五洲交通,拥有良好的高速公路资源，东兴口岸目前规模最大的物流公司   
601188,龙江交通,黑龙江地区较大的以经营管理高速公路为主业的公司       
600026,中远海能,全球能源海运龙头，公司是全球运力规模最大的油运船东、国内LN
601872,招商轮船,世界领先综合航运公司，VLCC和VLOC规模位居世界第一  
601975,招商南油,全球领先的中小船型液货运输服务商，外贸成品油运输业务规模位居
603209,兴通股份,中国内贸化学品航运龙头。公司内贸化学品船运力第一，近三年连续
1205,盛航股份,内贸化学品海运龙头。公司主要从事国内沿海、长江中下游液体化学
603167,渤海轮渡,渤海湾乃至全国的专业化客滚运输企业之一           
2320,海峡股份,琼州海峡客滚输运龙头                    
603565,中谷物流,中国最早专业经营内贸集装箱航运的企业之一          
600179,安通控股,主营业务为集装箱多式联运综合物流服务            
601598,中国外运,沿海口岸、国内重点城市及海外相关区域拥有丰富的物流中心等资源
601022,宁波远洋,浙江国资委旗下，浙江省最大的集装箱班轮企业         
601919,中远海控,中远海控旗下集装箱码头2020年总吞吐量排名蝉联世界第一  
601866,中远海发,船舶租赁业务规模居于世界前列，集装箱租赁业务规模为世界第二 
600751,海航科技,天津海运业龙头，公司主营全球干散货航线运输。        
39,中集集团,全球规模最大、品种最齐全的集装箱制造集团          
600798,宁波海运,以电煤运输为主的专业化散货运输经营格局           
600428,中远海特,受益汽车和风电运输，带来高景气               
603569,长久物流,国内最大第三方汽车物流公司                 
603162,海通发展,民营干散货航运企业，主营境内外航区干散货海运业务      
601766,中国中车,全球技术领先的高速动车组研发制造企业            
688009,中国通号,自主研发的高铁与铁路各类系统与设备已全面覆盖国内轨道交通网络
688015,交控科技,以自有CBTC技术为核心，主营城市轨道交通信号系统项目承包 
925,众合科技,公司拥有智慧交通、泛半导体、产业数智化三大业务群。是首个互联
603508,思维列控,在我国铁路行车安全系统领域处于优势地位           
300851,交大思诺,轨交行业领先的列控系统关键设备供应商            
688187,时代电气,轨交系统IGBT业务的龙头，发力新能源行业，探索碳化硅领域，
300351,永贵电器,深耕轨交连接器40余年，是轨交连接器龙头企业。       
300011,鼎汉技术,国内轨道交通电源系统龙头企业                
688285,高铁电气,国内电气化铁路和城市轨道交通供电装备领域的龙头企业     
688033,天宜上佳,国内领先的高铁动车组用粉末冶金闸片供应商          
600458,时代新材,全球轨道交通车辆减振领域规模第一，风电叶片规模位居国内第二 
600495,晋西车轴,铁路车轴的制造、研发能力和工艺创新能力处于全球领先地位   
603111,康尼机电,公司轨道车辆门系统产品全球市场占有率位居第一        
603680,今创集团,全球优秀的轨道交通内饰及装备企业              
605298,必得科技,一家专业从事铁路客车车辆配件产品研产销为一体的高新技术企业 
600528,中铁工业,隧道施工装备、铁路施工设备、道岔业务、钢结构制造居国内第一 
688425,铁建重工,全球领先的掘进机装备提供商、中国领先的轨道交通设备提供商  
688569,铁科轨道,轨道扣件龙头                        
603500,祥和实业,国内轨道扣件非金属部件领域具有较高知名度的企业       
601816,京沪高铁,核心资产是连通“长三角”与“京津冀”的京沪高速铁路。    
601333,广深铁路,国铁集团旗下，主营深圳-广州-坪石段铁路客货运输业务    
601006,大秦铁路,大秦铁路是国铁集团旗下唯一铁路煤炭运输上市平台。      
8,神州高铁,轨道交通运营检修装备与数据、线路运营、维保服务领军企业   
688459,哈铁科技,中国铁路旗下的轨道交通产品及服务商             
300150,世纪瑞尔,我国铁路行车安全监控系统供应商，行业的领先者        
301048,金鹰重工,国内轨道工程装备行业的领先企业               
300906,日月明,国内专业的轨道安全测控设备和技术方案提供商         
1872,招商港口,占深圳港集装箱码头业务市场份额的27.2%。        
601228,广州港,华南地区综合性主枢纽港，中国最重要的对外贸易口岸之一    
88,盐田港,已形成港口、港口供应链、临港产业三大业务板块的经营格局   
507,珠海港,现代化大型港口物流企业                   
600017,日照港,北方重要干散货港口，量价向好成长性凸显           
601298,青岛港,青岛港口是世界第五大港，我国北方最大的外贸口岸       
601326,秦港股份,河北国资委旗下，全球最大的大宗干散货公众码头运营商，经营的秦
601000,唐山港,公司的优势装卸货种是散杂货                 
601008,连云港,“一带一路”交汇点建设的核心区和战略先导区，核心业务为海港码
2040,南京港,目前我国内河最大的石油、液体化工产品中转储存的港口运输企业 
600717,天津港,天津港位于京津城市和环渤海经济圈的交汇点上，地理位置优越  
582,北部湾港,广西北部湾地区国有公共码头的唯一运营商           
600018,上港集团,上港集团是全球第一大集装箱港口运营商，中国最大港口上市公司。
600190,ST锦港,锦州港是辽宁省重点发展的北方区域性港口，主要从事港口综合运输
601018,宁波港,货物吞吐量和集装箱吞吐量持续保持全球港口前列        
600279,重庆港,重庆市港口客货运输、集装箱运输领先企业，西南地区地域优势明显
905,厦门港务,构建了完整而高效的港口综合物流服务供应链          
2080,中材科技,公司作为风电叶片龙头，在研发、材料技术上均有竞争优势，国内市
600875,东方电气,全球最大的发电设备供应商及电站工程承包商之一        
601615,明阳智能,半直驱技术领先。自供比例高→产品快速升级+降本。海上风电占比
2531,天顺风能,已成长为全球最具规模的风塔、叶片装备制造龙头企业之一，新能源
2669,康达新材,国内胶粘剂行业领先公司                   
301555,惠柏新材,风电叶片用环氧树脂市占率国内居前              
688585,上纬新材,亚洲领先的乙烯基酯树脂供应商之一              
301149,隆华新材,关键工艺技术无需脱除链转移剂法生产POP属国内首创，填补国内
300443,金雷股份,风电主轴龙头                        
300185,通裕重工,我国最大的球墨铸铁管管模及MW级风力发电机主轴生产企业   
301163,宏德股份,同时在铸铁和铸铝领域拥有核心技术的高端装备关键铸件生产企业 
2487,大金重工,风电塔筒环节的龙头，依托于优质的码头资源支撑产能扩张，受益于
300569,天能重工,国内专业的风机塔架生产商                  
300129,泰胜风能,泰胜风能是中国最早并成为全球最具规模和影响力的风力发电塔架专
300690,双一科技,中国树脂基复合材料应用领域的领先企业            
603507,振江股份,国内新型能源系统零部件隐形冠军，在深度绑定龙头客户的同时积极
603218,日月股份,风电铸件行业龙头，短期看成本弹性，长期看产能增长。     
688186,广大特材,风电零部件结构优化+成本下行，静候业绩反转时        
601218,吉鑫科技,全国乃至全球规模最大的风电铸件生产企业           
301063,海锅股份,国内少数能同时进入全球主要知名大型油气设备制造商以及全球主要
301040,中环海陆,国内较大规模的专业化工业金属锻件企业            
1239,永达股份,主营隧道掘进及其配套设备、工程起重设备、风力发电设备等产品 
603985,恒润股份,风电法兰领军企业，进军风电轴承打开第二增长曲线       
300850,新强联,风电轴承国产化引领者，风机加速大型化下份额向好。      
301548,崇德科技,动压油膜滑动轴承跻身全球市占率前六             
603667,五洲新春,民营轴承领军企业，风电滚子、汽车轴承双驱动         
595,*ST宝实,全国轴承行业六家大型一档企业之一、西部地区最大的轴承厂家  
300421,力星股份,国内最大的专业化钢球生产基地                
300718,长盛轴承,自润滑轴承高速发展，风电汽车等下游领域助力企业快速蜕变   
601177,杭齿前进,专业生产各类齿轮传动装置的大型企业，船用齿轮箱细分领域龙头 
300904,威力传动,风电专用减速器国内市占率前三                
300274,阳光电源,全球光伏逆变器出货量最大的公司               
603063,禾望电气,在新能源电控系统解决方案方面是最具竞争力的本土电气企业之一 
2184,海得控制,聚焦智能制造：工业电气自动化业务+工业信息化业务+新能源业务
2202,金风科技,风电市占率国内第一、全球前二，拥有自主知识产权的直驱永磁和中
688676,金盘科技,全球干式变压器龙头企业，切入高压级联储能领域        
603097,江苏华辰,华东地区主要的输配电及控制设备生产商之一          
2112,三变科技,公司主要经营变压器、输变电设备的生产、维修、保养和销售，是国
533,顺钠股份,输配电设备行业拥有完善的产品链和生产规模优势        
300772,运达股份,公司是国内最早从事风力发电机组研究与制造的企业，适应行业趋势
688349,三一重能,轻量化风电整机新锐，零部件自产打造盈利优势         
688660,电气风电,中国领先的风电整机制造商与服务商              
301226,祥明智能,提供微型电机定制化服务，产品数量多达2000多种，形成与可比
301456,盘古智能,风力发电类集中润滑系统国内市占率40%以上         
301155,海力风电,海力风电专注于海上风电领域，是国内海上风电管桩龙头，等风起，
2483,润邦股份,全球最专业、最具规模的船舶舱口盖制造基地之一        
301232,飞沃科技,风电叶片预埋螺套全球市占率约七成              
600522,中天科技,海底电缆综合解决方案龙头；积极拓展光伏+储能+铜箔业务；光通
603606,东方电缆,海缆产品市占率A股第二，受益深远海风场的发展趋势。高电压海缆
600487,亨通光电,公司多品类业务齐发展，海缆产品A股第三，光纤光缆A股第二，智
2498,汉缆股份,国内高压、超高压电力电缆相关技术研发的引领者        
600973,宝胜股份,线缆巨头依托优势资源，快速切入海缆行业           
2300,太阳电缆,福建省内外电力、邮电、国防等行业重点建设项目的主要合作伙伴之
753,漳州发展,漳州国资委旗下，主营城市基础设施建设和汽车销售，布局光伏发电
605222,起帆电缆,品牌在全国拥有较高的知名度                 
601857,中国石油,油气储量规模国内最大，国内第二大炼油企业，布局了从油气上游勘
600028,中国石化,中国规模最大的石油开采及炼化企业之一，是国内上下游及终端销售
600938,中国海油,国内独立油气勘探巨头                    
603393,新天然气,新疆地区的城市燃气供应商之一                
968,蓝焰控股,主营煤矿瓦斯治理及煤层气勘探、开发与利用业务        
600777,ST新潮,在美国拥有两处高价值的油田资产               
600759,洲际油气,立足中亚的专业化石油勘探开发企业              
300483,首华燃气,中国园艺用品业内第一个国际品牌               
600256,广汇能源,公司立足新疆，是目前国内唯一一家同时拥有“气、煤、油”资源的
600803,新奥股份,国内稀缺的天然气上下游一体化龙头              
600642,申能股份,石油天然气、电力的双主业发展，垄断了上海市的天然气业务   
605090,九丰能源,公司具备氢源优势，有望成为广东制氢龙头。          
601139,深圳燃气,业务涵盖了气源供应到终端销售的全部环节，抗风险能力较强   
1331,胜通能源,天然气终端服务商，国内稀缺的液化天然气“运贸一体化”龙头  
603318,水发燃气,山东省国资委的水发集团旗下唯一A股上市公司，主营业务包括燃气
2221,东华能源,拥有大型液化石油气冷冻储运批发基地的合资企业        
603223,恒通股份,是国内LNG贸易物流行业的领先企业             
601686,友发集团,连续多年焊接钢管产销量排名全国第一             
2443,金洲管道,国内最大镀锌钢管、螺旋焊管和钢塑复合管供应商        
2318,久立特材,高端不锈钢管专家，高端化发展助力业绩上行，产能提升2022年
2478,常宝股份,国内油管行业第二大制造商和全国前三大锅炉企业        
600903,贵州燃气,从事贵州地区的天然气入户安装、天然气销售业务        
605169,洪通燃气,专注清洁交通能源供应领域的天然气专业运营商         
603080,新疆火炬,公司处于新疆西南部，具有较为明显的气源优势         
603706,东方环宇,昌吉市行政区域范围内为双燃料汽车提供天然气燃料的独家供应  
2911,佛燃能源,佛山区域燃气龙头，在大力发展燃气供应业务的同时，积极开展油品
600956,新天绿能,中国石油华北地区第三大分销商和河北省领先的天然气分销商之一 
600635,大众公用,公用事业与金融创投齐头并进的投资控股型企业         
605368,蓝天燃气,河南省主干线管网覆盖范围最广、规模最大的综合性燃气企业，涵盖
421,南京公用,实控人南京市国资委+南京市主城独家燃气供应的特许经营优势+房
600461,洪城环境,以供水业务起家，核心业务自来水供应、污水处理以及燃气供应，积
603053,成都燃气,全面覆盖成都平原中心区的燃气运营服务商           
600979,广安爱众,在广安等区域内形成覆盖水、电、气不同业务的综合业务能力   
600333,长春燃气,公司在长春、延吉两市地区燃气业务市场占有率第一       
600917,重庆燃气,重庆市供气量最大、覆盖区域最广的燃气供应与综合服务商    
2267,陕天然气,陕西省内唯一天然气长输管道运营商。             
1299,美能能源,城市燃气综合运营服务商                   
603689,皖天然气,安徽省天然气管网具有区域先入优势              
593,德龙汇能,从事以天然气能源为主的清洁能源供应业务。参股公司好风光主要储
407,胜利股份,转型清洁能源提供商                     
600681,百川能源,覆盖京津冀的燃气综合服务商                 
300332,天壕能源,业绩高速增长，神安将成，静待花开。             
300059,东方财富,互联网金融龙头企业                     
300033,同花顺,20年积累已成金融信息服务领跑者，C端客户B端业务持续拓展，
300803,指南针,专注于证券分析和证券信息服务，拥有高中低端针对不同客户需求的
601519,大智慧,国内领先的互联网金融信息服务提供商             
688318,财富趋势,B端尽享券业发展红利龙头稳固，C端蓝海广阔贡献新增长极   
300085,银之杰,金融科技服务公司                      
600825,新华传媒,上海报业集团旗下上市公司和主要资本平台。横跨图书发行和报刊经
600030,中信证券,国内第一家IPO上市的证券公司，各项业务全面领跑行业，龙头优
601211,国泰君安,业务体系全面均衡，主营业务稳居于行业前列的大型券商     
601881,中国银河,国内分支机构最多的证券公司                 
601688,华泰证券,“涨乐财富通”APP，位居证券公司类APP第一名      
601066,中信建投,资产规模排名10名左右，营收及净利润由行业10名冲击前5，R
601995,中金公司,中国首家中外合资投资银行                  
600837,海通证券,卓越的综合金融服务平台，业内领先的国际业务平台       
776,广发证券,市场化机制+地方资源，营运效率稳定提升           
166,申万宏源,布局完善、能力突出的投资银行集团              
600999,招商证券,连续多年蝉联证监会证券公司分类评价最高评级A类“AA”级  
600958,东方证券,以大资管业务为核心的中上游券商，旗下包括汇添富基金和东证资管
600061,国投资本,国投公司旗下唯一金融控股平台，安信证券为其核心资产之一   
601788,光大证券,中国领先且具有强大综合竞争力的证券金融集团         
601696,中银证券,依托中国银行资源的综合性券商                
600621,华鑫股份,华鑫证券和华鑫期货是公司的核心子公司            
601108,财通证券,全国性的综合类券商，永安期货的控股股东           
601878,浙商证券,在资产管理、期货等业务具有较强竞争力的证券公司       
2939,长城证券,拥有全牌照、综合性业务平台，债券承销业务居于行业领先水平  
2797,第一创业,有固定收益特色的、以资产管理业务为核心的证券公司      
712,锦龙股份,控股中山证券，参股东莞证券                 
783,长江证券,研究水平行业领先，研究驱动业务发展新模式效果显著      
601162,天风证券,高度重视研究所建设，在研究业务具有竞争力的证券服务商    
601099,太平洋,公司作为云南本土的上市券商，经纪业务在云南市场占有率排名第一
601236,红塔证券,中国烟草总公司旗下，云南区域券商              
600109,国金证券,业务范围辐射全国的综合类券商，公司已基本实现全牌照经营   
2926,华西证券,公司综合实力在西部地区证券公司中居于领先地位        
728,国元证券,拥有零售经纪、投资银行、财富管理、投融资及场外市场等全牌照 
600909,华安证券,深耕安徽省的综合性证券公司                 
601555,东吴证券,地处金融资源丰富的长三角，具备显著的区位优势和发展潜力   
601456,国联证券,基金投顾具先发优势，财富管理有望驱动公司快速成长      
601990,南京证券,公司目前连续三年分类评价结果均为A类A级，丰富的证券行业管理
2736,国信证券,在经纪和投资银行业务方面具有较突出的行业领先优势      
601901,方正证券,营业部数量位居行业第二，线下服务能力较强，财富管理转型相对领
601059,信达证券,中国信达旗下上市证券公司，是中国信达金融服务板块优先发展的成
601198,东兴证券,中国东方资管旗下唯一上市金融平台，A股首家AMC系上市券商 
601136,首创证券,北京国资委旗下，具有全牌照经营资质             
750,国海证券,证券经纪业务在广西市场占有率位列第一，区域和品牌优势明显  
2500,山西证券,FICC、期货业务成为公司的重要支撑            
600918,中泰证券,全国大型综合类券商                     
601375,中原证券,以证券业务为基础的金融综合经营企业，正牵头组建中原人寿公司 
600906,财达证券,省内资源优势集聚，京津冀一体化助力开启业务成长空间     
600095,湘财股份,全资子公司湘财证券为首批全国性综合类证券公司        
2670,国盛金控,江西省交通运输厅旗下，主要通过全资子公司国盛证券开展业务  
600864,哈投股份,实控人哈尔滨市国资委，热电+证券（江海证券）业务双轮驱动。 
686,东北证券,拥有全业务牌照的综合证券服务商               
600369,西南证券,实控人重庆市国资委，形成全牌照经营格局。参股银华基金。   
600155,华创云信,集产业研究、科技开发、投融资为一体的控股型平台。      
601377,兴业证券,证券研究业务稳定在行业第一梯队、债券承销业务行业领先    
2673,西部证券,深耕西部地区，在陕西省内具有领先的市场地位         
2945,华林证券,投资银行业务具有较强的市场竞争力              
601398,工商银行,中国最大的商业银行，被誉为“宇宙第一行”          
601939,建设银行,中国第二大银行                       
601288,农业银行,我国大型国有商业银行之一                  
601988,中国银行,中国第四大国有商业银行                   
600036,招商银行,从零售转型到大财富管理。大财富管理模式：大客群+大平台+大生
601658,邮储银行,背靠邮政集团，网点深入布局广袤城乡，客户群体庞大。     
601328,交通银行,以财富管理为特色的一流银行                 
601166,兴业银行,以“商行+投行”战略为核心不断推进转型升级，着力打造绿色银行
601998,中信银行,以公司银行为主体、零售银行和金融市场为两翼的业务结构    
1,平安银行,短期估值提升有催化，长期业绩改善有空间           
600000,浦发银行,全国性股份制商业银行之一                  
601818,光大银行,一流财富管理银行，在投行、电子银行、信用卡等业务行业领先  
600016,民生银行,我国首家主要由非公有制企业入股的全国性股份制商业银行    
601187,厦门银行,台资背景，全国首家成立台商业务部的银行           
600928,西安银行,西北首家A股上市银行，实际控制人为西安市人民政府。     
1227,兰州银行,在兰州市中小商业银行中存款、贷款余额排名第1        
2936,郑州银行,打造独具特色的“商贸物流银行”               
601577,长沙银行,享区域红利，打造城商行零售标杆               
601077,渝农商行,深耕重庆，县域优势突出。                  
601963,重庆银行,第一家在中国香港联交所上市的内地城商行           
601838,成都银行,资产质量优秀，小微产品覆盖全面，区域经济趋势向好，业绩预期向
601997,贵阳银行,机构网点实现贵州88个县域全覆盖的城商行          
601169,北京银行,开辟和探索了中小银行创新发展经典模式的商业银行       
600015,华夏银行,全国第五家上市银行                     
600919,江苏银行,区域龙头城商行的“稳中有进”优异答卷            
601009,南京银行,存贷款规模在南京地区的市场占有率位居前列          
2966,苏州银行,风格稳健，资产质量扎实，安全垫高，区域经济提供充足动力   
601128,常熟银行,小微小贷，小美银行                     
600908,无锡银行,无锡市区唯一地方性法人银行，2016-2021年化复合增速为
2839,张家港行,主要经营区域为张家港市，是当地营业网点最多、覆盖面最广的商业
601860,紫金银行,南京地区服务网络最广的本土金融机构             
2807,江阴银行,深耕江阴本土市场，人缘地缘优势鲜明。网点、员工、资产均集中于
603323,苏农银行,地处长三角一体化区域的农村商业银行             
2142,宁波银行,管理层高度稳定，风控严格，资产质量稳健，主抓核心客户“主账户
600926,杭州银行,富有特色的科技文创和绿色金融体系，打造新型智慧银行     
601916,浙商银行,深耕浙江，立足长三角，布局全国。              
601528,瑞丰银行,普惠金融践行者，区域小微领军行               
2948,青岛银行,山东省首家主板上市银行，立足青岛，辐射山东         
601665,齐鲁银行,山东省首家、全国第四家与外资银行实现战略合作的城商行    
2958,青农商行,山东省第一家地级市农商行                  
601229,上海银行,唯一在养老服务领域同时获得两项国家级荣誉的金融机构     
601825,沪农商行,上海首家A股上市农商行，是上海地区营业网点最多的银行之一。 
601318,中国平安,综合金融+医疗健康，中国保险行业变革引领者，4渠道+3产品助
601628,中国人寿,历史悠久，人身险保费市占率持续第一，市场地位稳固      
601319,中国人保,新中国第一家全国性保险公司，新中国保险业的奠基者和开拓者  
601601,中国太保,连续六年新增客户数超一千万，客户群体遍及全国，历史分红率可观
601336,新华保险,全国大型的寿险公司                     
627,天茂集团,子公司国华人寿是一家全国性寿险公司             
2423,中粮资本,中粮集团旗下运营管理金融业务的专业化公司及投资平台，构建了以
300399,天利科技,国内领先的移动信息应用整体解决方案提供商          
300242,佳云科技,国内基于手机厂商广告商业化代理资质最全的供应商       
600927,永安期货,公司是浙江省内分支机构数量最多的期货公司之一        
600120,浙江东方,浙江重点打造的国有金融控股平台，涵盖信托、期货、融资租赁等 
987,越秀资本,从事证券、融资租赁、不良资产管理、私募基金等多元金融业务  
603093,南华期货,首家期货上市公司，控股股东横店集团实力雄厚。        
2961,瑞达期货,国内大型全牌照期货公司，营业网点覆盖全国主要经济地区    
1236,弘业期货,江苏地区相对具有影响力的期货公司              
600107,美尔雅,公司拥有全国工艺流程最长的服装生产线和全手工制作服装生产线 
2021,中捷资源,全球最大的工业缝纫机生产基地之一              
600390,五矿资本,实体产业重组转型的央企控股金控企业，由央企五矿集团间接控股，
600705,中航产融,聚焦战略发力产投，深化产融助力实业，受益军工资产证券化   
600517,国网英大,业务涵盖配电装备、电网运维、高压试验、节能工程、碳资产管理 
563,陕国投A,行业领先的信托公司                     
600816,建元信托,唯一上交所上市信托公司                   
600901,江苏金租,国内首家及目前唯一一家A股上市金融租赁公司，实控人为江苏省国
603300,海南华铁,钢支撑龙头，国内设备管理规模前二的综合性租赁服务商，专注于建
617,中油资本,紧密围绕油气产业链、供应链，立足中石油集团资源禀赋，致力于为
600643,爱建集团,从事融资租赁、资产管理等业务，并控股爱建信托、参股爱建证券 
600318,新力金融,从事小额贷款、融资租赁、融资担保、典当和P2P网贷等类金融业
600830,香溢融通,香溢融通是我国上市公司中最早涉及小贷典当概念的公司之一   
300551,古鳌科技,金融机具企业，布局数字货币与证券信息服务领域。       
958,电投产融,国家电网旗下公司，主营业务涉及电力行业和金融行业。     
532,华金资本,珠海市国资委旗下上市公司，股权投资管理+实体产业经营协同发展
600570,恒生电子,证券IT和Fintech龙头，核心产品市占率领先，横向扩张至
600446,金证股份,金融科技全领域服务商，覆盖“金融科技+数字经济”两大赛道，以
603383,顶点软件,综合实力强劲的金融IT厂商                 
300674,宇信科技,银行IT细分龙头，业务壁垒高、成长性好           
555,神州信息,金融科技全产业链综合服务商                 
300872,天阳科技,传统银行IT业务高景气，积极布局云计算，打造第二增长曲线。 
301236,软通动力,国内领先的软件与信息技术服务商。              
300348,长亮科技,国内领先的金融核心系统解决方案供应商            
300339,润和软件,构建了面向金融行业的软件全生命周期管理能力平台       
600571,信雅达,公司为金融IT服务商，主要业务是为以银行业为主的金融机构，提
300663,科蓝软件,深耕银行IT守正出奇，乘政策东风享信创红利         
2987,京北方,银行IT龙头，实现了国有六大行、十二家股份制商业银行的全覆盖
300561,汇金科技,国内最早拓展金融行业现金及重控物品管理解决方案的专业公司。 
300377,赢时胜,服务于国内的金融资产管理和资产托管领域的领先企业      
300465,高伟达,中国领先的金融信息化软件产品和综合服务提供商之一      
300380,安硕信息,为金融机构提供信贷资产管理及风险管理领域的一体化IT解决方案
300541,先进数通,国内少数几家同时为四大行提供IT基础设施建设及运维服务的服务
2657,中科金财,公司一流的银行IT解决方案供应商，为金融机构、政府与公用事业
301208,中亦科技,信创服务领军，专注数据库、操作系统、存储等IT基础架构   
300542,新晨科技,以金融行业为核心，覆盖军航空管的专业信息化解决方案与服务供应
948,南天信息,国资控股及云南省唯一主板上市IT企业，保持银行IT业务领先。
300925,法本信息,聚焦自主安全可控技术，持续为客户提供先进的IT服务和解决方案
300368,ST汇金,打造“金融机具—金融科技—金融服务”全产业链的业务格局   
603927,中科软,背靠中科院拥有丰富的产业和技术资源，通过长期深耕保险IT领域
2152,广电运通,大湾区数字金融和AI+应用双线开花的领军企业        
603106,恒银科技,国内领先的以金融智能终端为核心的智慧银行解决方案提供商。  
600776,东方通信,集通信和金融电子网络于一体的行业应用整体解决方案提供商   
2177,御银股份,广东省ATM设备行业领先企业                
300448,浩云科技,安防业务业内资质较齐全的企业之一              
300205,ST天喻,深耕数据安全，以卡为盾终端为矛。公司以智能卡业务起家，业务包
997,新大陆,数字货币基建龙头                      
300130,新国都,基于金融POS机的入口优势，拓展电子支付业务        
300531,优博讯,移动智能行业应用解决方案开发的先驱和市场领先者       
300941,创识科技,电子支付IT方案商，为商户及银行提供电子支付涉及的软硬件产品
2104,恒宝股份,国内入围银行智能卡及数据安全解决方案等服务提供商最全的企业。
2017,东信和平,实控人中国电科，提供数字信息安全产品及系统解决方案，包括智能
3040,楚天龙,智能卡行业领军者，深度布局数字人民币产品未来可期      
300096,ST易联众,在民生行业信息化领域拥有国内领先的技术和研究成果      
2908,德生科技,社保民生综合运营服务商。公司联合国内领先的运营商和大厂，实现
300248,新开普,智慧校园、智慧政企软件产品综合服务商            
301116,益客食品,中国大型禽类食品龙头企业，主营业务范围主要覆盖肉禽行业产业链
529,广弘控股,肉类食品供应为主和教育出版物发行为辅的优质企业       
2458,益生股份,白羽种鸡龙头，“种鸡+种猪”双轮驱动战略          
2234,民和股份,白羽肉鸡苗龙头企业，并进一步发展熟食深加工业务，向下游延伸产
603477,巨星农牧,川渝地区种猪龙头企业，出栏结构+育肥成本双优，规模逆势加速扩
603668,天马科技,特种水产饲料行业领头羊，打通鳗鱼产业链。切入畜禽料领域。  
2299,圣农发展,进击中的白羽肉鸡龙头                    
876,新希望,公司是目前农牧行业中产业链最齐全的上市公司，业务涵盖饲料、生
603609,禾丰股份,低估值高增速的饲料-养殖-食品全产业链龙头         
2746,仙坛股份,从事肉鸡全产业链业务的农业产业化国家重点龙头企业      
300498,温氏股份,农业产业化重点龙头企业，生猪出栏量800万头，新一轮猪周期开
300761,立华股份,国内黄羽鸡龙头企业，深耕黄羽鸡一体化养殖25年。      
2982,湘佳股份,国家级农业产业化重点龙头企业                
300967,晓鸣股份,高效能蛋鸡制种龙头，规模加速扩张未来可期          
300841,康华生物,人二倍体细胞狂犬病疫苗产能释放、渗透率进一步提升；宠物疫苗逐
2868,绿康生化,动物饲料添加剂领域杆菌肽细分龙头，全球少数亚甲基水杨酸杆菌肽
688098,申联生物,全球首创了口蹄疫合成肽疫苗，非口蹄疫疫苗产品陆续上市，产品矩
603718,海利生物,公司主营业务是动物生物制品的研产销，控股子公司杨凌金海是国内
300871,回盛生物,专注兽药二十载，兽用化药占比超八成。            
2099,海翔药业,覆盖医药中间体、原料药及染料业务产业链，拳头产品培南类药物和
600195,中牧股份,具备央企背景的兽药行业龙头，国内设立生产基地20个，涵盖80
300119,瑞普生物,兽用生物制品、制剂、原料药行业领先者            
600201,生物股份,1995年开始从事口蹄疫疫苗的生产，三十年发展产品扩展至猪、
2688,金河生物,全球规模最大的饲用金霉素生产厂商之一            
603566,普莱柯,兽用生物制品和化学药品研发、生产与销售的高新技术企业    
2100,天康生物,主营饲料和兽药，是新疆地区饲料生产规模最大的企业      
688526,科前生物,非强制免疫兽用生物制品龙头。2017~2020年连续在非强免
600097,开创国际,拥有二支中国最大的大洋性捕捞船队              
798,中水渔业,我国金枪鱼捕捞业务的龙头企业，金枪鱼延绳钓船队规模位居国内前
600467,好当家,全国最大的海参养殖企业                   
300094,国联水产,剥离养殖业务，聚焦预制菜等食材加工业务，发力渠道和产能建设，
2696,百洋股份,以饲料及饲料原料业务及水产品加工业务为业务双核心，延伸拓宽产
2069,獐子岛,拥有全国最大的清洁海域，产品以高档海珍品为主        
600257,大湖股份,全国第一家“水面资本化”模式的上市公司，以生态淡水产品放养为
300268,ST佳沃,主要从事三文鱼等中高档海产品的贸易、加工及销售，是A股三文鱼
2714,牧原股份,猪企龙头，成本卓越，踏浪前行！               
1201,东瑞股份,内地供港活大猪前三大供应商之一、粤港澳大湾区“菜篮子”生产基
2124,ST天邦,全猪产业链布局，养殖-宰杀-生鲜肉售卖，肉制品加工。    
600975,新五丰,国内供港澳最大活畜出口商，农业产业化国家重点龙头企业    
2157,正邦科技,构建了“饲料→兽药→种猪繁育→商品猪养殖”一体化农牧产业链 
605296,神农集团,农业产业化国家重点龙头企业                 
735,罗牛山,根植海南的畜牧业龙头企业，同时涉足房地产、教育、冷链物流  
2548,金新农,经营规模、销售额、市场占有率位居中国猪饲料生产企业前列   
48,京基智农,涉及交通运输、自来水供应，房地产开发、物业管理，养殖等行业 
2840,华统股份,浙江省生猪一体化龙头，公司屠宰量常年位居省内前二。     
603717,天域生物,主营园林业务                        
2321,华英农业,从事鸭子全产业链业务的畜牧龙头企业             
2311,海大集团,水产饲料龙头，逐步成长为以饲料为核心的全产业链农牧集团   
600438,通威股份,硅料龙头企业，在规模和成本上具备领先优势。         
1313,粤海饲料,水产饲料企业                        
2567,唐人神,公司是全产业链生猪产业一体化企业，始终围绕“生物饲料、健康养
2385,大北农,现代农业高科技企业，转基因种子储备全行业第一。       
600299,安迪苏,研发、生产和销售动物营养添加剂的全球行业领军企业      
300381,溢多利,我国第一家饲用酶制剂生产企业，国内最大的饲用酶制剂生产商  
301156,美农生物,专业从事饲料添加剂和酶解蛋白饲料原料的企业，动物营养解决方案
603363,*ST傲农,公司实行“饲料+养猪”双主业发展战略，力求提升生猪产业链价值
603151,邦基科技,受益饲料行业回暖叠加产能扩张，成长性显著          
525,ST红太阳,以农药、三药及三药中间体业务为主体的企业          
553,安道麦A,主营农药、化工品，是全球“非专利作物保护”产品的领军企业  
2004,华邦健康,国内皮肤病用药及抗结核药物领域龙头企业           
2215,诺普信,优秀的农药制剂商，领先的农业服务商             
301035,润丰股份,"业务覆70多个国家，致力于为全球客户提供作物保护产品和服务,"
600141,兴发集团,国内磷化工行业优质龙头，打造循环经济产业链优势。      
600596,新安股份,我国最大的草甘膦生产企业，我国有机硅产品的两大龙头企业之一 
600389,江山股份,酰胺类除草剂龙头                      
603599,广信股份,依托光气资源，布局了多菌灵、甲基硫菌灵、敌草隆三大农药产品，
603077,和邦生物,从事化工制造及盐矿、磷矿的开发，产品有纯碱、氯化铵、草甘膦 
600486,扬农化工,全球拟除虫菊酯原药核心供应商，国内综合性的农药龙头     
2258,利尔化学,国内氯代吡啶类除草剂系列农药龙头企业            
2734,利民股份,农兽药现代化企业，拥有国内最大的代森锰锌、霜脲氰、三乙膦酸铝
2496,辉丰股份,全球最大的咪鲜胺原药生产企业之一              
300804,广康生化,国内三氯甲基硫类杀菌剂和拟除虫菊酯类杀虫剂主要生产商之一  
1231,农心科技,主营农药制剂                        
2749,国光股份,国家农药定点生产企业                    
2513,蓝丰生化,国内最大的甲基硫菌灵生产企业之一，国内环嗪酮的攻关单位   
603585,苏利股份,国内主要的杀菌剂农药生产企业                
605033,美邦股份,深耕于农药制剂行业，已建立起行业领先的技术优势       
691,亚太实业,公司主要从事医药中间体、农药中间体的研产销。主要收入来源于控
2078,太阳纸业,龙头成长穿越周期，产业布局巩固优势             
488,ST晨鸣,中国造纸龙头企业，世界纸业10强              
600567,山鹰国际,造纸包装龙头，产业链一体化优势明显             
600966,博汇纸业,白卡纸头部企业，现有白卡纸产能约210万吨，位居行业第二。 
600793,宜宾纸业,全球首家研发出竹浆本色食品原纸的企业            
600963,岳阳林纸,国内林浆纸一体化龙头企业，形成“浆纸+生态”双核发展，林业碳
600103,青山纸业,是全国纸袋纸、牛皮箱板纸、高强瓦楞纸重点生产企业      
2067,景兴纸业,全国最大的专业生产牛皮箱板纸生产企业之一          
603863,松炀资源,环保再生纸的研发、 生产及销售为一体的国家高新技术企业   
603165,荣晟环保,再生纸龙头，初尝试分布式光伏业务              
603733,仙鹤股份,国内门类最全、品种最多、规模最大的特种纸企业之一。     
815,美利云,实际控制人为央企中国诚通，传统的造纸企业，数据中心业务主要为
605500,森林包装,连续获得中国包装印刷企业百强                
600308,华泰股份,国内最大、市场占有率最高的新闻纸生产企业          
2511,中顺洁柔,国内生活用纸行业第一梯队成员                
301108,洁雅股份,国内领先湿巾制造商，客源优质成长性强。           
605007,五洲特纸,食品包装纸优势巨大，纸浆布局强化成本控制          
601,韶能股份,清洁能源优质企业，水电和生物质发电同步发展，生态纸餐具业务空
600135,乐凯胶片,公司为医用材料、影像材料和新能源材料系统服务商，品牌在国内外
2521,齐峰新材,我国装饰原纸行业少数掌握高档装饰原纸生产技术的龙头企业   
605377,华旺科技,中国较早从事于生产和销售装饰原纸的企业，成功跻身于全球装饰原
600433,冠豪高新,国资背景，央企成为实际控股人，深耕涂布领域，以特种纸为核心的
2235,安妮股份,版权综合服务（从版权内容诞生到版权内容变现）+商务信息用纸业
600356,恒丰纸业,中国最大的卷烟配套用纸生产基地               
600235,民丰特纸,主导产品卷烟纸、描图纸、电容器纸市场占有率均保持全国第一  
1223,欧克科技,智能成套纸业设备找供应商，全自动口罩设备先行者。      
600172,黄河旋风,国内最大的金刚石生产基地之一                
519,中兵红箭,公司超硬材料产销量连续多年居世界第一，“红宇”牌爆破器材运输
301071,力量钻石,公司产品主要包括金刚石单晶、金刚石微粉和培育钻石三大类，其中
300179,四方达,复合超硬材料龙头，受益于油服行业回暖，超硬刀具汽车应用提升，
2046,国机精工,国内航天特种轴承行业龙头企业                
603389,亚振家居,唯一连续五届与世博会合作的长期家具供应商，中国驰名商标   
300316,晶盛机电,光伏长晶龙头。半导体长晶领域取得突破，新业务不断拓展，半导体
300945,曼卡龙,浙江省内较为强势的珠宝品牌                 
688028,沃尔德,全球高端超硬刀具市场，广泛应用于消费电子、汽车制造等领域  
301131,聚赛龙,国内改性塑料领域的领先企业，建立了较为全面的产品线     
2629,仁智股份,西南地区市场占有率较高的油田环保技术服务提供商       
2886,沃特股份,以改性塑料业务起家，逐步完善特种高分子材料布局，LCP、PP
300644,南京聚隆,国际一流的新材料公司，主要从事高分子新材料及其复合材料的研发
600143,金发科技,改性塑料主业回暖拓展上游，新材料布局厚积薄发        
688219,会通股份,国内规模最大、客户覆盖最广的高分子改性材料企业之一     
2768,国恩股份,新材料一体化平台规模显现，多领域快速成长未来可期      
2324,普利特,深耕汽车新材料业务，收购海四达切入锂电业务，开启“新材料+新
2838,道恩股份,国内热塑性弹性体的龙头企业                 
300221,银禧科技,国内优秀的高分子类新材料改性塑料供应商           
688669,聚石化学,国内具备差异化竞争优势的高性能塑料及树脂制造商之一     
2395,双象股份,首家实现规模化量产高端光学级PMMA材料的内资企业。主要业务
2408,齐翔腾达,国内规模最大的甲乙酮生产企业                
300214,日科化学,国内最大的ACR抗冲加工改性剂生产商            
1378,德冠新材,功能性BOPP薄膜销量国内占比接近10%          
2263,大东南,国内较早从事薄膜及新材料研发、生产、销售的企业，公司BOPE
601117,中国化学,聚焦新业态新市场，打造新能源材料技术供应商，以光伏、风电、动
688386,泛亚微透,国内少数几家掌握ePTFE膜核心技术的高科技企业。     
605399,晨光新材,硅细分领域领跑者，功能性硅烷平台初显成效。         
605366,宏柏新材,全产业链硅烷偶联剂“小巨人”                
2088,鲁阳节能,陶瓷纤维龙头企业，奇耐要约收购深度赋能，前景可期      
301373,凌玮科技,国内涂层用二氧化硅综合实力及供应量排名行业第一。消光用二氧化
301389,隆扬电子,深耕电磁屏蔽及绝缘领域 20 余年，约 70%收入来自于大客
301419,阿莱德,高分子材料通信设备零部件供应商，是爱立信、诺基亚的核心供应商
300410,正业科技,工业检测+新能源双轮驱动，布局光伏业务开启发展新篇章。   
301086,鸿富瀚,公司已经成为下游组件生产商及EMS厂商中龙头企业的核心供应商
638,万方发展,公司业务主要包括军工产业、农业产业以及生物制品等业务。   
2201,正威新材,国内最大的纺织型玻纤制品生产商               
600176,中国巨石,中国巨石是世界级玻璃纤维行业龙头，总产能超260万吨，规模位
605006,山东玻纤,深耕玻纤行业多年，主要产品包括无碱纱、C-CR特种纱、玻纤制
300196,长海股份,短切毡、湿法薄毡细分行业的龙头               
603256,宏和科技,全球少数掌握高端电子布全套生产工艺的厂商之一        
420,吉林化纤,粘胶长丝主业地位稳固，碳纤维领域扬帆起航          
688295,中复神鹰,国内T700、T800级小丝束碳纤维龙头，募资项目发力航空航
300699,光威复材,公司作为国内航空航天碳纤维市场核心供应商之一，装备现代化建设
300777,中简科技,始终坚持高性能碳纤维的研发、生产，先后开发成功ZT7等多系列
2006,精工科技,国内碳纤维设备优质企业，受益于设备国产化浪潮，订单有望超预期
601137,博威合金,高性能、高精度有色合金材料的研发、生产和销售领域领先企业  
603045,福达合金,精密冷锻件的研发、生产和销售，技术处于国内领先水平     
688102,斯瑞新材,先进铜材新星（提供高强高导铜合金材料、中高压电接触材料等），
633,合金投资,主要从事园林机械和铜镍合金材料等的生产销售的公司      
600673,东阳光,“铝箔产业链、医药制造”双主业发展             
603115,海星股份,成功研发FT超高比容低压电极箔、HD强耐水性高压电极箔、HG
600888,新疆众和,全球最大的高纯铝研发和生产企业之一             
2806,华锋股份,新能源汽车电控及驱动系统解决方案供应商。国内能自主生产低压腐
2484,江海股份,全球少数同时布局铝电解电容、超级电容和薄膜电容三大电容器的厂
600549,厦门钨业,形成了钨钼、稀土和新能源材料三大业务平台。         
657,中钨高新,具备完整钨产业链，硬质合金刀具龙头，高端刀具之进口替代，钨丝
2842,翔鹭钨业,专注于钨制品，钨产业链全布局，光伏钨丝新看点        
603663,三祥新材,电熔氧化锆产能位居行业前列，着力发展高附加值锆系制品。联手宁
2167,东方锆业,专业从事锆系列制品研发、生产和销售的国家火炬计划重点高新技术
300811,铂科新材,全球领先的金属粉芯生产商和服务提供商            
600114,东睦股份,国内最大的粉末冶金机械零件制造企业之一           
688190,云路股份,已形成非晶合金、纳米晶合金、磁性粉末三大业务，致力于成为先进
300835,龙磁科技,永磁铁氧体迅速成长，产能技术世界领先，产能释放在即，业绩预期
688786,悦安新材,深耕超细金属粉体行业，羰基铁粉产能位居行业前列。      
300709,精研科技,公司可穿戴设备用MIM产品终端客户涵盖了JAWBONE，华为
688210,统联精密,公司MIM（金属粉末注射成形）技术、客户优势突出，已成为富士
603327,福蓉科技,四川省消费电子产品铝制结构件材料的研发、生产及销售优质企业 
300930,屹通新材,为国内雾化铁粉龙头，业务技术+成本+客户优势显著，软磁和清洁
2460,赣锋锂业,产业链垂直整合，锂龙头强者恒强               
2466,天齐锂业,锂行业中产量和销售规模最大的企业之一            
2738,中矿资源,全球铯铷龙头晋级锂业“黑马                 
300390,天华新能,与宁德时代深入合作，战略布局锂电材料业务          
2497,雅化集团,民爆行业领军者，21年产销量国内第一，市占率20%。    
2192,融捷股份,国内在产产能最大的锂矿企业，拥有国内少有的高品质锂矿资源甲基
155,川能动力,四川能投唯一上市平台，新能源发电和锂电双轮驱动。      
2240,盛新锂能,加码资源+冶炼布局，锂业新贵认知兑现            
603399,永杉锂业,国内大型钼业企业，主营钼炉料、钼化工、钼金属等钼系列产品  
2176,江特电机,锂矿锂盐双增长，企业发展入新阶段。             
2756,永兴材料,中国不锈钢长材龙头企业                   
2667,威领股份,“工程机械制造业务+锂资源业务”并行。锂资源业务以锂云母选矿
2074,国轩高科,铁锂电池先驱者，储能加速放量                
762,西藏矿业,具备独有的资源优势，手握扎布耶盐湖的独家开采权和罗布莎铬铁矿
408,藏格矿业,以青海省察尔汗盐湖为依托，氯化钾、碳酸锂双赛道并行     
792,盐湖股份,钾锂龙头，世界级盐湖产业基地                
600773,西藏城投,实控人上海市静安区国资委，主营房地产业务。独特资源禀赋和技术
600338,西藏珠峰,塔国铅锌巨头，冉冉升起的盐湖新星              
600499,科达制造,通过子公司间接控制蓝科锂业，蓝科锂业是卤水提锂领域的领军企业
300631,久吾高科,膜集成技术整体解决方案的龙头供应商，国内首创将膜分离技术引入
603993,洛阳钼业,全球铜钴龙头企业，未来2年公司TFM混合矿项目和KFM铜钴矿
603799,华友钴业,已实现镍、钴、锂上游资源布局，成为从资源到材料全产业链的一体
301219,腾远钴业,经过数十年的技术磨炼和沉淀，成为钴盐细分行业的龙头。技术领先
600711,ST盛屯,主营业务为有色金属矿山采掘、矿产品贸易、金属金融服务等   
300618,寒锐钴业,国内少数拥有有色金属钴完整产业链的企业之一。        
601390,中国中铁,全球最大交建基建承包商。                  
301358,湖南裕能,国内主要的锂子电池正极材料供应商，磷酸铁锂出货量排名国内市场
688275,万润新能,"铁锂正极材料三年出货行业前列,迅速放量打开成长空间     "
300477,ST合纵,优秀的配电领域综合服务商，锂电池材料领导厂商        
2709,天赐材料,全球电解液龙头，六氟磷酸锂市占率全球前二          
2601,龙佰集团,我国最大钛白粉生产企业，拥有钛产业的完整产业链，成本平均领先
2136,安纳达,国内较早的钛白粉生产企业之一                
300769,德方纳米,磷酸铁锂龙头，前瞻性布局新产品（新型磷酸盐系正极-磷酸锰铁锂
603906,龙蟠科技,车用环保精细化学品领域市场份额领先，打造了多层次的品牌结构 
300432,富临精工,国内具有较高影响力的主要汽车发动机精密零部件供应商之一   
300919,中伟股份,三元前驱体行业的细分龙头，专业的锂电池新能源材料综合服务商，
2340,格林美,三元前驱体全球第二大龙头，2021年占全球产量的12%。  
688148,芳源股份,国内NCA前驱体龙头，经营拐点显现             
688005,容百科技,高镍三元材料龙头                      
300073,当升科技,全球锂电正极材料的龙头企业。产品技术超群，客户资源优质，竞争
688779,五矿新能,公司三元正极材料产品为下游市场广泛认可，具有业内领先的市场地
688778,厦钨新能,全球钴酸锂龙头，动力储能正极蓄势勃发            
301152,天力锂能,小动力锂电池材料龙头，产品主要用于电动自行车、电动工具领域 
688707,振华新材,三元正极龙头，国内领先的锂电正极供应商，国内单晶市占率26%
600884,杉杉股份,主营锂电池材料、新能源汽车的大型企业            
301487,盟固利,钴酸锂产品国内市占率前四                  
300340,科恒股份,锂电设备和材料双轮驱动，公司主营为锂离子电池正极材料、锂离子
300647,超频三,集散热器研发、生产、销售于一体，业内领先的国家级高新技术企业
2125,湘潭电化,国内最大电解二氧化锰生产商                 
600367,红星发展,碳酸钡和碳酸锶年产销量30多万吨              
2057,中钢天源,国内前列的永磁器件生产商、大基建权威检测机构，拥有约8万平方
600731,湖南海利,六十多年化工开发积累，农药产品研究领域国内领先地位     
600232,金鹰股份,公司是我国纺织行业龙头企业                 
301212,联盛化学,国内仅有的两家ABL(α-乙酰基-γ-丁内酯)产量达到年产5
600160,巨化股份,国内制冷剂龙头企业，产能和产量均处于行业领先地位。     
300343,ST联创,聚氨酯新材料技术具有领先优势，锂电池级PVDF向宁德时代供货
600378,昊华科技,从技术供应商到研产销一体综合供应商。产品涵盖高端氟材料、电子
603659,璞泰来,负极材料龙头，出货量保持行业前三。             
300905,宝丽迪,公司纤维母粒产量均在国内位于领军水平            
600874,创业环保,深耕京津冀地区的污水处理公司                
300890,翔丰华,国内先进的锂电负极材料专业供应商              
300035,中科电气,负极材料行业快速成长，出货量不断提升，业绩拐点即将到来   
1301,尚太科技,人造石墨负极材料领域的主要厂商，是国内动力电池龙头宁德时代负
300077,国民技术,国内最大的可信计算芯片厂商，国内商业市场占有率已超过85% 
301349,信德新材,负极包覆材料龙头，高端产品壁垒深厚。同时，公司致力于打造成打
601011,宝泰隆,拓展石墨烯、石墨烯海绵、磷酸铁锂、锂电材料、页岩气等产业项目
2407,多氟多,六氟磷酸锂全球龙头，产销和出口行业领先，成本+技术护城河，扩
2759,天际股份,子公司主要生产经营的产品为六氟磷酸锂            
2326,永太科技,氟苯精细化学品行业龙头，六氟磷酸锂生产企业         
688353,华盛锂电,电解液添加剂龙头企业，是碳酸亚乙烯酯（VC）和氟代碳酸乙烯酯
300037,新宙邦,电解液盈利寻底，氟化工亮眼可期               
300497,富祥药业,以原料药为依托积极布局 CDMO 和新材料，开启成长新征程 
688602,康鹏科技,含氟单晶约占50%的全球市场份额；规模最大的专业LiFSI厂
301069,凯盛新材,全球最大的氯化亚砜生产企业。                
301292,海科新源,锂电池电解液溶剂产品全球市占率第一             
603026,石大胜华,溶剂龙头加码锂电材料，打造新能源产品矩阵          
301238,瑞泰新材,锂离子电解液龙头供应商                   
2812,恩捷股份,湿法隔膜龙头积极扩产 多重优势巩固行业地位         
300568,星源材质,全球隔膜龙头公司，2021 年国内、全球市占分别达 14%、
2108,沧州明珠,国内PE管道产品和BOPA薄膜产品的领军企业。       
603876,鼎胜新材,铝箔市占率A股第一，产能国内第一，行业高景气，发力电池铝箔 
2532,天山铝业,电解铝龙头，电解铝产能全国单体第二。            
300057,万顺新材,国内纸包装材料、铝箔和功能性薄膜行业的领先企业       
933,神火股份,煤铝贡献长期业绩，铝加工转型成长可期            
2379,宏创控股,大型综合性铝加工企业，在包装用铝箔和药用铝箔领域处于行业领先
603527,众源新材,聚焦铜带箔业务，“质”“量”齐升，由材料延至均热板部件领域。
807,云铝股份,实际控制人为国务院国资委，铝冶炼及铝加工为公司主业，电铝龙头
2160,常铝股份,以现有铝加工业务为基础，在新能源方向开辟三大业务领域，刀片电
600219,南山铝业,一家电力/氧化铝-电解铝-铝加工全产业链布局的龙头企业。  
301511,德福科技,锂电铜箔市占率国内前二                   
688388,嘉元科技,高性能锂电铜箔龙头，是国内少数具备4.5μm铜箔量产能力的公
600110,诺德股份,国内最早从事铜箔业务的企业之一，铜箔领域上市公司中的龙头企业
301150,中一科技,国内锂电铜箔领先企业，技术先进产能释放           
301217,铜冠铜箔,PCB 铜箔、锂电铜箔双轮驱动，积极发力高端 PCB 铜箔 
2846,英联股份,A股首家易开盖企业，公司已入选国家级专精特新“小巨人”企业。
2426,胜利精密,主营业务为消费电子产品以及汽车零部件。           
2850,科达利,锂电池精密结构件的行业龙头，受益于海外市场扩大，4680系电
300953,震裕科技,全球领先的精密模具综合解决方案供应商            
301210,金杨股份,行业内少有的可做到长期质量稳定性的电池精密结构件及材料供应商
603312,西典新能,电池连接系统及电控母排国内市占率居前            
301587,中瑞股份,圆柱型锂电池盖帽产品国内市占率居前             
688155,先惠技术,汽车业高端智能装备制造商                  
603995,甬金股份,为国内精密不锈钢冷轧板龙头和唯一上市公司          
300450,先导智能,锂电设备领域市占率第一，自主研发了全新技术GW级TOPCon
300457,赢合科技,领先的锂电池专用生产设备制造商               
300619,金银河,公司的锂电设备产品目前主要应用于锂电池生产最前端的电极（极片
688573,信宇人,国家级专精特新“小巨人”，在锂电干燥设备领域有一定市占率  
2076,*ST星光,中国重要的电光源研发生产基地之一，专业研发生产多种功能灯  
300648,星云股份,一家以锂电池检测系统为核心的智能制造解决方案供应商。    
688006,杭可科技,锂离子电池生产线后处理系统设计、研发、生产与销售高新技术企业
688638,誉辰智能,在国内锂电包膜设备领域市占率第一              
688518,联赢激光,激光焊接设备龙头，高研发巩固领先优势。           
688392,骄成超声,是专业提供超声波设备以及自动化解决方案的供应商，并提供新能源
603032,德新科技,国内领先的锂电池裁切模具供应商，产品技术指标和模具寿命领先行
603282,亚光股份,药用过滤洗涤干燥机及药用铝盖/胶塞清洗机国内排名居前    
300173,福能东方,在自动化设备领域的项目经验丰富               
688499,利元亨,从消费锂电向动力锂电市场延展，锂电设备向全链条覆盖延伸，从消
688646,ST逸飞,圆柱全极耳锂电池激光焊接设备及其全自动组装生产线国内市占率第
2594,比亚迪,比亚迪国内新能源汽车龙头地位稳固，2022年一季度市占率约2
300750,宁德时代,宁德时代连续五年占比全球动力电池装机量第一站稳行业的龙头地位
301157,华塑科技,专注于电池安全管理系统领域，国内关键后备电源领域电池安全管理
300014,亿纬锂能,平台型锂电龙头公司，多业务齐头并进             
300438,鹏辉能源,深耕电池生产二十年，切入动力电池及储能领域，前瞻布局钠离子电
688063,派能科技,全球家用储能电池系统领先供应商；产品主销欧洲；海外营收占比超
300530,领湃科技,国内领先的新型环保表面工程化学品研发和生产企业之一     
600620,天宸股份,上海市资深的出租车运营、物业租赁和物业管理企业       
2524,光正眼科,专业的眼科连锁医疗企业，主要从事眼科医院的投资、管理业务。 
790,华神科技,核心中药产品三七通舒胶囊是国家原二类中药新药        
2323,雅博股份,金属屋面围护系统首家A股上市公司              
300517,海波重科,国内较早进入桥梁钢结构工程专业领域的企业之一        
300823,建科智能,专注于中高端数控钢筋加工装备的研产销，国家火炬计划重点高新技
2593,日上集团,拥有国际一流的工厂和钢构加工设备              
300374,中铁装配,中国中铁旗下唯一的高科技创新型装配式建筑业务平台，能提供“装
2541,鸿路钢构,多重因素导致钢结构行业遭受冲击，多维度强化维持龙头地位，逆势
600496,精工钢构,钢结构工程一体化龙头企业，技术底蕴雄厚，有鸟巢、卡塔尔卢赛尔
600477,杭萧钢构,国家住宅产业化基地和首批装配式建筑产业基地         
2135,东南网架,由单一的钢结构建筑企业向装配式集成建筑服务商转型升级    
2743,富煌钢构,全国建筑钢结构制作、安装定点企业，安徽省钢结构协会会长单位 
600421,华嵘控股,从事房屋建筑PC构件所需配套设施的研产销          
600170,上海建工,具有一系列行业高等级资质的建筑业龙头企业          
600491,龙元建设,以设计、总承包、钢结构、幕墙及建筑产业化为主体的建筑龙头企业
2789,建艺集团,国内装饰综合服务商，同时开展公装和住宅精装业务。      
601789,宁波建工,从事房屋建筑工程的大型综合建设集团             
600939,重庆建工,西部唯一拥有房屋建筑、公路工程施工总承包双特级资质的集团  
600248,陕建股份,目前国内石油化工建设领域为数不多的上市公司之一       
600769,祥龙电业,国内最大的商品氯化苯生产基地                
628,高新发展,主营业务为建筑业，并兼营期货业务、厨柜制造及旅游酒店业务  
29,深深房A,深圳市房地产开发企业的先行者，荣获深圳市房地产开发企业“社会
601668,中国建筑,国内基建行业优质企业，各项经营持续稳健，订单充裕，业绩兑现能
600846,同济科技,具有同济品牌优势的工程咨询服务、环境工程服务与投资建设   
2061,浙江交科,主要承担浙江省内交通工程施工业务              
300621,维业股份,主营建筑装饰工程的设计与施工，国建筑装饰行业百强      
2551,尚荣医疗,中国医院建设及医疗专业工程行业的领先者，是国内最早将洁净技术
300384,三联虹普,国内最主要的合成纤维工程技术服务提供商之一         
603860,中公高科,公路养护科学决策成套技术与服务提供商，国内唯一可以为公路养护
301058,中粮科工,粮油+冷链领域的综合性工程服务商，专业铸造价值，粮食安全的保
603637,镇海股份,石油化工工程的建设和技术服务，多次获得国家级工程类奖项   
2683,广东宏大,中国第一家矿山民爆一体化服务上市公司。公司以民爆业务起家，现
797,中国武夷,福建省最早“走出去”的外经龙头，也是集国际工程承包、房地产开
2140,东华科技,化工工程建设领域龙头                    
2469,三维化学,服务石化、化工、油品储运和煤化工行业的国家高新技术企业   
820,神雾节能,冶金行业甲级设计资质，钢铁、有色金属、机械工程甲级咨询资质 
603979,金诚信,矿山开发服务行业的综合性龙头企业，以矿山工程建设和采矿运营管
605598,上海港湾,公司为全球客户提供集勘察、设计、施工、监测于一体的岩土工程综
2542,中化岩土,"工程服务和通用航空两个主要业务板块,积极布局文化旅游业务  "
603163,圣晖集成,洁净室行业技术领先龙头，专注IC半导体高端领域       
301043,绿岛风,较早进入通风领域行业，拥有较强的自主研发设计和生产能力   
2178,延华智能,主营智慧城市、智慧医疗，拥有智慧医院信息、智慧区域和智慧康养
603929,亚翔集成,一站式洁净室系统集成工程服务的专业提供商。专注于IC半导体、
601226,华电科工,工程整体解决方案供应商，火风光氢协同发展。         
928,中钢国际,冶金工程龙头企业。公司控股股东中钢集团整体划入中国宝武，中国
603959,ST百利,锂电业务快速发展，拥有锂电智能产线设计与产供销一体化的全流程
300712,永福股份,拥有工程设计、工程勘察专业甲级资质，是电力设计最高资质等级 
2051,中工国际,主要从事国外工程总承包（EPC）业务            
151,中成股份,中成集团旗下境内唯一上市平台，公司正向环保领域转型发展。  
3001,中岩大地,全国注册土木工程师（岩土）继续教育必修教材的主编单位    
65,北方国际,专注于国际市场的国际工程承包商               
2116,中国海诚,保利集团旗下上市公司，也是我国第一家专业工程设计服务业上市公
601618,中国中冶,全球顶级冶金工程承包商、运营商，国内基建主力军。      
600970,中材国际,全球最大的水泥技术装备工程系统集成服务商。         
32,深桑达A,中国电子旗下的重要二级企业，面向党政和关键行业客户，提供数字
601068,中铝国际,中国有色金属行业领先的技术、工程服务与设备商，能为整个有色金
600667,太极实业,主营业务包括半导体业务、工程技术服务和光伏电站投资运营   
300986,志特新材,华南区域铝模板租赁龙头企业，是建筑铝模系统综合服务商。目前市
603176,汇通集团,公司是公路工程施工总承包特级资质企业之一          
601899,紫金矿业,黄金周期有望上行，加速布局锂资源。不惧扰动全面布局，资源龙头
600547,山东黄金,老牌黄金矿企                        
600489,中金黄金,公司的标准金占全国产量的20.1%             
600988,赤峰黄金,国内矿山生产成本优势突出，国外整合快速扩张，权益资源储量再上
600490,鹏欣资源,以铜、金、钴、铝等金属为主的领先的综合资源服务商      
2237,恒邦股份,主要从事黄金矿产采选、贵金属及伴生金属冶炼         
975,山金国际,聚焦黄金，业内新贵势不可挡                 
2155,湖南黄金,占据光伏上游矿产资源，锑金属赋予增长动能          
300139,晓程科技,致力于电力线载波芯片等系列集成电路产品的设计、开发和市场应用
601069,西部黄金,西部地区现代化黄金采选冶企业，产品以黄金、铬矿石、铁精粉为主
1337,四川黄金,国内主要的金矿采选企业之一，专注于金矿资源开发及综合利用，主
506,中润资源,公司主营为矿业投资与房地产开发。旗下斐济瓦图科拉金矿是斐济当
603,盛达资源,国内白银龙头企业，坚定“原生矿产资源+城市矿山资源”的发展战
601212,白银有色,具备铜、铅、锌、金、银多品种有色金属综合发展的独特优势   
600531,豫光金铅,我国大型电解铅、阴极铜、白银生产企业            
600362,江西铜业,国内重要的铜、金、银和硫化工生产企业            
878,云南铜业,以电解铜为主导产品的大型生产企业              
2716,湖南白银,郴州市国资委下属企业，国内白银行业龙头，主营白银，黄金和铅锌
426,兴业银锡,从事铅、锌、铜、铁、铋、钨等金属的采选及冶炼        
737,北方铜业,无机盐化工行业拥有最大的供应商               
630,铜陵有色,在阴极铜、硫酸及铜箔等产品领域有显著的竞争优势       
601168,西部矿业,从事铅锌铜铝金银等矿的采选及其合金品生产的大型矿业公司   
923,河钢资源,专注打造全球化资源类上市平台，铁矿主业稳步发展，铜二期将注入
60,中金岭南,完成了以铅、锌、铜、金等金属为主的全产业链布局       
603843,*ST正平,路桥工程的施工、养护、勘测设计、试验检测          
2171,楚江新材,先进铜基材料龙头与新材料隐形冠军              
601609,金田股份,铜加工与稀土永磁双轮驱动业绩增长，产品迈向高端化      
2203,海亮股份,国内铜加工业务巨匠                     
2295,精艺股份,主营业务为铜加工设备、精密铜管和铜管深加工产品领域     
601600,中国铝业,控制铝土矿资源2.13亿吨，氧化铝产能2086万吨/年，产能
612,焦作万方,主营电解铝产品，电解槽的能耗指标处于国内同行前列      
603612,索通发展,强α品种，预焙阳极行业龙头升级循环经济领军者        
601388,怡球资源,国内铝资源再生领域的龙头企业之一              
2428,云南锗业,国内锗产业链的龙头企业                   
600497,驰宏锌锗,中铝集团旗下唯一以铅锌为主业的上市平台           
301118,恒光股份,公司氯酸钠的产量多年来一直处于国内行业领先地位       
2114,罗平锌电,公司“久隆”牌电解锌获中国驰名商标             
301092,争光股份,深耕离子交换和吸附树脂行业多年，国内领先的规模化生产企业，获
2378,章源钨业,国内钨行业产业链最完整的少数厂商之一            
601958,金钼股份,国内钼行业的龙头企业，“自产+自营+贸易”多元化经营    
960,锡业股份,全球锡龙头公司，铟有望提供新业绩增量。           
600301,华锡有色,广西壮族自治区国资委旗下上市公司，主营贸易和监理业务。计划收
600101,明星电力,拥有的遂宁市船山区、安居区供电范围内，市场占有率为100% 
601020,华钰矿业,金锑新星 兼具成长和价格弹性                
751,锌业股份,公司在国内铅锌冶炼行业具有重要地位             
688,国城矿业,以锌、铅、铜为主要品种的有色金属采选企业          
603132,金徽股份,具有优质铅锌矿资源的绿色矿山企业              
600961,株冶集团,国内锌冶炼龙头，全球第九大锌冶炼生产企业          
600331,宏达股份,公司工业级磷酸一铵产量位居国内市场前列，产品质量处于同行业前
758,中色股份,在铅锌冶炼及稀土分离等方面技术水平处于国内领先地位     
629,钒钛股份,世界主要的钒制品供应商，中国主要的钛原料供应商。钒电池有望成
709,河钢股份,国内品种规格最全的棒材、冷热轧板材的深加工企业       
898,鞍钢股份,综合研发实力位居钢铁行业领先地位              
600010,包钢股份,钢铁生产总体装备水平达到国内外一流             
1203,大中矿业,铁矿石资源优势明显，深耕球团加工，提高高炉炼铁中球团矿的占比
601121,宝地矿业,新疆国资委旗下，主营铁精粉，业务主要集中在新疆地区     
600307,酒钢宏兴,西北地区设备装备、经济效益较好的钢铁企业          
601969,海南矿业,主营铁矿石的采选和销售，拥有我国著名的富铁矿区：石碌铁矿  
655,金岭矿业,铁矿石品位与开采条件均优于国内同类地下开采的铁矿矿山    
601061,中信金属,全球最大的铌产品供应商CBMM在中国的独家分销商，在国内铌产
603588,高能环境,环境修复、危废处置、垃圾焚烧三大领域作为核心领域，拓宽危废再
600116,三峡水利,三峡库区重要的电力负荷支撑点                
300208,*ST中程,从事电网节能、环保及电能质量优化解决方案的电力装备供应商  
600051,宁波联合,电力、热力生产和供应业务（覆盖宁波经济技术开发区联合区域）、
605376,博迁新材,公司是全球领先电气电容专用高端金属粉体制造商，中国MLCC用
600459,贵研铂业,我国贵金属新材料一体化龙头企业，背靠世界三大知名贵金属研究所
301026,浩通科技,重要的贵金属回收厂商之一，构建了“回收-新材料-贸易”的完整
600206,有研新材,公司是国内集成电路用超高纯金属靶材的龙头企业。       
688269,凯立新材,国内精细化工领域具有技术优势的贵金属催化剂生产以及催化应用技
2182,宝武镁业,高成长镁合金龙头，汽车轻量化最大受益者。          
600714,金瑞矿业,主营碳酸锶系列产品是国内能应用于液晶玻璃基板的主要锶盐产品 
600158,中体产业,国内最纯正的体育公司；体育总局控股的唯一一家主板上市公司  
2229,鸿博股份,体彩即开票印刷业务领域主要参与者，商业票据印刷领域行业龙头企
2117,东港股份,区块链为帆，东港再启航                   
2697,红旗连锁,主营业务为便利超市的连锁经营                
605099,共创草坪,人造草坪行业龙头，连续九年产销规模全球第一。        
2922,伊戈尔,组串式光伏逆变器深度绑定华为、阳光电源           
2899,英派斯,国内健身器材行业的领先企业                 
301287,康力源,外销为主的健身器材生产商                  
605299,舒华体育,健身制造领域领先品牌，二十年深耕已构筑起品类齐全的“健身器材
1300,三柏硕,全国最大的蹦床生产企业，外销为主              
605080,浙江自然,户外用品国外需求旺盛，国内快速增长，四大核心优势构筑竞争壁垒
300005,探路者,国内户外用品行业中的领军企业                
603908,牧高笛,户外露营装备龙头；重心从鞋服类产品转为户外露营相关产品；内销
2780,三夫户外,专业多品牌户外连锁，运营X-BIONIC品牌，拥有赛事活动营
1368,通达创智,主营育户外、家居生活等，外销为主              
300703,创源股份,已确立在时尚文教、休闲用品出口市场的领先地位        
300651,金陵体育,"公司""金陵""品牌已具有较大的市场影响力和品牌美誉度     "
603129,春风动力,主营四轮全地形车、大排量摩托车的国家级高新技术企业     
2105,信隆健康,全球最大自行车零配件生产商，自行车车把、立管、避震前叉等产品
2870,香山股份,内饰产品升级，智能座舱+充配件比翼齐飞           
300043,星辉娱乐,综合性网络游戏运营商+持有西班牙人足球俱乐部99.59%股份
600136,ST明诚,湖北省第一家荣膺“国家体育产业示范单位”称号的上市公司   
2858,力盛体育,中国全民健身、数字体育的领跑者，领先的汽车运动运营服务商。 
300113,顺网科技,核心产品“网维大师”，能够为网吧提供全面的系统管理解决方案，
558,天府文旅,成都文旅集团旗下的上市公司，是一家具备体育空间全产业链经营能
603099,长白山,"长白山管委会唯一的国有控股上市公司，垄断兼顾""绿水青山""和"""
300492,华图山鼎,拥有较为全面的建筑设计能力及客户服务能力          
2639,雪人股份,全球少数同时拥有活塞压缩机、螺杆压缩机、离心压缩机领先技术的
603081,大丰实业,国内智能舞台龙头                      
603505,金石资源,萤石资源龙头，成长空间广阔                 
605020,永和股份,已完成氟化工全产业链覆盖，未来将聚焦于拥有更高附加值的含氟高
2628,成都路桥,30年公路工程施工经验，四川省内少数资质涵盖范围最广的承包商
603379,三美股份,深耕氟化工领域，制冷剂领军企业，同时布局氟化工新材料业务  
2915,中欣氟材,氟精细化学品研发、生产、销售，国家火炬计划重点高新技术企业 
2145,中核钛白,国内著名的钛白粉生产企业                  
600727,鲁北化工,石膏制硫酸联产水泥技术国际领先水平             
603826,坤彩科技,珠光材料龙头企业，采用全球首套萃取法钛白粉工艺向上游延伸产业
545,金浦钛业,国内大型硫酸法钛白粉生产企业和行业骨干企业         
300891,惠云钛业,从事钛白粉产品的研产销                   
2978,安宁股份,主营铁矿石的开采、洗选、销售                
600328,中盐化工,拥有世界最大的金属钠生产基地，技术领先的纯碱生产企业    
600409,三友化工,公司是国内知名的纯碱粘胶双龙头企业。            
822,山东海化,国内目前最大的海洋化工产品生产和出口创汇基地        
683,远兴能源,国内最大的以天然碱法制纯碱和小苏打的生产企业，拥有纯碱产能1
600586,金晶科技,产业链布局筑发展基础，TCO玻璃迎成长机遇         
707,双环科技,水采矿区，储量规模大，原盐品位高，为纯碱生产提供优质资源  
600929,雪天盐业,我国盐行业龙头之一，主要产品为包含食盐、工业盐及畜牧盐等的各
603299,苏盐井神,江苏省内主要食用盐生产基地                 
2539,云图控股,中国复肥行业唯一全线产品供应企业              
2092,ST中泰,拥有氯碱化工、纺织工业与供应链贸易三大业务的新疆国资控股企业
600618,氯碱化工,综合实力列全国氯碱行业之首                 
600075,新疆天业,新疆兵团首家上市公司，树脂生产技术、节水滴灌技术优势明显  
601568,北元集团,中国化工企业500强，国务院国企改革“双百企业”      
601678,滨化股份,烧碱和环氧丙烷双轮驱动，烧碱产能A股第三，环氧丙烷产能A股第
600295,鄂尔多斯,通过了欧盟环保认定的硅铁生产企业，未来将成为世界级硅合金之都
2386,天原股份,公司已成为氯碱行业产品最为齐全的企业之一          
600935,华塑股份,公司是长三角地区大型氯碱化工企业              
818,航锦科技,主营氯碱化工和军工电子两大产业               
603213,镇洋发展,聚焦氯碱协同发展，拓展下游扬帆起航。            
2748,ST世龙,国内AC发泡剂和氯化亚砜的主要生产商，在国内具有较高的市场占
635,英力特,国家能源投资集团旗下，主营电石及其系列延伸产品，包括PVC、
698,沈阳化工,实控人国务院国资委，主要从事氯碱、石油、聚醚多元醇等化工产品
600230,沧州大化,首家规模生产 TDI 的公司，TDI 产业链完整      
510,新金路,“金路”牌PVC为大商所PVC期货指定交割品牌，公司拟收购天
600309,万华化学,聚氨酯龙头再迎新一轮成长，打造新材料平台型企业。      
601216,君正集团,内蒙古地区氯碱化工行业龙头，参股余额宝发行方天弘基金    
422,湖北宜化,公司的磷酸二铵、气头尿素的市场竞争力行业领先        
600188,兖矿能源,公司兖煤澳洲业务或将受益于紧平衡格局下带来的高煤价。煤炭供需
600623,华谊集团,主要产品甲醇、醋酸、全钢载重轮胎、丙烯酸及酯等具有规模优势 
912,泸天化,中国第一个采用西方技术以天然气为原料生产合成氨、尿素的企业 
2109,兴化股份,主要产品为以煤为原料制成的合成氨，甲醇，甲胺及DMF.未来进
600740,山西焦化,中国最大的冶金焦生产和出口企业之一             
600227,赤天化,在糖尿病药物细分市场领域有较强的市场竞争优势        
600722,金牛化工,我国最大的PVC树脂生产基地之一              
600165,*ST宁科,公司钢丝绳制造技术在国内处于领先水平            
300174,元力股份,国内产能最大的木质炭龙头。                 
600746,江苏索普,冰醋酸、ADC发泡剂、漂粉精、橡胶硫化促进剂生产规模位居行业
600346,恒力石化,国内最大、综合实力最强的PTA-聚酯新材料产业链一体化企业 
600426,华鲁恒升,中报业绩继续增长，新能源新材料持续推进           
600096,云天化,磷化工龙头产业链完备，左手化肥右手锂电           
902,新洋丰,磷复肥行业龙头                       
1217,华尔泰,公司主要从事化工产品的研产销，产品广泛应用于新能源、新材料、
603688,石英股份,国内石英制品行业的龙头企业                 
300395,菲利华,国内高端石英玻璃领先企业，航空航天半导体双驱动       
1212,中旗新材,中国最具规模的人造石英石面材制造企业与出口基地之一     
600552,凯盛科技,国家技术创新示范企业，研发出了国内唯一全国产化UTG生产工艺
603281,江瀚新材,国内规模最大的硅烷偶联剂研发和生产企业。公司硅烷偶联剂在国内
605086,龙高股份,国内日用陶瓷高岭土行业中资源储量、资源品位及采选加工规模领先
605183,确成股份,国内沉淀法二氧化硅及高分散二氧化硅双龙头企业，持续加码二氧化
1207,联科科技,轮胎助剂行业的区域龙头企业                 
301300,远翔新材,国内硅橡胶用二氧化硅龙头企业                
300108,*ST吉药,在妇科类、抗病毒类及风湿骨痛类在医疗和OTC终端产品线优势明
2442,龙星化工,公司的炭黑单线生产技术处于行业领先地位           
301059,金三江,牙膏用二氧化硅产能A股第一，还有食药妆用二氧化硅产品已经在食
2068,黑猫股份,炭黑行业的龙头企业，产能规模位于全国第一。         
603260,合盛硅业,合盛硅业当前拥有79万吨工业硅产能和93万吨有机硅单体产能，
300821,东岳硅材,我国有机硅行业中生产规模最大的企业之一           
300610,晨化股份,风电需求高增长，聚醚胺或进入黄金发展期。          
603722,阿科力,国内聚醚胺领域保持领先地位                 
603181,皇马科技,国内生产规模较大、品种较全、科技含量较高的特种表面活性剂龙头
600955,维远股份,国内酚酮产业链的龙头企业之一，拥有苯酚丙酮70万吨/年、双酚
830,鲁西化工,建设了产业链条一体化的智慧化工园区管理平台         
600810,神马股份,尼龙66一体化龙头，新项目助力再次腾飞           
2648,卫星化学,轻烃龙头高成长，加速布局各类新材料             
600800,渤海化学,城市一卡通公共交通智能终端和系统集成的行业领军者      
819,岳阳兴长,公司是中南地区最大的MTBE生产企业            
600500,中化国际,聚焦精细化工主业，绿色碳三项目2022年逐步投产。     
2493,荣盛石化,从事PTA、聚酯纤维相关产品的大型生成企业         
300721,怡达股份,国内醇醚及醇醚酯类有机化学产业龙头。            
2165,红宝丽,三大主业聚醚、异丙醇胺、PO，均是通过领先技术甚至国内唯一的
59,华锦股份,兵器集团下唯一的石化上市平台，在海外石油勘探、开采等产业链中
2986,宇新股份,华南地区最大的LPG深加工企业               
300834,星辉环材,华南地区聚苯乙烯生产规模第二大的公司            
2802,洪汇新材,氯乙烯-醋酸乙烯共聚树脂系列产品的研发、制造和销售领先企业 
600352,浙江龙盛,全球最大的纺织用化学品（染料、助剂、中间体等）生产服务商  
2440,闰土股份,染料产品占有率稳居国内染料市场份额第二位          
603980,吉华集团,全球三大染料生产基地之一                  
301036,双乐股份,国内酞菁系列及铬系颜料细分领域最具竞争实力的企业。     
300758,七彩化学,中国高性能有机着色剂领先厂商                
300798,锦鸡股份,我国活性染料产品系列和品种种类较全面的专业染料生产商。主营染
603188,亚邦股份,打造了原材料-中间体-商品的纵向完整的产业链        
605566,福莱蒽特,公司生产的中高端分散染料在国内市场具备较强的技术优势    
301209,联合化学,主营偶氮类有机颜料、挤水基墨                
603172,万丰股份,分散染料行业国内前十，专注于中高端分散染料         
603790,雅运股份,尼龙用酸性染料细分市场处于技术领先水平           
2597,金禾实业,甜味剂行业景气度高，多元化布局实现原料自给，无糖理念拉动需求
300107,建新股份,二五酸和间羟基，两种产品市场占有率全球第一         
301190,善水科技,国内具有一流竞争力的精细化学品专业生产企业之一       
688199,久日新材,从事系列光引发剂的研发、生产和销售             
300429,强力新材,专业从事电子材料领域各类光刻胶专用电子化学品的研发生产   
300637,扬帆新材,全球光引发剂及巯基化合物主要生产供应商之一         
301076,新瀚新材,打造芳香族酮类产品群，有望成为全球领先的专业化学品生产商，国
300741,华宝股份,我国香精香料行业龙头企业                  
2001,新和成,"维生素VA,VE产能A股第一，全球行业格局为寡头垄断。   "
603020,爱普股份,国内最大的食品用香精生产企业，拥有自己的香料生产基地    
301220,亚香股份,中高端香料主要供应商，布局泰国工厂打造成长新动能      
300886,华业香料,目前国内较大的内酯类食用香料生产商和供应商         
603867,新化股份,深耕精细化工多年，目前产品主要包括脂肪胺、香精香料、有机溶剂
300856,科思股份,防晒品原料制造龙头，产能扩张叠加品类扩充未来可期      
2568,百润股份,预调酒行业绝对龙头。公司持续推进产品创新升级，开辟威士忌烈酒
2556,辉隆股份,农业服务方兴未艾，香料龙头腾飞在即             
2064,华峰化学,氨纶龙头，静待景气回暖，氨纶产量全球第二，国内第一     
300848,美瑞新材,国内 TPU 行业龙头，国内唯一一家以TPU为主业的创业板上
300109,新开源,在精准医疗领域具有一定的优势地位              
603065,宿迁联盛,受阻胺光稳定剂系列产品全球市占率居前            
300596,利安隆,国内抗氧化剂和光稳定剂龙头，拥有六大生产基地，外延进军润滑油
603360,百傲化学,工业杀菌剂原药龙头                     
300927,江天化学,公司拥有的多聚甲醛生产线采用先进的喷雾干燥技术，处于行业领先
301077,星华新材,反光材料龙头制造商，反光布销量A股第一。合资设立新能源子公司
2430,杭氧股份,杭氧股份系国内空分设备龙头，目前已发展成为国内最主要的工业气
688106,金宏气体,中国气体行业龙头企业，国内领先的电子特种气体及电子大宗气体供
688268,华特气体,特种气体龙头企业，是我国唯一通过 ASML 认证的气体公司。
2971,和远气体,致力于各类气体的生产、服务、回收的综合解决方案提供商    
2549,凯美特气,国内气体行业领军企业，食品级液体二氧化碳行业龙头企业。   
301286,侨源股份,西南区域最大的纯液态空分气体供应商，着力拓展高纯空分气体等特
601369,陕鼓动力,成长为分布式能源领域服务商，客户以冶金、化工行业为主，核心产
300641,正丹股份,在特种精细化学品和高端环保新材料领域拥有核心技术产权    
2455,百川股份,国内醋酸丁酯偏苯三酸酐的龙头企业              
603822,嘉澳环保,环保增塑剂行业龙头，市占率一度达20%以上，生物柴油出口欧盟
703,恒逸石化,全球领先的“PTA—涤纶”和“CPL—锦纶”产业链一体化龙头
603225,新凤鸣,我国涤纶长丝行业的领军企业之一，其当前拥有涤纶长丝产能630
600871,石化油服,中国最大的石油工程和油田技术综合服务提供商         
600370,三房巷,国内印染行业十佳企业，具备年产印染布1亿米的生产能力    
300180,华峰超纤,排名前列的超细纤维聚氨酯合成革生产企业           
300819,聚杰微纤,中国超细纤维面料精品生产基地，国家高新科技企业       
601233,桐昆股份,公司为涤纶长丝龙头企业，产销量连续19年居全国第一     
301,东方盛虹,炼化一体化巨头，高化工品比例优势显著。           
2427,尤夫股份,国内主要的涤纶工业长丝生产企业之一             
782,恒申新材,公司主要业务为锦纶6切片和纺丝的生产、销售。        
605166,聚合顺,杭州市市级企业技术中心、浙江省高新技术企业研究开发中心   
603055,台华新材,"锦纶先发优势巨大，上游技术突破带来发展机遇
        "
949,新乡化纤,国际领先的氨纶纤维、粘胶长丝和粘胶短纤维的生产企业     
2254,泰和新材,氨纶为体，芳纶添翼，高质量扩张引领业绩高增长        
677,恒天海龙,子公司博莱特是国内最早研制开发帘子布和帆布的企业，规模、品种
600889,南京化纤,公司从事粘胶纤维生产五十多年，综合实力居于同行前列     
300876,蒙泰高新,目前国内实际产量较大的丙纶长丝生产厂家           
688722,同益中,超高强PE国内领先，军品需求持续增长            
300952,恒辉安防,全球安防手套龙头，新材料蓄势待发              
300918,南山智尚,服饰构筑产品矩阵，新材料打开成长天花板，产业链协同优势叠加产
600273,嘉化能源,主营蒸汽、氯碱、邻对位、脂肪醇（酸）和硫酸五大系列产品   
600691,阳煤化工,涵盖农用化工、新型化工、化工装备制造、化工贸易四大类业务  
300243,瑞丰高材,国内PVC加工助剂和除CPE之外的抗冲改性剂综合产能最高的企
301395,仁信新材,国家级专精特新“小巨人”，行业少有的能够生产多品种、多牌号、
605008,长鸿高科,TPE 行业龙头企业，有望打造上下游产业链一体化      
300910,瑞丰新材,国内润滑油添加剂领先企业。                 
300829,金丹科技,国内乳酸行业龙头                      
930,中粮科技,以燃料乙醇、淀粉、柠檬酸为主导产品的农产品深加工企业    
600844,丹化科技,国内较早开展以褐煤为原料生产乙二醇的高新技术企业      
301090,华润材料,中国华润旗下，聚酯瓶片产能全球前五、中国前三        
301216,万凯新材,瓶级PET产能国内前二，技术专利和工艺水平领先       
603033,三维股份,全国唯一一家输送带及V带产销量连续多年排名行业前十的企业  
601088,中国神华,中国最大的综合性能源上市企业，煤炭生产销售、发电、运输、煤化
600997,开滦股份,主营煤炭开采和原煤洗选加工的企业              
300402,宝色股份,国内特种材料品种最全、应用最广的非标特材装备行业优势企业  
600111,北方稀土,北方稀土业务布局大而全，为全球稀土产业链龙头集团企业。   
831,中国稀土,依托中国稀土集团，深耕稀土行业。              
600259,广晟有色,中重稀土龙头盈利加速释放，稀土资源丰富提供业绩持续性。   
600193,*ST创兴,主营业务实现了向建筑装饰行业转型，进入快速的发展轨道    
600392,盛和资源,公司拥有四川和江西两处稀土冶炼分离基地，约1.5万吨的稀土冶
970,中科三环,稀土永磁行业前列，技术不断突破，产能持续提升，应用领域持续扩
300224,正海磁材,深耕稀土永磁，钕铁硼产能18000吨，产能扩充进入又一轮快车
300748,金力永磁,专业高性能钕铁硼永磁材料高新技术企业            
600366,宁波韵升,宁波韵升是国内少数掌握稀土永磁材料全套装备制造的企业之一，在
795,英洛华,国内领先的磁性材料生产商                  
688077,大地熊,业内知名的烧结钕铁硼永磁材料生产制造企业之一        
969,安泰科技,稀土永磁优质企业，同时布局多种新材料，打造十四五材料领域综合
2645,华宏科技,公司是稀土回收、废钢加工两大再生资源细分领域龙头企业。   
600281,华阳新材,国家“氨氧化制硝酸用铂催化剂”行业标准的制定者       
300127,银河磁体,全球粘结钕铁硼磁体产销规模最大的企业            
2056,横店东磁,永磁铁氧体和软磁铁氧体的产量居全国第一           
301141,中科磁业,国内少数具备万吨级高性能永磁铁氧体磁体生产能力的企业之一  
600980,北矿科技,国内最早从事铁氧体磁性材料开发和生产的单位之一       
600019,宝钢股份,我国最大、最现代化的钢铁联合企业，世界级钢铁联合企业    
959,首钢股份,推进以汽车板、电工钢、镀锡板等为重点的高端产品开发     
603191,望变电气,取向硅钢民营龙头，变压器全产业链覆盖。           
600330,天通股份,拥有蓝宝石生长-初加工-深加工全套设备及工艺能力，尤其在蓝宝
600398,海澜之家,国内男装龙头企业，旗下海澜之家品牌已连续七年取得男装市场占有
600177,雅戈尔,国内男装领域领军企业，业务涵盖服装、地产和投资。      
2154,报喜鸟,多品牌战略初见成效，男装行业集中度持续走高，产线布局带来增长
2029,七匹狼,服装服饰产品及服装原辅材料的研发设计、制造及销售      
600400,红豆股份,红豆男装是中国名牌产品                   
601566,九牧王,中国男裤行业的龙头企业，连续多年市占率第一，品牌覆盖多个核心
603877,太平鸟,聚焦时尚青年群体的品牌服饰生产商、零售商          
2563,森马服饰,公司拥有我国第二大休闲服饰品牌和我国第一大儿童服饰品牌   
2269,美邦服饰,致力于品牌建设与推广、营销网络建设和供应链管理的服装企业  
1234,泰慕士,拥有在行业内具备领先优势的纵向一体化针织服装产业链     
603518,锦泓集团,公司主要业务为中高档服装的设计研发、生产制造、品牌营销及终端
603587,地素时尚,国内中高端女装头部企业，旗下总共有四个知名服装品牌。    
603808,歌力思,多品牌运营先行者，中高端女装服饰龙头。           
3016,欣贺股份,高端女装优秀运营者，自营渠道优势明显。           
603839,安正时尚,中高档品牌时装的自主研发、生产、销售及品牌管理       
2612,朗姿股份,医美连锁机构龙头，时尚女装业务的行业龙头，聚焦时尚女装、医疗
301088,戎美股份,通过公司核心门店“戎美高端女装”，公司已在淘宝平台上形成了影
603196,日播时尚,中国原创性都市女装品牌的引领者，专注于中高端时尚女装领域。 
603511,爱慕股份,国内中高端内衣龙头公司，发展稳健，拥有爱慕、爱慕先生、爱慕儿
2763,汇洁股份,专业从事内衣人体工学研究、工艺技术研究，拥有八个主品牌   
600137,浪莎股份,国内纺织品行业中拥有较高的知名度，中国驰名商标       
603958,哈森股份,中高端皮鞋的品牌运营﹑产品设计、生产和销售，中国真皮领先鞋 
301276,嘉曼服饰,中高端童装运营企业                     
2875,安奈儿,国内童装龙头企业，主营中高端童装业务的自有品牌服装企业，旗下
2762,*ST金比,母婴行业的知名企业，布局“母婴产品+医疗、医美服务”领域，打
300901,中胤时尚,在量贩式独立设计市场具备先发领先地位            
300840,酷特智能,被工信部、中国互联网协会指定为工业大数据与智能制造的学习、培
2486,嘉麟杰,户外专业运动市场的功能性面料领域奠定了稳固的行业地位    
600689,上海三毛,从事进出口贸易、安防服务及园区物业租赁管理的商业综合类公司 
2356,赫美集团,电子式电能计量仪表研发、制造的专业制造商          
603665,康隆达,传统劳保手套厂商转型，2021年切入锂资源赛道，矿冶一体化布
603001,奥康国际,皮鞋行业龙头企业。中国最大的民营制鞋企业之一。       
603116,红蜻蜓,以红蜻蜓品牌为主的时尚鞋服企业，中国驰名商标        
300591,万里马,国内较具影响力和认知度的皮具民族品牌之一          
2674,兴业科技,制革工业龙头企业，鞋面革市场占有率多年居国内第一，主营天然牛
2494,华斯股份,国内裘皮行业的领先企业，构建了毛皮交易市场、毛皮精深加工、服
2293,罗莱生活,渠道拓展叠加产能提升，家纺龙头高质量增长可期        
2327,富安娜,中国领先的家居用品公司，公司主要从事床上用品及家居生活类产品
603365,水星家纺,家纺龙头线上线下齐发力，与上游原材料企业战略合作控制成本  
2397,梦洁股份,从事家纺生产的企业，中国家纺行业居于前列          
605003,众望布艺,家居装饰面料龙头制造商（主要应用于下游沙发领域），与龙头家具
605138,盛泰集团,全球一体化成衣巨头。                    
3041,真爱美家,公司已在国内外毛毯市场具备较强的竞争力和品牌知名度     
301336,趣睡科技,专注自有品牌的互联网家居零售商，小米生态链企业之一     
2083,孚日股份,主业稳健，依托自身优势切入高潜赛道。            
600987,航民股份,纺织印染等主营业务的各项经济技术指标在同行业中处于领先水平 
605055,迎丰股份,公司整体技术水平和产品开发能力居印染行业前列        
605189,富春染织,色纱行业龙头，持续进行年产3万吨筒子纱项目，产能扩充提振业绩
600448,华纺股份,中国规模最大综合纺织印染企业之一              
2042,华孚时尚,色纺纱数智化先行者，产业链再延伸空间阔           
601339,百隆东方,国内最早进入色纺纱行业的企业之一              
300727,润禾材料,主营纺化助剂和改性硅油等有机硅深加工及二次加工产品。    
2394,联发股份,公司利用资源整合已逐步形成上下游一体化的产业布局，公司色织布
2404,嘉欣丝绸,我国最大的丝绸产品生产和销售企业之一，持续关注已投的芯片项目
301066,万事利,“万事利”自有品牌为核心的丝绸文化创意品（丝巾、组合套装等）
726,鲁泰A,成衣等产品70%左右销往美国、欧盟、日本等60多个国家和地区
850,华茂股份,智能制造风华正茂，申洲战投强强联手。            
158,常山北明,新型智慧城市的专家，我国智慧城市建设领域领先的解决方案提供商
2144,宏达高科,公司主要业务集中于面料织造和医疗器械两大领域。在汽车内饰面料
603073,彩蝶实业,主营涤纶面料、无缝成衣等，外销为主             
605180,华生科技,公司为拉丝气垫材料、充气游艇材料领域的先行者，是国内较早进入
600156,华升股份,国内外知名企业的麻纱、面料及服装家纺的供应商，湖南省名牌产品
2193,如意集团,产品主要为精纺呢绒面料及西装，具有完整的产业链+抗菌抗病毒可
2098,浔兴股份,国内规模最大、品种最多、规格最齐全的拉链制造企业，拥有拉链业
603025,大豪科技,北京国资委旗下，国内缝制、针织设备电控领域龙头       
600545,卓郎智能,全球领先的智能成套纺纱设备及全流程解决方案提供商      
603095,越剑智能,"浙江省名牌产品,国家重点高新技术企业            "
3036,泰坦股份,我国纺织机械行业的主要企业，主要产品转杯纺纱机及剑杆织机在国
600302,标准股份,缝制设备行业内唯一一家国资控股上市公司，我国主要缝制机械设备
603337,杰克股份,行业领先的缝制机械制造商                  
688789,宏华数科,加码数码喷印设备，未来成长空间广阔，纺织领域纵向延伸，有望尽
600355,*ST精伦,智能控制产品拥有技术优势，缝制机械数控系统行业排名第一   
301053,远信工业,国内拉幅定形机领域的领先企业                
601515,东峰集团,行业收入体量第二的烟标制造公司               
2799,环球印务,医药包装龙头，精准营销发展迅猛，公司顺势而为高速成长。布局区
600529,山东药玻,中硼硅替代加速，产能扩建蓄势待发              
301188,力诺药包,专业的药用玻璃包材解决方案提供者              
300501,海顺新材,专业从事直接接触药品的高阻隔包装材料研发、生产和销售    
603976,正川股份,药用玻璃管制瓶等药用包装材料领域拥有近二十发展的“正川”字号
2522,浙江众成,我国POF热收缩膜生产制造行业的领军企业          
2969,嘉美包装,我国食品饮料包装容器和灌装行业的领先企业，公司的食品饮料金属
2701,奥瑞金,金属包装领域龙头，主业边际向好，迎来盈利复苏        
601968,宝钢包装,拥有国内研发水平领先的金属包装研发平台，先进的生产设备   
2752,昇兴股份,金属包装领军企业，受益于天丝红牛产品持续放量及海外高盈利产能
603901,永创智能,深耕包装机械近20载，已成为智能包装领域引领者，产品优势+下
301223,中荣股份,主营折叠彩盒、礼盒等纸制印刷包装物             
2181,粤传媒,广东省唯一报业传媒集团整体上市公司，也是首家获得中宣部和国家
2319,乐通股份,珠海市包装印刷油墨行业领先企业               
2599,盛通股份,北京市优秀的全彩出版物综合印刷服务商            
695,滨海能源,天津经济技术开发区（东区）唯一热力能源供应商        
300195,长荣股份,中国包装龙头企业，专注于高精度、速度和稳定性的高端印刷装备 
2831,裕同科技,深耕消费电子包装领域20余年并稳居行业头部地位，近年来成功向
300806,斯迪克,新材料行业优质企业，新型薄膜技术配合国产替代有望带来持续增长
603499,翔港科技,为日化、食品生产企业提供全方位的包装印刷服务        
301198,喜悦智行,可循环塑料包装企业，租赁模式下有望与更多新能源汽车企业合作。
3018,金富科技,国内最大的塑料防盗瓶盖供应商之一              
659,珠海中富,中国生产设备齐全、技术先进、规模最大的PET瓶专业生产企业之
3003,天元股份,国内领先的快递电商包装印刷整体解决方案提供商，国内极少数具备
2735,王子新材,发力军工电磁发射+新能源电容，包装行业龙头拐点来临     
301138,华研精机,瓶坯智能成型系统领域具有领先地位              
600210,紫江企业,国内规模最大、产品种类最齐全的包装材料上市公司       
2014,永新股份,深耕塑料包装领域近三十载，国内塑料软包装龙头企业，高分红、稳
2585,双星新材,全球BOPET行业龙头，聚酯薄膜市占率连续多年位居全球第一 
2243,力合科创,以“提供一流科创服务，培育一流科技企业”为目标，夯实特色鲜明
2787,华源控股,国内包装行业具有非常明显的技术比较优势           
2374,中锐股份,铝板复合型防伪印刷和防伪瓶盖等关联多元化的一条龙服务的专业厂
2191,劲嘉股份,全国烟标龙头，布局新兴烟草全供应链             
812,陕西金叶,“烟草配套业+教育业”双轮驱动，烟草配套产业在西部地区处于领
2951,*ST金时,烟标等包装印刷品的研发、生产和销售             
603058,永吉股份,从事烟标和其他包装印刷品的设计、生产和销售         
603429,集友股份,国内较早烟用接装纸专业生产厂商之一             
2836,新宏泽,国内一流的专业烟标服务商。是广西中烟、河北中烟的合格烟标印刷
2303,美盈森,以瓦楞包装为主业的包装一体化解决方案提供商         
301062,上海艾录,工业纸袋与奶酪棒包装双轮驱动，成长路径清晰         
301296,新巨丰,无菌包装内资龙头，加速引领国产替代             
300883,龙利得,国内包装行业的知名企业                   
688363,华熙生物,国内生物活性材料平台型企业，玻尿酸全产业链龙头。      
300740,水羊股份,强营销与多品类覆盖为自主品牌赋能，深谙电商经营之道为代运营业
2094,青岛金王,主营业务为化妆品产业链和新材料蜡烛             
300132,青松股份,我国林产化学工业龙头企业之一以及最大的松节油深加工企业   
650,仁和药业,国内知名OTC药品制造商，研发“肾宝”“妇炎洁”等知名产品 
600223,福瑞达,置出房地产业务，积极转型大健康产业。公司是山东省国资委下属健
2646,天佑德酒,青海地区优质白酒企业，主营天佑德、互助、八大作坊、世义德、永
600655,豫园股份,多元产业综合企业，覆盖黄金珠宝、地产、餐饮食品、医药护肤、高
600315,上海家化,线下传统化妆品企业，积极拥抱新渠道，有望迎来老树开新花。  
603630,拉芳家化,主营日用化学产品，拥有涵盖洗发水、沐浴露、香皂多个产品品牌 
603605,珀莱雅,公司旗下拥有珀莱雅、悦芙媞、CORRECTORS、INSBA
300957,贝泰妮,专注应用天然植物成分提供温和专业的皮肤护理产品，重点针对敏感
603983,丸美生物,眼部护理龙头企业                      
600249,两面针,口腔清洁护理用品工业协会副理事长单位，拥有丰富的中草药资源 
523,红棉股份,实控人广州市国资委，日化+食品饮料双轮驱动：拥有“浪奇”、“
300955,嘉亨家化,兼具日化产品及塑包研发、设计和生产，为强生、上海家化、郁美净
1218,丽臣实业,公司立足于精细化工领域，是国内较大的表面活性剂生产企业之一 
2919,名臣健康,老牌日化企业转型思路清晰，态度坚定，研发+发行布局进军游戏产
603193,润本股份,“润本”品牌在天猫平台蚊香液销售额占比居前         
2637,赞宇科技,国内生产规模大、产品种类齐全、技术实力强的表面活性剂生产企业
601607,上海医药,国内第二大全国性医药流通企业和最大的进口药平台，覆盖超过31
600272,开开实业,以中医药流通、中医药学服务（中医问诊服务）和服装批发、零售为
600624,复旦复华,确立了以软件开发、生物医药、园区房产为核心的科技产业体系  
600827,百联股份,主营超市、建材、百货等业务，拥有“联华”和“华联”品牌   
600824,益民集团,上海国资综合性商业企业，公司涉及商业批发零售、商业物业租赁、
2561,徐家汇,以百货零售为主，经营业态包括百货商场、奥特莱斯、时尚超市等，
600628,新世界,率先在中华商业第一街试行股份制的从事百货、物业、餐饮的商业企
600838,上海九百,主营洗涤化工产品、商业地产、百货业             
600616,金枫酒业,黄酒行业三家上市公司之一，上海商超渠道中市场占有率达50% 
600630,龙头股份,上海国资委控股企业，拥有现代化纺织品制造基地        
600822,上海物贸,国内生产资料流通行业知名企业，上海市拥有多家交易市场    
603648,畅联股份,专注于为国际跨国企业提供精益供应链管理服务         
600119,长江投资,气象高空数字探空仪系列                   
600650,锦江在线,上海国资委控股企业，以客运业和物流业为核心业务       
600676,交运股份,从事运输业与物流服务、汽车零部件制造与汽车后服务等产业   
601083,锦江航运,上海国资委旗下，总运力中国大陆集装箱班轮公司前六，上海日本航
600834,申通地铁,我国境内第一家从事轨道交通投资经营的上市公司        
688347,华虹公司,上海国资委旗下，全球最大的智能卡IC制造代工企业，全球产能第
600895,张江高科,集高科技产业园开发运营、科技产业投资和创新服务为一体的集成服
600662,外服控股,国内领先的综合性人力资源解决方案供应商。          
601595,上海电影,实控人上海市国资委，形成了“专业化发行公司+综合型院线+高端
600637,东方明珠,中国第一家生态型综合传媒娱乐集团              
600602,云赛智联,云赛智联背靠上海国资委，是上海国资系统唯一的数据中心运营商和
603881,数据港,国内综合规模TOP3的第三方数据中心运营商，是上海市静安区国
2659,凯文教育,实控人北京市海淀区国资委，努力发展成为K12教育的优质服务商
300072,海新能科,国内能源净化行业龙头企业                  
2721,ST金一,国内贵金属工艺品及黄金珠宝知名企业。主营为贵金属工艺品、黄金
600859,王府井,"国内最大的零售集团之一,新增布局免税业务板块        "
600258,首旅酒店,国内酒店行业垂直化优质企业，发力中高端，完善低端经济型，行业
2186,全聚德,国内领先的多元化餐饮产业集团，旗下拥有“全聚德”、“仿膳”、
600861,北京人力,资产置换转型人力资源服务，国企背景的、提供人力资源一站式服务
600166,福田汽车,产业覆盖全球110个营销市场，包括国内21个工厂和海外的KD
600733,北汽蓝谷,新能源汽车产业开拓者，分为BEIJING（经济智能）和极狐（
600960,渤海汽车,中国活塞第一品牌，国内唯一的主产内燃机活塞的上市公司    
600386,北巴传媒,北京市最大的广告传媒和汽车服务企业             
300895,铜牛信息,北京市国资委下属二级企业                  
300579,数字认证,国内领先的CA机构，数字证书业务有望进行行业深化拓展，中国身
601238,广汽集团,国内产业链最为完整、产业布局最为优化的汽车集团之一     
600098,广州发展,广东省重要的地方性综合能源企业之一             
539,粤电力A,广东省装机规模最大的电力上市公司。约占广东省统调装机容量的 
27,深圳能源,主营电力、燃气、蒸汽的开发和购销业务的国资控股企业     
300917,特发服务,多元高端物业服务品牌                    
58,深赛格,深圳国资委旗下领先的综合类电子专业市场。          
90,天健集团,主营地产开发、工程施工、物业租赁，是深圳市建筑施工的领军企业
6,深振业A,深圳国资委旗下房企，确立了以房地产开发为主体、住房租赁和房地
600684,珠江股份,广州市国资委旗下房地产综合开发企业之一。          
14,沙河股份,深圳市国资委旗下上市房企，主要从事房地产开发与经营、现代服务
11,深物业A,深圳市国资委控股深圳投资控股公司旗下公司，主营产城空间开发、
603043,广州酒家,月饼大年叠加成本下降带动业绩抬升              
524,岭南控股,旅游和酒店为主的企业，线下销售网络涵盖近400家营业网点  
2187,广百股份,广州国资百货连锁零售企业。2021年中国连锁百强第44位。 
25,特力A,国有上市公司，主营珠宝服务；商业运营管理；汽车销售、检测、维
19,深粮控股,实控人深圳市国资委，为全国粮农行业和国资国企提供可复制推广的
2461,珠江啤酒,全国知名的啤酒制造企业，拥有中国最大的啤酒酿造中心     
1338,永顺泰,麦芽行业中生产规模最大、整体装备水平和工艺技术全国领先的企业
61,农产品,农产品流通行业的标杆企业                  
301038,深水规院,公司综合实力位居广东省内水利勘测设计行业前列        
2060,广东建工,区域水利水电投建营一体化龙头，清洁能源发电项目储备丰富   
3013,地铁设计,广州国资委旗下，国内城市轨道交通综合设计实力最强企业之一，市
300675,建科院,先后获得全国建筑节能技术创新企业及绿色建筑先锋奖等荣誉   
300284,苏交科,拥有工程设计最高等级资质：工程设计综合甲级资质       
2482,广田集团,我国公共建筑装饰行业龙头企业之一              
300281,金明精机,专业塑料机械装备供应商                   
2097,山河智能,工程装备、特种装备、航空装备同步发展的现代化制造企业    
600894,广日股份,拥有业内领先、电梯产业链完整、集群效应明显的生产基地    
2672,东江环保,国内废物处理资质最齐全的环保经营企业之一          
601033,永兴股份,广州市政府旗下，广州市垃圾焚烧发电项目的唯一投资和运营主体 
2465,海格通信,国防信息化领军企业，主营“无线通信、北斗导航、航空航天、软件
70,ST特信,公司业务覆盖光纤光缆、智能网络及军工信息化等领域      
636,风华高科,深耕电子元器件行业38年，已成长为国内被动电子元件行业龙头，
2912,中新赛克,实控人深圳国资委，现主营网络可视化基础架构、网络内容安全、大
45,深纺织A,深圳国资委旗下，国内最早进入偏光片领域企业，已掌握VR/AR
600866,星湖科技,肌苷原料药等的生产规模为全球最大，核苷酸系列产品填补国内空白
600332,白云山,国内最具价值的医药品牌之一                 
2678,珠江钢琴,公司是集钢琴研产销与服务为一体，倡导钢琴、数码乐器和音乐文化
688548,广钢气体,广州国资委旗下，首次实现了内资气体公司在半导体显示行业供应超
2183,怡亚通,国内领先的供应链服务商，已成为重要的流通快消品分销服务平台 
973,佛塑科技,全国唯一的BOPA(双向拉伸尼龙)薄膜生产基地       
2400,省广集团,中国本土最优秀的大型综合性广告公司之一           
2967,广电计量,全国化、综合性的国有第三方计量检测机构           
688120,华海清科,国产CMP设备国产龙头，拓展减薄设备与晶圆再生打造第二成长曲
600674,川投能源,四川水电领军企业，重要投资项目即将贡献收益，整体发电效率有望
300540,蜀道装备,公司主要提供天然气液化工艺包及处理装置，拥有多项工艺技术  
2312,川发龙蟒,完成精细磷化工行业的转型突破，已是饲料级磷酸氢钙行业最大的生
300370,安控科技,以自动化、信息化技术为核心的智慧产业解决方案和产品     
600039,四川路桥,基建+新能源双轮驱动，背靠“蜀道”再迈征程         
2480,新筑股份,国内桥梁功能部件行业综合实力最强的企业之一         
568,泸州老窖,浓香白酒泰斗，包括“国窖 1573”“泸州老窖”等系列，坚定
858,五粮液,千年传承五粮精华，坚守匠心稳中取进             
600839,四川长虹,一家集综合家电、IT数码、新能源电池等业务为一体的全球化科技
598,兴蓉环境,成都国资委旗下的水务环保综合服务商，拥有全国前列的供排水规模
300987,川网传媒,四川省省级重点文化传媒产业集团               
601811,新华文轩,四川出版发行龙头，四川省唯一具备开展中小学教科书发行业务资质
600880,博瑞传播,以“智慧教育、数字文创、现代传媒”等新经济领域为重点，大力发
888,峨眉山A,西南地区综合性文旅企业                   
300470,中密控股,各类机械密封的设计、研发、制造和销售，国家高新技术企业   
688629,华丰科技,绵阳市国资委旗下，华为的高速背板连接器两大国内供应商之一  
801,四川九洲,我国智能终端龙头企业，九州集团旗下上市平台之一，业务涵盖微波
600558,大西洋,国内第一家焊接材料制造厂                  
2773,康弘药业,在中枢神经系统、消化系统、眼科等领域拥有特色产品      
623,吉林敖东,立足医药主业，确立“产业+金融”模式，现为广发证券第一大股东
600518,康美药业,中医药全产业链一体化运营模式和业务体系已形成        
600080,金花股份,骨科中药领域领先企业，公司产品金天格胶囊是国家一类新药，已成
600557,康缘药业,是拥有独家创新品种最多、独家医保品种最多、独家基药品种最多的
2873,新天药业,专注于中成药新药，聚焦妇科、泌尿系统等专科领域，妇科类产品是
603567,珍宝岛,公司是高端中药制剂产品领先企业，拥有多款在研中药、化药创新药
300181,佐力药业,乌灵系列、百令片、配方颗粒多品种驱动，业绩持续高增长    
2198,嘉应制药,主导产品双料喉风散、重感灵片均为国家中药保护品种      
300878,维康药业,曾获“国家知识产权优势企业”荣誉              
600771,广誉远,中华老字号中医药企业                    
600085,同仁堂,300年中华老字号，安宫牛黄丸放量，销售体系改革添活力，值得
600436,片仔癀,片仔癀被国内外中药界誉为“国宝名药”，入选“中华老字号”  
2275,桂林三金,代表产品桂林西瓜霜、西瓜霜润喉片、三金片中国名牌产品    
600479,千金药业,全国中成药工业重点企业50强，主要产品妇科千金片是国家基本药
300026,红日药业,最早的中药配方颗粒国家试点企业之一，同时也涉及医疗器械、成品
2728,特一药业,1+N产业布局；公司产品特一止咳宝较为著名         
2644,佛慈制药,兰州国资上市公司，商务部、国家中医药管理局评定的国家首批“中
300391,长药控股,以医药制造业务为主，内燃机零部件业务与光伏设备业务多元并进 
66,中国长城,中国网安与信息化领域龙头，芯片到端全产业链布局；布局军事通信
688041,海光信息,国产高端处理器龙头，国内为数不多同时具备高端通用处理器和协处
688047,龙芯中科,国内CPU领先企业                     
688258,卓易信息,国内BIOS和BMC固件行业领军。英特尔授权的大陆唯一、全球
300474,景嘉微,国产GPU领军企业，军转民打开成长空间           
2729,好利科技,国内电子熔断器隐形冠军企业，深耕电路安全保护三十载，熔断器产
2685,华东重机,全资子公司润星科技是国内消费电子数控机床龙头企业。     
688385,复旦微电,传统业务产品线丰富，客户稳定，技术储备丰厚，基本盘稳固。同时
688107,安路科技,国产FPGA龙头，主要专注于FPGA芯片和专用EDA软件的研
2049,紫光国微,特种集成电路领跑者，品类扩张推动新成长。参股公司紫光同创是国
688256,寒武纪,科创板AI芯片第一股，全球智能芯片领域的先行者，全球少数全面
688008,澜起科技,全球内存接口芯片龙头，围绕“互连+计算”多方位布局     
603986,兆易创新,国内存储芯片领域龙头，已经成为存储+MCU+传感器的平台型企
300223,北京君正,集成电路设计龙头，“计算+存储+模拟+SoC”四大产品线全面
688110,东芯股份,中国大陆领先的存储芯片设计公司               
688766,普冉股份,国内重要的存储器芯片提供商之一，深耕于 EEPROM 行业 
688416,恒烁股份,国内领先的NOR Flash存储芯片设计公司。       
688123,聚辰股份,全球领先的EEPROM芯片设计公司。拥有非易失性存储芯片、音
301308,江波龙,移动存储产品存储卡全球市场份额位列Top2，2020年嵌入式
688525,佰维存储,主要从事半导体存储器的存储介质应用研发、封装测试、生产和销售
1309,德明利,主营闪存主控芯片设计、研发，存储模组产品应用方案的开发   
2654,万润科技,湖北省属最大的产业投资集团—长江产业投资集团旗下上市公司，发
300042,朗科科技,"优盘牌闪存盘被评为""广东省名牌产品""            "
300302,同有科技,业界少数拥有多项自主知识产权的专业存储厂商之一       
688045,必易微,公司在产的电源管理芯片规格型号700余款，已成为主要的全方案
688368,晶丰明源,国内领先的电源管理驱动类芯片设计企业。           
688279,峰岹科技,电机驱动控制专用芯片的研发设计企业，芯片+算法+电机技术为护
688458,美芯晟,国家级专精特新“小巨人”，主营高性能模拟及数模混合芯片   
300671,富满微,高性能模拟及数模混合集成电路设计企业            
688728,格科微,全球领先的半导体和集成电路设计企业之一，全球市场的CMOS图
688403,汇成股份,国内显示驱动芯片封测领域龙头                
688252,天德钰,国内显示驱动芯片领域的领先厂商               
688593,新相微,显示驱动芯片出货量中国内地前五               
688699,明微电子,国家级高新技术企业、国家规划布局内重点集成电路设计企业   
688486,龙迅股份,专注于高速混合信号芯片研发和销售的集成电路设计企业。高清视频
603501,韦尔股份,平台型龙头，3（CIS、模拟、触控显示三大业务）+N（韦豪创
688213,思特威,安防领域图像传感器芯片市场占有率第一            
300672,国科微,国内广播电视系列芯片和智能监控系列芯片的主流供应商之一   
300613,富瀚微,专注于视频监控芯片及解决方案                
603160,汇顶科技,全球安卓手机市场出货量排名第一的指纹芯片供应商       
688582,芯动联科,目前少数可以实现高性能MEMS惯性传感器稳定量产的企业   
688286,敏芯股份,全球领先MEMS传感器制造商，受益于下游需求改善带来的业绩增
2829,星网宇达,国内知名的军事训练器材供应商                
688002,睿创微纳,专业从事非制冷红外热成像与MEMS传感技术开发的集成电路芯片
688130,晶华微,高性能模拟及数模混合集成电路生产商             
603893,瑞芯微,国内SoC芯片龙头，国产高端芯片先行者           
300458,全志科技,国内音视频SoC主控芯片领域的领导者            
688018,乐鑫科技,Wi-Fi MCU 领域龙头，软件硬件协同发展       
688220,翱捷科技,公司芯片在蜂窝物联网领域具有一定优势            
688702,盛科通信,中国商用以太网交换芯片市占率境内厂商排名第一        
688653,康希通信,国内较早实现Wi-Fi FEM量产及规模化应用的企业    
688515,裕太微,国内极少数拥有自主知识产权并实现大规模销售的以太网物理层芯片
603068,博通集成,上海市从事无线通讯集成电路芯片的研发与销售类公司      
688608,恒玄科技,全球智能音频SoC芯片领域的领先供应商           
688049,炬芯科技,专注于中高端智能音频 SoC 的研发、设计及销售，中国领先的
688313,仕佳光子,国内稀缺的同时具备有源、无源光芯片和器件自主IDM能力的公司
688498,源杰科技,国内领先的光芯片供应商。产品用于中兴通讯、诺基亚等国内外大型
688048,长光华芯,国内高功率半导体激光芯片龙头。               
600105,永鼎股份,紧密围绕光、电两大产业方向，布局光通信、汽车线束、海外工程以
300782,卓胜微,射频前端全品类纵深布局完成，国产行业龙头稳固，覆盖从研发设计
688153,唯捷创芯,国内PA第一梯队的龙头厂商，PA的出货量遥遥领先其他友商，占
688512,慧智微,5G新频段L-PAMiF出货量在国产厂商中排名前二     
688536,思瑞浦,主营高性能模拟芯片，分为信号链模拟芯片和电源管理模拟芯片两大
600877,电科芯片,注入中国电科下属硅基模拟半导体芯片及其应用领域的优质资产  
300493,润欣科技,国内领先的IC产品和IC解决方案提供商，“定制和自研芯片”即
300120,经纬辉开,坚持自主研发和创新发展的高新技术企业，公司电抗器已经进入国家
603290,斯达半导,国内IGBT模块的行业龙头企业，受益于下游新能源业务起量，带
600460,士兰微,半导体和集成电路产品设计与制造一体的高新技术企业      
605111,新洁能,曾为中国半导体功率器件十强企业               
688396,华润微,华润旗下高科技企业，拥有完整半导体产业链          
600360,ST华微,中国功率半导体器件行业连续十年排名第一           
688261,东微半导,公司在高压超级结MOSFET领域具有技术优势和深厚的先发积累
300373,扬杰科技,国内老牌功率半导体企业。                  
688711,宏微科技,国内IGBT优质供应商，依托新能源下游需求高景气，业绩有望改
600745,闻泰科技,ODM+IDM行业双龙头，全产业链一体化布局。       
605358,立昂微,公司深耕半导体硅片、功率器件和射频芯片三大领域。      
600171,上海贝岭,集成电路设计企业，国内集成电路产品主要供应商之一      
688693,锴威特,FRMOS市占率位列本土企业前四，国内为数不多具备650V-
688469,芯联集成,晶圆代工营收中国大陆前五                  
300661,圣邦股份,国内模拟芯片龙头企业，“电源管理+信号链”双轮驱动。    
688141,杰华特,国内电源管理的领军企业之一，有望成为国内平台型模拟巨头。  
688209,英集芯,全球第一家通过高通QC5.0(最快速的充电技术QuickCh
688601,力芯微,消费电子领域电源管理芯片的主要供应商之一          
688508,芯朋微,国内电源管理IC翘楚，专注于电源管理芯片领域。       
688484,南芯科技,电源及电池管理领域少数能与国际大厂直接竞争并实现高端产品国产
301099,雅创电子,国内知名电子元器件授权分销商，分销和IC设计两翼齐飞。   
688173,希荻微,国内领先的模拟芯片设计公司。                
300593,新雷能,特种电源龙头，军民两用提供高增长业绩，关注海外出口进展。  
688325,赛微微电,以电池管理芯片为核心，产品包括电池安全芯片、电池计量芯片和充
300333,兆日科技,纸纹防伪技术达到国内国际先进技术水平            
600703,三安光电,全球LED芯片生产龙头，产业链全方位布局。         
300323,华灿光电,国内领先的LED外延片及芯片供应商             
2429,兆驰股份,主营家庭视听消费类电子产品，正积极进军半导体行业      
300102,乾照光电,国内四元系红、黄光LED芯片产销量最大的企业之一      
2245,蔚蓝锂芯,动力工具锂电池龙头。                    
300708,聚灿光电,国内领先的LED芯片供应商。                
2371,北方华创,国内主流高端电子工艺装备供应商               
688072,拓荆科技,产品打破国际薄膜沉积设备厂商对国内市场的垄断；公司是国产半导
688147,微导纳米,本土 ALD 设备领军者，深耕薄膜沉积设备，布局光伏（主要应
688012,中微公司,公司是国内稀缺的半导体设备龙头，刻蚀设备技术先进、国内市占率
688233,神工股份,国内半导体级单晶硅材料龙头，硅材料/硅电极业务成长确定性较强
2338,奥普光电,以军工产品业务为主，在国防光电测控领域处于同行业领先地位  
600619,海立股份,全国压缩机行业质量领军企业                 
2889,东方嘉盛,国内较早涉足供应链管理行业的本土企业之一，行业内较高知名度 
603283,赛腾股份,起家于3C自动化设备，在成为苹果合格供应商后便进入发展快车道
300567,精测电子,公司作为国内稀缺的检测设备企业，是半导体设备国产化的主力军。
688361,中科飞测,主营半导体检测与量测设备                  
688610,埃科光电,中国2D工业相机市场规模国产品牌前四            
688082,盛美上海,国产半导体清洗设备龙头；国产半导体设备平台型龙头      
603690,至纯科技,半导体清洗设备龙头                     
300260,新莱应材,高洁净材料领先者，半导体国产替代助力腾飞          
301297,富乐德,深耕精密洗净二十余载，产业龙头厚积薄发           
300293,蓝英装备,全球领先的清洗系统和表面处理设备及解决方案提供商      
300786,国林科技,国内臭氧发生器领军企业之一。                
600641,万业企业,离子注入设备国产领军者，横向拓展薄膜沉积、刻蚀等市场规模更大
688037,芯源微,国内涂胶显影设备龙头；在涂胶显影和物理清洗领域都成功实现国产
688478,晶升股份,半导体级单晶硅炉国内供应商中市占率较为领先         
688383,新益昌,公司是LED固晶机龙头，在Mini LED固晶机领域领先行业
600520,三佳科技,公司作为老牌半导体封测专业设备供应商。主营为模具、精密备件、
688419,耐科装备,主营塑料挤出成型模具、挤出成型装置及下游设备        
688516,奥特维,串焊设备龙头，三大领域协同布局，串焊设备龙头匠心独运。   
300604,长川科技,"测试分选排头兵，国产替代深度受益
             "
688200,华峰测控,半导体测试系统国际领先，是少数打入国际供应链的本土半导体设备
603061,金海通,一家从事研发、生产并销售半导体芯片测试设备的高新技术企业。 
688661,和林微纳,和林微纳探针打入顶级客户供应链，布局MEMS探针、基板探针助
301369,联动科技,国内领先的半导体分立器件测试系统供应商           
688652,京仪装备,北京国资委旗下，半导体专用温控设备国内市占率第一，半导体专用
688630,芯碁微装,国内微纳直写光刻设备龙头，产品覆盖PCB和泛半导体领域。  
300480,光力科技,国内唯一具备优势的划片设备供应商，直接对标海外龙头。    
600233,圆通速递,快递巨头数字化转型，从成本竞争转向加盟商网络竞争，客户粘性和
2120,韵达股份,国内快递物流服务商之一，正在全力打造智慧快递物流生态体系  
1330,博纳影业,主旋律电影领军者，产业链上下游全面布局，内容打造可持续   
2027,分众传媒,国内楼宇媒体行业龙头，受到国内经济周期影响较大，会提前经济周
300251,光线传媒,国内最大的民营电视节目制作和运营商之一           
300027,华谊兄弟,国内电影行业龙头企业                    
2153,石基信息,石基信息是中国酒店信息系统专业服务的领导者，在中国五星级酒店
2373,千方科技,国内领先的智慧交通和智能安防解决方案提供商         
601116,三江购物,第二大股东为阿里巴巴泽泰，致力于打造互联网时代新零售的社区生
2024,ST易购,中国3C家电连锁零售行业领跑者，国内电商龙头之一      
605136,丽人丽妆,资深美妆运营商，电商渠道优势领先，下游品牌覆盖广，自有品牌逐
688365,光云科技,业内领先的电商SaaS企业                 
2264,新华都,深耕白酒电商服务，为泸州老窖、水井坊、习酒等众多头部白酒品牌
2208,合肥城建,安徽省最早具有国家一级开发资质和AAA级信用评价等级的房产企
2558,巨人网络,网络游戏的研发和运营，培育了多个知名的游戏IP       
603123,翠微股份,北京海淀国资委旗下的商业龙头企业，“商业+第三方支付”双主业
600476,湘邮科技,中国邮政下属的软件和信息服务公司              
601928,凤凰传媒,连续多年保持全国图书发行规模第一              
300682,朗新集团,深耕电力能源领域近 25 年，聚合充电业务成长拐点将近，同时
3029,吉大正元,公司专注于网络安全产品、网络安全服务和网络安全生态业务，是国
600515,海南机场,凝聚自贸港资源优势，机场及免税商业资产稀缺，未来地产及物业业
886,海南高速,全国第一家上市的高速公路经营管理企业，主营业务包括房地产开发
603069,海汽集团,收购海旅免税，跨越式转型综合旅游公司。           
2163,海南发展,海南控股收购公司27.12%股权，成为控股股东。主营业务包括
2596,海南瑞泽,海南省内最具竞争力的商品混凝土集团企业。          
567,海德股份,A股唯一AMC企业，稀缺的以不良资产管理为主营业务的A股上市
300189,神农种业,拥有国际领先的居于杂交水稻种业高端和核心地位的自主知识产权 
601118,海南橡胶,中国最大的天然橡胶生产企业                 
600238,海南椰岛,保健酒行业领先企业。保健酒、健康酒是公司的核心产业，并布局开
505,京粮控股,主营植物油加工及食品制造业务，旗下拥有古币、古船等知名品牌 
955,欣龙控股,我国无纺工业的龙头企业                   
601888,中国中免,免税行业领军者，疫情修复后大有可期             
600185,格力地产,拟收购免税集团100%股权，打造三大核心业务板块：大消费（免
796,凯撒旅业,一站式的旅游及生活服务解决方案提供商            
564,供销大集,"深耕""供，销""商业模式，为城乡商品流通提供优质服务     "
2727,一心堂,云南省连锁药店龙头，川渝市场为公司打开成长空间       
566,海南海药,具备从中间体到原料药再到化学制剂的全产业链生产技术与能力  
2865,钧达股份,以汽车零配件业务起家，现全面转型光伏电池产业，有希望在N型电
572,海马汽车,汽车及动力总成的研发、制造、销售及服务，深耕新能源汽车及智能
793,华闻集团,在智能车联网和海南文旅产业上进行布局            
2292,奥飞娱乐,公司以原创和收购的精品IP为核心，辐射玩具、电影、动画、游戏
600576,祥源文旅,中国最大的手机动漫公司之一、中国目前拥有动漫版权形象IP最多
300081,恒信东方,围绕“艺术创意+视觉技术”战略，专注于数字创意产业领域   
301052,果麦文化,强大的创意策划能力，善于依托新媒体及互联网等工具整合营销的能
2739,万达电影,国内领先的影院投资及运营商                 
600977,中国电影,我国电影行业实力最强、产业链最完整、影响力最广的领军企业  
2905,金逸影视,金逸影视处于中国影投公司前五，院线公司前七，具有较高的口碑和
603103,横店影视,国内处于行业领先且极具潜力的民营院线及影院投资公司     
300528,幸福蓝海,国有控股电视剧投资制作和电影全产业链经营的公司       
600715,文投控股,从事影视投资、影院电影放映、网络游戏三大业务        
802,北京文化,全产业链影视娱乐传媒集团                  
300133,华策影视,全网剧的产能规模稳居全行业第一               
892,欢瑞世纪,从事影视剧的制作发行、艺人经纪、游戏及影视周边衍生业务   
2624,完美世界,国内先进的影游综合体，主要业务涵盖完美世界游戏和完美世界影视
300426,华智数媒,布局全产业链的影视标杆和国内影视内容生产的龙头企业之一   
2343,慈文传媒,主营影视剧、游戏产品及渠道推广和艺人经纪业务，致力于从传统影
300291,百纳千成,主要从事影视剧的投资、制作、发行及衍生业务的企业      
601599,浙文影业,纺织、服装、酒店、影视行业多元化发展的企业         
300182,捷成股份,国内新媒体版权运营龙头，最具实力的音视频整体解决方案提供商 
2174,游族网络,国内领先的研运一体化游戏供应商               
300025,华星创业,网优服务时间最久、业务规模最大的第三方专业公司之一     
300413,芒果超媒,芒果TV拥有全国最大的内容生产智库，双平台集结48支综艺团队
603496,恒为科技,国内领先的网络可视化及智能系统平台提供商，为运营商网络、信息
300768,迪普科技,国内高端网络安全产品领军企业                
688292,浩瀚深度,网络可视化领域全产业链垂直一体化发展的企业，业务已扩展至全国
688004,博汇科技,专注于视听大数据领域的信息技术企业             
603000,人民网,人民日报社控股的上市公司，聚焦内容主业，不断巩固中央重点新闻
603888,新华网,新华社控股的传媒文化上市公司，是中国最具影响力的网络媒体。 
688168,安博通,网安上游龙头，充分享受行业景气度修复            
300188,国投智能,国内领先的电子数据取证与网络信息安全产品提供商       
688561,奇安信,网安行业龙头，国内领先的基于安全大数据、人工智能和安全运营技
2439,启明星辰,国内网络安全产业的领军企业。                
300454,深信服,国内虚拟专用网(VPN)市占率第一             
2212,天融信,网络安全开拓者，传统硬件优势大，新兴赛道勇立潮头      
2268,电科网安,密码央企龙头，稳步推进信创赛道，有望带来业绩增长。     
300369,绿盟科技,国内领先的、具有核心竞争力的企业级网络安全解决方案供应商  
688023,安恒信息,云安全“标杆供应商”。                   
300659,中孚信息,从“保密安全”走向“数字安全”，产品线加速拓展，行业信创有望
300352,北信源,专业从事信息安全的国家级高新技术企业            
688651,盛邦安全,国家级专精特新“小巨人”，漏洞检测产品国内市占率居前    
601360,三六零,中国最大的互联网安全公司，PC安全产品市场持续排名第一，持股
4,国华网安,子公司智游网安是目前国内同行业中拥有各类经营资质或许可较全的
509,华塑控股,湖北省国资委旗下上市公司，2021年度收购天玑智谷51%股权
301117,佳缘科技,一家信息化服务及网络信息安全综合解决方案的提供商，业务专注于
300921,南凌科技,为企业提供安全、稳定、智能的“云+网”整体解决方案等服务，致
688489,三未信安,领先的商用密码产品提供商。                 
688201,信安世纪,科技创新型的信息安全产品和解决方案提供商，产品应用于金融、政
603232,格尔软件,中国首批研制和推出PKI公钥基础设施产品的厂商。公司已成为信
688225,亚信安全,中国网络安全软件领域的领跑者，公司在中国身份和数字信任软件市
300386,飞天诚信,智能卡操作系统及数字安全系统整体解决方案的服务商      
301330,熵基科技,以生物识别为核心技术的企业                 
603636,南威软件,国内电子政务领域的信息化综合服务提供商           
688244,永信至诚,主营网络安全产品及服务                   
300252,金信诺,中国第一家同时主导制定线缆及连接器国际标准的民营企业，中国天
603186,华正新材,覆铜板龙头企业，铝塑膜接力成长。              
300964,本川智能,专注于小批量板市场，为通信设备、工业工控、汽车电子等领域客户
2792,通宇通讯,可满足4G、5G 等多网络制式的多样化产品需求，公司在移动通
300322,硕贝德,5G射频技术先锋，进军散热等行业，不断培育新的利润增长点。 
2446,盛路通信,聚焦军用电子和民用通信业务，核心业务在国内处于领先地位   
300571,平治信息,数字阅读细分市场的领先者，转型通信硬件设备提供商      
2796,世嘉科技,公司已形成覆盖4G/5G基站天线和射频滤波器的一体化布局，成
300136,信维通信,国内领先、全球知名的一站式泛射频解决方案提供商，产品涵盖天线
688418,震有科技,专业从事通信网络设备及技术解决方案的综合通信系统供应商，坚持
300008,天海防务,专业民用船舶与海洋工程设计企业               
2413,雷科防务,从事雷达系统、智能弹药、卫星应用、安全存储等的高科技企业  
300134,大富科技,国内领先的移动通信基站射频器件、射频结构件的提供商     
2547,春兴精工,通讯系统设备、汽车等精密铝合金结构件制造商，通信结构件及射频
2194,武汉凡谷,专注于滤波器领域20多年，在业内处于龙头地位        
688182,灿勤科技,元器件技术国产化进程中的领头企业              
300590,移为通信,嵌入式M2M终端龙头，主打高端化、定制化终端产品。     
300045,华力创通,国内计算机仿真行业领先企业                 
600775,南京熊猫,爱立信重要的全球供应中心，轨交AFC/ACC系统集成国内第一
601698,中国卫通,国内卫星通信运营核心龙头，全面布局掘金千亿市场。      
2115,三维通信,国内主流的移动通信网络建设供应商及移动互联网信息综合服务商 
688523,航天环宇,主营宇航产品和航空航天工艺装备，与中国商飞子公司合资成立的湖
300762,上海瀚讯,军用宽带移动通信行业领军企业                
300366,创意信息,国内领先的大数据产品及综合解决方案提供商。         
688387,信科移动,公司是从事移动通信国际标准制定、核心技术研发和产业化的唯一一
2151,北斗星通,推动北斗产业化应用，其导航芯片、板卡、天线等产品已广泛应用 
300177,中海达,拥有高精度定位技术和时空大数据生态链            
300627,华测导航,导航定位优势企业，从芯片、硬件到算法、解决方案一体化布局，受
2383,合众思壮,全球时空信息产业领导者                   
688592,司南导航,高精度GNSS板卡/模块产品领域市占率国内居前       
2682,龙洲股份,龙岩市国资委旗下上市公司，是福建省汽车客运的龙头企业。已形成
688066,航天宏图,国内领先的自主遥感服务的全产业链提供商。          
300053,航宇微,航空航天领域高可靠嵌入式SOC芯片及系统集成的骨干企业之一 
688568,中科星图,国内最早从事数字地球产品研发与产业化的企业         
1270,*ST铖昌,国内少数能提供相控阵T/R芯片完整解决方案厂商，并能与中国电
688375,国博电子,国内军用T/R组件龙头企业，军民品业务协同发展，打破了国外技
300123,亚光科技,微波电路领导者，自主可控急先锋               
688270,臻镭科技,特种行业芯片领先厂商；国内通信、雷达领域中射频芯片、微系统及
301050,雷电微力,毫米波微系统龙头，掌握毫米波微系统核心技术，业务覆盖全产业链
688682,霍莱沃,国内CAE软件的领航者，看好公司品类拓展与产业链延伸    
600118,中国卫星,专注于宇航制造与卫星应用两大主业的企业集团         
603131,上海沪工,国内规模最大的焊接与切割设备制造商之一，布局航天军工迎来高景
2512,达华智能,全球领先的综合信息服务提供商。主要业务是“一网一屏”，涉足的
2519,银河电子,业务涵盖“军工智能机电、电动汽车零部件、数字电视智能终端” 
2681,奋达科技,主营多媒体音箱，且较早布局了智能穿戴产品          
2045,国光电器,国内扬声器龙头；进军VR整机生产              
2241,歌尔股份,电声组件全球领先，光学组突飞猛进，VR业务迎来收获期    
2475,立讯精密,逐步完善产品布局，实现消费电子、汽车、VR/AR/MR 多赛
676,智度股份,主营业务为移动互联网流量的聚合和经营            
2351,漫步者,国内领先的独立音频品牌龙头                 
300866,安克创新,产品+营销+渠道打造品牌力，连续6年蝉联中国全球化品牌50强
810,创维数字,全球数字机顶盒龙头；依靠数字机顶盒业务渠道开始拓展5G家居生
2888,惠威科技,拥有从扬声器单元、音响到各类电声产品的完整产业链，已成为全球
688099,晶晨股份,专注于多媒体智能终端SoC芯片的研发、设计与销售的集成电路设
688332,中科蓝讯,无线音频SoC芯片领域主要供应商，白牌市场市占率头部企业  
300503,昊志机电,高速精密电主轴及其零配件领域国家高新技术企业        
300161,华中数控,以数控系统技术为核心，以机床数控系统、工业机器人及智能产线、
300508,维宏股份,公司专注于工业运动控制领域                 
688305,科德数控,国内五轴机床领先企业，深耕航空航天领域           
688308,欧科亿,硬质合金锯齿刀片起家，国内硬质合金数控刀具头部制造商。国内第
688059,华锐精密,国内刀具领先企业，涵盖车铣钻三大系列产品。         
300488,恒锋工具,小而美的高端刃量具专家，筹划收购机床工具行业龙头骨干企业。 
300441,鲍斯股份,国内主要的螺杆压缩机制造商商和金属切削刀具供应商      
300083,创世纪,国内金属CNC领域龙头                   
837,秦川机床,中国机床工具行业龙头骨干，有国家级制造业单项冠军产品和多家国
2248,华东数控,以研发、生产和销售数控机床、普通机床及其关键功能部件为主营业
2122,汇洲智能,轴承制造领域的优秀企业，机床领域标准制定者之一       
301029,怡合达,自动化零部件龙头，一站式供应平台提高市占率         
600243,*ST海华,数控机床、食品机械、电梯配件、齿轮箱等产品拥有较高的市占率 
410,沈阳机床,国内机床行业的龙头                     
688577,浙海德曼,承担浙江省科学技术厅省重点研发项目             
688697,纽威数控,国产数控机床领军企业，主营业务可分为大型加工中心、立式数控机
601882,海天精工,深耕中高端数控机床，已成为国内数控机床民营龙头       
688558,国盛智科,多年被中国机床工具工业协会认定为“中国机床工具行业三十强企业
2520,日发精机,获国家级产业基金投资支持深化机床产业链协同，充分受益于中高端
300946,恒而达,国内金属切削工具领域的龙头企业之一             
2559,亚威股份,国内中高端金属板材成形机床行业的领先企业之一        
300809,华辰装备,全球领先的集轧辊磨床研发制造和技术支持为一体的解决方案服务商
300606,金太阳,专业生产高档涂附磨具产品高科技企业，六条国际领先自动化生产线
2903,宇环数控,专业从事数控磨削设备及智能装备的研发、生产、销售与服务，为客
2602,ST华通,网络游戏和汽车用塑料零部件双主业的企业           
2555,三七互娱,突破核心品类，产品矩阵饱满，业绩拐点可期          
603444,吉比特,核心产品长生命周期，明年自研放置产品大年          
300315,掌趣科技,国内领先的移动终端游戏开发商、发行商和运营商        
2517,恺英网络,前瞻布局VR产业链，浙江盛和持续赋能，自研游戏优势显著   
300031,宝通科技,游戏+工业双轮驱动，率先开启元宇宙探索           
300494,盛天网络,从网吧软件服务商成功跃升为互联网平台型企业，IP运营稳守内容
300002,神州泰岳,双轮驱动，游戏出海保障长线业绩，计算机业务拥抱数字经济时代 
300299,富春股份,国内民营通信网络建设技术服务提供商中的领跑者        
300459,汤姆猫,以汤姆猫系列为核心，打造全栖IP运营商。AI+战略引发诸多关
300418,昆仑万维,全球化的综合互联网平台型企业。               
2605,姚记科技,扑克牌龙头企业；切入星球卡业务               
600892,*ST大晟,回合制端游与手游的研发与运营+基于H5网页、手机移动端研发的
917,电广传媒,剥离传统有线电视业务，“传媒+文旅+创投”战略转型落地   
300280,*ST紫天,司液压机产品加工、装配综合能力和水平已跃居国内同行业领先水平
300052,ST中青宝,拥有丰富元宇宙技术储备；旗下元宇宙游戏《慎初烧坊-酿酒大师》
300364,中文在线,国内最大的正版数字内容提供商之一。             
601921,浙版传媒,公司构建了浙江省最大的图书零售网络，并具备全国性分销和网络发
300556,丝路视觉,全国性的CG视觉服务提供商，高新技术企业          
300467,迅游科技,国内领先的游戏云加速服务提供商               
300296,利亚德,利亚德是全球LED显示应用行业龙头企业，主营业务包括智能显示
300788,中信出版,经济管理类图书的市场占有率继续保持第一           
301486,致尚科技,游戏机、VR/AR 设备的精密零部件厂商，兼营连接器，主要供
300061,旗天科技,数字生活科技创新企业，主营业务为数字生活营销服务、银行卡生活
300144,宋城演艺,演艺市场龙头，多地扩张完善布局，静待行业复苏带来的业绩弹性释
600373,中文传媒,中国文化产业领军品牌和江西文化产业的领跑者、整合者。    
300148,天舟文化,巩固图书出版发行传统业务，布局移动网络游戏业务       
300533,冰川网络,国内专业从事网络游戏研发、发行与运营为一体的网络游戏企业之一
2425,ST凯文,以精品IP为核心，从事手游、影视剧、动漫业务的泛娱乐公司  
603258,电魂网络,深耕竞技品类的精品游戏研发商                
300472,*ST新元,工业智能化输送配料系统领先企业               
2168,*ST惠程,领先的移动互联网游戏企业                  
300518,新迅达,从事手机游戏开发、销售以及游戏运营业务           
600633,浙数文化,浙江报业旗下全国第一家媒体经营性资产整体上市的公司     
300168,万达信息,国内城市信息化领域的领先企业                
503,国新健康,数字医保为体，数字医疗、数字医药为两翼           
2777,久远银海,医保信息化龙头，将充分受益于DRG/DIP支付方式带来的信息
600718,东软集团,领先的“大健康、智能汽车、智慧城市”领域IT解决方案提供商 
688579,山大地纬,国内领先的“AI+区块链”科技服务商。           
600588,用友网络,中国企业数智化服务及软件自主创新领域标杆企业        
688246,嘉和美康,电子病历行业龙头，数据中心和专科电子病历有望成为第二增长极 
300253,卫宁健康,卫宁健康医疗信息化龙头，中国智慧医疗整体解决方案领导者。  
2065,东华软件,国内首家同时具有系统集成一级、涉密甲级、CMMI5级等资质的
300451,创业慧康,聚焦医疗IT领域，有完备的产品体系和服务网络。       
300288,朗玛信息,创新能力领先、规模最大的社区性语音增值服务提供商      
605186,健麾信息,智能化药品管理以及移动医疗整体解决方案提供商，其自动化药房产
300078,思创医惠,致力于成为全球领先的智慧医疗和物联网应用整体解决方案的服务商
300550,和仁科技,定位于医疗IT整体解决方案商，形成一定差异化。       
688329,艾隆科技,主要为各级医疗服务机构提供医疗物资智能化管理整体解决方案。 
603716,塞力医疗,中部地区首家沪市主板上市的医疗集约化运营服务提供商     
301370,国科恒泰,中科院旗下的医疗器械的分销和直销商             
705,浙江震元,注射用氯诺昔康、盐酸头孢他美酯干混剂和胶囊国内市场占有率第一
28,国药一致,医药批发、零售连锁为一体的大型医药商业集团         
603108,润达医疗,IVD集约化商业服务龙头，疫后复苏即将开启，公司产品贡献高弹
2364,中恒电气,国内通信电源系统的主要供应商之一              
600405,动力源,直流电源、交流电源和集中监控系统等产品可满足多种电源产品需求
2902,铭普光磁,产品一直供货给深圳海思半导体和海思光电子          
300153,科泰电源,国内柴油发电机组行业技术实力较强、规模较大的企业      
2660,茂硕电源,全球领先的电源解决方案供应商和国内电源行业的标志性企业。  
300820,英杰电气,国内中高端工业电源龙头；光伏、泛半导体、充电桩平台化布局。 
688719,爱科赛博,主营电力电子电能变换和控制设备，与华为等公司建立了合作关系 
2335,科华数据,公司立足电力电子核心技术，打造国家级技术研究院。      
2518,科士达,UPS行业国内龙头                     
2334,英威腾,领先的自动化解决方案供应商，低压变频器市场份额领先，    
300376,ST易事特,电力电子技术及能效管理专家，智慧能源系统解决方案卓越供应商 
300870,欧陆通,开关电源优质企业，高附加值产品放量，电源适配器服务器电源等领
2843,泰嘉股份,双金属带锯条国产替代充分受益，市占率国内第一，世界第三，收购
2851,麦格米特,多元化战略持续兑现，发力新能源、工业电源及工控       
576,甘化科工,主营军工产品和食糖贸易两大业务               
300491,通合科技,主要从事电力电子行业产品的研产销，包括智能电网、新能源汽车及
300726,宏达电子,国内军用钽电容器生产领域的龙头企业             
2707,众信旅游,国内领先的大型出境旅游运营商，全国最大的旅游批发商之一   
600138,中青旅,多业务布局强化抗风险能力，深耕景区业务打造强竞争力综合旅游目
600250,南京商旅,南京市属老牌外贸企业，进出口贸易为公司传统主业       
610,西安旅游,逐步构建由酒店民宿、智慧旅游、景区管理、特色商业、教育培训、
600754,锦江酒店,产业规模国内酒店业第一，全球战略境外加速扩张，国内区域重心强
601007,金陵饭店,我国第一批民族星级酒店，多年来在全服务高端酒店领域积累了深厚
428,华天酒店,重塑酒店品牌与口碑，酒店业以“自营+托管”的轻资产模式运营发
301073,君亭酒店,中高端精选酒店龙头，扎根长三角区域，打造具有鲜明中式特色的中
721,西安饮食,全国首家上市餐饮企业，西安城市的一个重要窗口和旅游名片   
605108,同庆楼,老字号多元化发展，门店扩张+预制菜发力，未来可期      
600593,大连圣亚,大连地区具备较完整产业链的旅游公司，拥有海洋馆，公园等资源 
600706,曲江文旅,涵盖历史文化类旅游景区运营管理、策划、餐饮酒店、旅行社和旅游
2033,丽江股份,丽江唯一A股上市公司，逐步发展成为集“吃、住、行、游、购、娱
600054,黄山旅游,黄山5A级景区的垄断性旅游企业               
430,ST张家界,主要经营性资产绝大部分位于张家界市，张家界拥有绝版的旅游资源
2627,三峡旅游,国有一级客运企业，转型综合旅游服务             
300859,西域旅游,疫情复苏之下的新疆旅游龙头企业               
603136,天目湖,依托自然资源，打造一站式旅游目的地。优化产品布局疫后恢复。 
600358,ST联合,长江三峡地区规模最大的专营高速水翼船的客运服务企业     
978,桂林旅游,整合核心资源，期待疫后修复。                
600749,西藏旅游,西藏本土第一家上市企业                   
2159,三特索道,在全国范围内从事旅游资源的综合开发与运营，确定了聚焦索道、拓
863,三湘印象,旅游演艺市占率A股第二                   
2059,云南旅游,云南省为数不多的综合性旅游上市公司             
69,华侨城A,"中国主题公园产业的领跑者，开创了""旅游+地产""模式     "
601800,中国交建,全球头部基础设施综合服务商，实控人为国务院国资委。     
601669,中国电建,清洁能源订单全面发力，EPC 施工总承包绝对主力，勘察设计与
601186,中国铁建,公司多种类业务齐发展，验证出海逻辑，业绩兑现稳定。     
601868,中国能建,全球能源电力和基础设施建设领军企业             
600339,中油工程,中国领先、全球先进的石油工程建设企业            
603126,中材节能,中国建材集团旗下专业从事节能环保产业的上市公司。在水泥余热发
600720,中交设计,中交集团六设计院拟重组上市，竞争优势显著          
601608,中信重工,国内领先、全球稀缺的高端重型机械加工制造能力        
688119,中钢洛耐,"国内耐火材料生产龙头企业,拥有200多个品种的耐火产品   "
600007,中国国贸,地标核心资产，类似不动产信托                
736,中交地产,中交集团旗下唯一A股地产上市公司              
3009,中天火箭,航天科技集团旗下公司，主营民用和军用小型固体火箭整箭及延伸业
601989,中国重工,研发生产体系最完整、产品门类最齐全的船舶配套设备制造企业  
600482,中国动力,国内海军舰船动力及传动装备的主要研制和生产商        
600764,中国海防,水下信息化装备核心供应商。                 
300527,中船应急,军方应急交通工程装备的重要供应商和总装单位         
300847,中船汉光,从事打印复印静电成像耗材及成像设备等的研发、生产和销售   
600150,中国船舶,民船进入上行周期，军船持续高景气大弹性           
600685,中船防务,大型综合性海洋与防务装备企业集团              
600072,中船科技,中国船舶集团间接控股的国有上市公司，收购中国海装等风电新能源
768,中航西飞,我国军民用大中型飞机整机及航空零部件的研制企业       
600760,中航沈飞,国内双发重型歼击机龙头企业，陆海并进叠加改革增效，歼击机龙头
300114,中航电测,重组注入航空工业成飞，歼20、外贸军机、民用大飞机铸就成长之
688297,中无人机,国内大型固定翼长航时无人机系统的领军企业，翼龙系列无人机获得
600038,中直股份,国内直升机制造业的骨干企业                 
600765,中航重机,航空锻造平台型龙头，产业链一体化拓展。伴随军工高景气成长，企
2179,中航光电,国内特种防务连接器龙头，伴随军工景气度提升，十四五规划期间军
600862,中航高科,航空复合材料原材料技术和产业规模在国内处于领先水平     
600372,中航机载,航空机载电子设备领域的领先企业               
2401,中远海科,中国远洋海运集团旗下，国内最早从事智能交通和航运科技服务的企
927,中国铁物,全国乃至全球“第一”的铁路物资供应商            
1213,中铁特货,国铁集团旗下的重要物流企业，专注于铁路冷链物流业务     
600787,中储股份,中国物资储运集团有限公司下属，特大型全国性仓储物流企业。  
688648,中邮科技,中国邮政旗下，国内最早一批布局智能物流设备制造领域的企业之一
600916,中国黄金,避险黄金景气度高，疫情加速行业集中度提升，新品培育钻石打开新
717,中南股份,广东省最大的钢铁企业                    
708,中信特钢,坚持深耕特钢主业，是全球领先的专业化特钢生产基地之一，技术装
601898,中煤能源,煤炭行业巨擘，上下游产业链一体化发展。           
600610,中毅达,季戊四醇生产装置年生产能力达到 4.3 万吨，国内产能仅次于
601808,中海油服,亚洲功能最全、服务链最完整、最具综合性的海上油田服务公司  
601611,中国核建,稳增长投资加速，核能新能源建设将再上台阶          
601985,中国核电,核电业务稳定成长，风电光伏协同发展，清洁能源独特优势    
777,中核科技,阀门行业的龙头企业                     
3816,中国广核,国内核能发电的龙头企业，核能动力新技术开发和应用拓展的领跑者
881,中广核技,国内领先的电子加速器、改性高分子材料提供商         
301516,中远通,中国广核集团旗下，主营通信电源、新能源电源和工控电源    
601179,中国西电,领先的特高压输配电设备制造商，主要产品为高压开关、变压器  
301175,中科环保,中科院旗下的生活垃圾焚烧发电企业              
601106,中国一重,领先的核能设备、重型压力容器、冶金设备、大型铸锻件制造商  
537,中绿电,完全置出地产资产，置入新能源资产，开启新能源转型。     
1287,中电港,中国电子信息产业集团旗下，境内规模最大的电子元器件分销商  
603019,中科曙光,中科曙光是中国领先的高端服务器生产商，具备全国产化产业链布局
2189,中光学,全球投影显示领域光学元件配套最齐全的企业，数码光学精密零组件
3031,中瓷电子,国内电子陶瓷外壳的龙头厂商，市占率约3%。         
688146,中船特气,中国船舶集团旗下，电子特种气体产能及收入规模国内企业第一  
600536,中国软件,国产操作系统龙头；把控麒麟OS、达梦数据库重要资源；向技术产
300678,中科信息,实控人中国科学院控股有限公司，提供信息化解决方案，在现场会议
601728,中国电信,通信龙头推进“云改数转”转型，个人移动端、个人固网端，产业数
600941,中国移动,高股息运营商龙头；政企业务发展提速             
600050,中国联通,三大电信运营商之一，基础设施运营服务国家队，全面数字化转型助
600084,中信尼雅,国内领先的集葡萄种植、加工、贸易一体的大型葡萄酒上市企业  
600737,中粮糖业,世界最大的番茄制品生产企业，我国食糖生产和进口的重要企业  
601858,中国科传,实控人中国科学院控股有限公司，国内学科分布最全、出版规模最大
601949,中国出版,实控人中国出版集团，出版“国家队”，国家一级出版社数量（7家
839,中信国安,信息产业为主营的高科技上市企业，在广电行业具有较强的影响力 
600088,中视传媒,中央电视台旗下唯一上市公司，已形成影视、广告、旅游三大主营业
600056,中国医药,央企国资控股，以国际贸易为引领、以医药工业为支撑、以医药商业
300425,中建环能,国内率先将磁分离水体净化技术和设备应用于水环境治理领域的企业
300962,中金辐照,国内外知名的合约灭菌、辐照技术服务连锁企业         
301215,中汽股份,一家集汽车试验场投资、运营、管理为一体的汽车服务公司    
601965,中国汽研,汽车技术服务业务和产业化制造业务，国家级科研机构      
301508,中机认检,中国机械总院旗下，我国车辆检测领域少数具备检验检测、认证一体
688128,中国电研,电器检测平台龙头，背靠国资委                
2307,北新路桥,新疆地区重要的路桥施工企业                 
2941,新疆交建,新疆自治区路桥施工领军企业                 
603227,雪峰科技,新疆民爆行业龙头，已形成“民爆+能源”双轮驱动的发展格局。 
600581,八一钢铁,立足新疆，辐射西北的钢铁企业                
2205,国统股份,全国PCCP其它输水管道行业知名度最高实力最强的企业之一  
600425,青松建化,目前新疆单线规模最大、工艺设备最先进、环保最先进的水泥生产线
2800,天顺股份,紧跟国家“一带一路”，贯彻以新疆为中心东联西出，打造国际化、
600540,新赛股份,具有先进的棉花加工技术，农业产业化高新技术企业       
603101,汇嘉时代,新疆内最大的商超连锁企业                  
600778,友好集团,新疆地区老字号国有商业企业，旗下超市品牌在当地有着广泛的影响
600326,西藏天路,西藏地区最大的公路桥梁施工企业               
2827,高争民爆,西藏自治区唯一一家民爆企业，集研产销、仓储、危货运输、武装押
600853,龙建股份,黑龙江省国资委旗下东北地区最具实力、最具规模的大型综合建筑集
600113,浙江东日,智慧农批为核心，集农副产品采购、加工、检验及流通服务于一体的
600202,哈空调,国内最大的电站空冷器、石化空冷器、电站空气处理机组专业生产商
601880,辽港股份,我国主要的海铁联运及海上中转港口之一            
600399,抚顺特钢,国内高温合金的优质企业，在十四五军工发展规划下，有望持续兑现
761,本钢板材,辽宁省属国企，以建设极具国际竞争力的精品板材基地、国内一流特
600231,凌钢股份,辽宁省大型钢铁企业之一                   
600694,大商股份,拥有百货、超市、家电连锁等业态的大型综合性百货公司     
679,大连友谊,是以零售百货、酒店管理、房地产开収为主业，以其他策略性投资为
600125,铁龙物流,铁路特种集装箱、铁路客货运输业务的现代物流企业       
600697,欧亚集团,吉林省的商业龙头企业之一，长春地区效益最好的百货门店之一  
600189,泉阳泉,国内知名的矿泉水生产商、吉林最大的绿化工程企业       
766,通化金马,国内风湿骨病中成药用药中排名居于前位            
2828,贝肯能源,国内领先的油气资源开发综合服务商。             
600415,小商品城,全球最大的小商品批发市场。世界小商品之都，市场成交额一直稳居
2537,海联金汇,第三方移动支付交易规模A股第一               
603128,华贸物流,华贸物流位列综合实力第8 位、国际空运业务第5 位、国际海运
603836,海程邦达,我国较早获得一级国际货运代理资质的企业之一         
600278,东方创业,在货物贸易和现代物流方面具备较强综合实力和竞争力      
600060,海信视像,围绕主业的多元化产业结构升级，逆势增长，22Q1全球份额跃居
600690,海尔智家,国内白色家电优质企业之一，公司高端化产品进程打造顺利，依旧看
16,深康佳A,中国彩电行业和手机行业骨干龙头企业             
688696,极米科技,国内智能投影机市场龙头                   
2848,高斯贝尔,国内领先的数字电视行业应用领军企业，也是超前布局数字经济的高
651,格力电器,享誉全球的空调行业第一品牌，利润和市占率第一的空调企业   
333,美的集团,家电品类覆盖全面、多元品牌矩阵全覆盖的全球白电巨头。    
921,海信家电,老牌白电龙头，中央空调业务市占率居首，产品、品牌及渠道壁垒深
600854,春兰股份,知名空调厂商                        
2686,亿利达,国内中央空调风机行业龙头。                 
603726,朗迪集团,专业的风叶风机制造厂商，核心客户已覆盖格力、美的、海尔、海信
603486,科沃斯,从功能到智能，从产品到品牌，从国内到全球，中国清洁电器龙头，
688169,石头科技,扫地机器人行业后起之秀，差异化竞争带来持续增长。      
603355,莱克电气,吸尘器代工龙头，自主发展吉米除螨机、碧云泉净水机，切入铝合金
605555,德昌股份,主要从事小家电及汽车EPS电机的设计、制造与销售业务    
301187,欧圣电气,主打产品为小型空压机和干湿两用吸尘器，产品外销占比达95%以
603657,春光科技,清洁电器软管及配件产品的领域拥有较强的技术优势       
603344,星德胜,主营吸尘器微特电机，主吸力电机产品全球市占率超25%    
2032,苏泊尔,炊具龙头地位巩固，常年位居国内市场第一，加速推进渠道改革  
2242,九阳股份,厨房小家电龙头，逐步拓宽产品矩阵，向清洁电器品类扩张。   
600983,惠而浦,国内市场变频洗衣机领军品牌                 
2543,万和电气,公司所属行业为厨卫电器行业，万和燃气热水器连续15年综合市占
2668,TCL智家,产销规模全球排名第六，公司已实现连续13年冰箱出口销量排名第
521,长虹美菱,国内重要电器制造商之一；基本完成综合白色家电产业布局，且进入
600336,澳柯玛,国内知名的家电品牌之一                   
404,长虹华意,冰箱压缩机行业龙头企业，全球市场份额超过20%，与全球多家知
603215,比依股份,空气炸锅第一股，中国十大厨房家电出口企业之一        
2959,小熊电器,创意小家电领先者，产品包含厨房小家电、生活小家电和其他小家电
1259,利仁科技,核心产品为厨房小家电，电饼铛领域的先驱者和领导者。     
300894,火星人,火星人是集成灶龙头企业，品牌高端定位明确。         
2677,浙江美大,集成灶行业的开创者和引领者，是集成灶行业内首家上市公司，国内
300911,亿田智能,营收稳健提升，业绩增速高于同行业水平。且公司率先抓住蒸烤类集
605336,帅丰电器,专注于以集成灶为核心的新型智能厨房电器，蒸烤一体集成灶销量领
2508,老板电器,老板电器是国内厨电龙头，依靠品牌调性、多元渠道和产品矩阵形成
2035,华帝股份,国内领先厨电品牌，深耕烟灶塑造基本盘，新品创造新增长点。  
603366,日出东方,太阳能热水器、厨电业务平稳发展，空气能业务高速增长。    
2403,爱仕达,全球锅具龙头，我国最大的炊具民族品牌。           
603677,奇精机械,国内较大的洗衣机离合器等家电零部件、电动工具零部件生产企业 
300824,北鼎股份,公司产品曾多次荣获“IF设计奖”、“红点设计奖”等国内外设计
301332,德尔玛,国家级专精特新“小巨人”，主营创新家电           
2614,奥佳华,全球最大的保健按摩器械专业生产基地，在全球三大核心市场分别布
603579,荣泰健康,国产高端按摩椅龙头                     
688793,倍轻松,高端按摩小电龙头，渠道品类加速扩容             
3023,彩虹集团,柔性取暖器行业龙头，公司主要从事电热毯、电热蚊香液等产品的生
2705,新宝股份,从事小家电产品的研发、生产和销售              
603075,热威股份,电热元件产量全球前三                    
300539,横河精密,从事精密塑料模具和精密塑料零部件生产的时间较长       
301295,美硕科技,家电类通用继电器市占率浙江第一，主要供货美的等公司     
301008,宏昌科技,国内较早从事流体电磁阀研发生产的企业之一          
2418,康盛股份,家电制冷管路及配件厂商，兼营新能源汽车业务         
1359,平安电工,主营云母绝缘材料，承担了多项云母行业质量检测标准的修订工作 
603519,立霸股份,是国内最具竞争力的专业生产家电用复合材料的企业之一     
2290,禾盛新材,国内家电复合材料行业领先企业，以有机涂层板（PCM）和覆膜板
301359,东南电子,公司主要从事微动开关产品的设计、研发、生产及销售。客户已覆盖
300665,飞鹿股份,国内工业防护领域领先企业之一                
2972,科安达,公司是国内较早从事铁路信号防雷的企业之一。在轨道交通信号控制
2296,辉煌科技,聚焦轨道交通行业，国内领先的轨道交通运维设备供应商及运营维护
300594,朗进科技,专业从事轨道交通车辆空调及其控制系统领域的高新技术企业   
300407,凯发电气,专注于轨道交通领域相关自动化设备              
601002,晋亿实业,国内紧固件行业龙头企业                   
301016,雷尔伟,轨道交通装备行业较早引入搅拌摩擦焊设备和工艺的行业先行者  
605001,威奥股份,轨交车辆配套产品龙头。公司是国内高速列车配套产品线最为丰富的
1324,长青科技,国内三明治复合材料产品先行企业               
300960,通业科技,公司为行业前列的轨道交通配套电气装备制造商         
300923,研奥股份,在城轨车辆电气设备领域形成了领先的市场地位         
300789,唐源电气,一家轨道交通运营维护解决方案提供商，技术实力和销售业绩均居行
300440,运达科技,在信息系统集成及服务领域已达到国内领先水平         
300427,红相股份,"公司旗下拥有""红相""、""红相力""、""REDPHASE""等知名"
1255,博菲电气,电气绝缘材料研发企业                    
600585,海螺水泥,现金、产线、矿山是公司资产的核心组成部分，历史最低估值水平下
2302,西部建设,混凝土业务覆盖全国26个省，规模优势明显          
600801,华新水泥,水泥行业龙头企业之一，经营范围主要在华中地区和西南地区   
401,冀东水泥,中国北方最大的水泥生产厂商，京津冀地区的市占率超过50%  
877,天山股份,西北地区最大的水泥生产厂家                 
601992,金隅集团,两大主业历经考验后开始蜕变，水泥业务成为区域市场整合者和领导
600802,福建水泥,福建省最大的水泥生产企业                  
605122,四方新材,重庆市最早成立的商品混凝土生产企业之一           
935,四川双马,国内稀缺的从事产业投资及管理和股权投资基金管理的上市公司。 
600678,四川金顶,四川省大型石灰石矿山之一、西南地区单体最大的氧化钙生产企业 
672,上峰水泥,华东地区大型水泥生产企业                  
600668,尖峰集团,以水泥和医药为主，以健康品、商贸物流等辅的业务格局     
546,金圆股份,锂盐产能逐步落地，多个合作开始推进，阿根廷盐湖资产有良好预期
2233,塔牌集团,粤东地区规模最大的水泥制造企业               
600449,宁夏建材,中国建材旗下上市公司，宁夏地区水泥、商品混凝土龙头企业。  
789,万年青,江西国资委旗下，水泥产能江西省第一             
300573,兴齐眼药,专注于眼科药物领域，已构建“全系列，多品种”的眼科药物产品 
603168,莎普爱思,白内障滴眼液龙头企业。苄达赖氨酸滴眼液在抗白内障药物市场中处
300015,爱尔眼科,爱尔眼科是全球规模最大、诊疗量最多的眼科医疗连锁机构和眼科医
301267,华厦眼科,医院数量已位居全国眼科专科医院连锁集团第二，旗下医院学科实力
301239,普瑞眼科,深耕眼科18载，在全国19个直辖市和省会城市拥有23家医院，
301103,何氏眼科,立足辽宁的眼科医疗服务机构，采用三级眼科健康医疗服务模式，形
688366,昊海生科,国内眼科耗材龙头，积极布局医美高增长赛道          
688050,爱博医疗,多品类齐发展，海外逻辑继续演绎，人工晶状体龙头有望更上一层楼
300622,博士眼镜,国内眼镜连锁零售第一股，旗下拥有定位不同的四大品牌     
300595,欧普康视,专注角膜塑形镜业务二十年，防控近视有刚性需求。产品线持续拓展
301101,明月镜片,国内领先的综合类眼镜镜片品牌企业，具备完善的产业链，渠道品牌
688289,圣湘生物,国家基因检测技术应用示范中心                
688317,之江生物,国内分子诊断试剂生产的龙头企业之一             
300676,华大基因,中国基因全产业链龙头，国内少有的掌握核心测序技术的企业之一 
688399,硕世生物,专注于体外诊断试剂、配套检测仪器等体外诊断产品的高新技术企业
300639,凯普生物,国内领先的核酸分子诊断产品提供商              
2432,九安医疗,医疗器械领域深耕20余年，研发创新能力同行业领先水平    
2932,明德生物,国内领先的POCT产品供应商                
688298,东方生物,深根POCT海外市场，产品线丰富，为美国获批新冠检测自检产品
2022,科华生物,国内体外临床诊断行业龙头企业                
688075,安旭生物,集研发、生产、销售体外诊断试剂、POCT仪器及生物原材料为一
300482,万孚生物,专业从事快速诊断试剂及配套仪器的研发、制造、营销及服务，国内
603658,安图生物,IVD平台型标杆企业，打造实验室整体解决方案        
301060,兰卫医学,国内检验诊断领域占有一定地位、拥有丰富的独立医学实验室运营经
688575,亚辉龙,在自身免疫性疾病化学发光诊断领域具备先发优势        
300463,迈克生物,中国专业的临床体外诊断产品研发、生产企业          
688068,热景生物,国内体外诊断领域主要供应商之一，为全球抗疫提供完整的居家检测
600613,神奇制药,“神奇”品牌有超过30年的历史，“神奇”商标是国家工商行政管
600222,太龙药业,主要业务为药品制造和药品研发服务，具体包含药品制剂、中药饮片
756,新华制药,解热镇痛类原料药龙头企业。布局医美+新冠特效药。      
688180,君实生物,中国新冠治疗的先行者；全球肿瘤免疫的新力量         
688221,前沿生物,聚焦长效多肽领域的新药研发，中国艾滋病新药的领军企业    
300204,舒泰神,主要产品为创新生物药物苏肽生（注射用鼠神经生长因子）和全国独
300199,翰宇药业,国内多肽药物龙头企业                    
600062,华润双鹤,全国最大的输液供应基地、中国领先的全合成抗菌药生产基地   
301089,拓新药业,国内最早工业化生产胞苷的企业，多年来胞苷合成工艺一直处于市场
2349,精华制药,传统中成药制剂、化学原料药及中间体、化工医药中间体、中药材及
300261,雅本化学,主要业务为创新农药中间体、医药中间体的研发、生产和销售   
600629,华建集团,"全球工程设计公司150强""企业，2019年位列第60名   "
2949,华阳国际,拥有建筑行业甲级资质、工程造价咨询甲级资质，华为为公司客户 
300500,启迪设计,全资子公司“嘉力达”自主研发生产了新一代高度集成的屋顶光伏小
603017,中衡设计,江苏省最大的建筑设计企业，国内建筑设计领域第一家IPO上市公
300564,筑博设计,民营建筑设计龙头。                     
300983,尤安设计,公司市场占有率在民营建筑设计企业中居于第一梯队位置     
300746,汉嘉设计,公司拥有建筑、风景园林、岩土、市政等工程设计及勘察等多项资质
301167,建研设计,实际控制人为安徽省国资委，具有国资背景           
301024,霍普股份,国内民营建筑领域重要的建筑设计与服务提供商之一       
301365,矩阵股份,空间设计与软装陈设行业的头部企业。业务规模已处于业内第一梯队
300668,杰恩设计,圈内知名的建筑室内设计解决方案及技术服务提供商       
300989,蕾奥规划,为政府及各类开发建设主体提供精准有效并兼具操作性的建设规划解
300778,新城市,国内第一家以国土空间规划为主业的上市公司          
301505,苏州规划,在江苏省内特别是苏南地区具有很高的品牌知名度        
603018,华设集团,中国首家获得工程设计综合甲级资质并在主板上市的工程咨询企业 
300732,设研院,河南省交通事业处于龙头地位                 
603357,设计总院,安徽省国资委旗下，安徽省属企业首家、全国公路设计行业第6家获
603458,勘设股份,主营公路行业工程咨询与工程承包业务             
779,甘咨询,公司整合了甘肃省内工程咨询领域的主要优质企业，在省内工程咨询
2883,中设股份,全国为数不多的拥有跨行业、全业务链甲级资质的工程设计咨询服务
603909,建发合诚,我国海峡西岸经济区建设工程咨询行业的龙头企业。       
300864,南大环境,南京大学所组建的综合性甲级环境科研、规划和咨询服务机构   
300949,奥雅股份,国内首家以景观设计为主业的上市公司，布局“城市更新、乡村振兴
301027,华蓝集团,中国民营设计企业第一梯队                  
300977,深圳瑞捷,国内建设工程质量与安全风险第三方评估咨询业务的开拓者之一  
603153,上海建科,上海国资委旗下，工程监理产值规模连续多年位列全国第一    
603183,建研院,在工程检测、绿色建筑、建筑节能、新型建材等领域拥有核心竞争力
300635,中达安,以工程监理业务为主的项目管理服务行业内领先地位       
600603,ST广物,广汇集团旗下的唯一现代物流平台。              
1317,三羊马,公铁联运方式的第三方物流企业。致力于成为汽车物流在多式联运领
670,盈方微,主营集成电路芯片设计销售和电子元器件分销；2022年8月22
300603,立昂技术,以信息技术服务为主营业务的高新技术企业           
301139,元道通信,排名靠前的全国性、综合型通信技术服务企业          
300588,熙菱信息,以视频图像+大数据深度融合为核心技术，形成视频、大数据智能、
600251,冠农股份,番茄、棉花具有一定的行业优势地位              
600419,天润乳业,新疆匠心乳企，全国化拓展再次扬帆起航            
300106,西部牧业,位于我国三大牧区之一的新疆，拥有国内连续的科研成果     
2719,麦趣尔,现代化食品加工企业，以乳制品、烘焙食品制造、分销及烘焙连锁门
600197,伊力特,国资控股的“新疆第一酒”，受益于疆内经济提速        
972,*ST中基,番茄制品综合生产能力居世界同行业第二位           
600359,新农开发,新疆较大的液态奶、皮棉及种子生产企业            
300313,*ST天山,我国牛品种改良产品及服务提供商之一             
2207,准油股份,国内领先的油服公司转型油气勘探开发公司           
1258,立新能源,立足新疆，专注风力发电和光伏发电业务            
2138,顺络电子,公司是国内电感龙头企业，全球市占率达到7%，仅次于日、台厂商
2782,可立克,汽车磁性元件龙头                      
2885,京泉华,国内磁性元器件头部企业                   
300001,特锐德,充电桩数量全国第一，规模优势显著              
300693,盛弘股份,纯正的储能逆变器，电力电子多点开花             
300713,英可瑞,智能高频开关电源核心部件产品及解决方案供应商。       
300745,欣锐科技,拥有车载电源原创性核心技术的全部自主知识产权，技术实力领先，
300681,英搏尔,国内新能源车电驱动系统的龙头，公司聚焦于新能源汽车电机、电控
2227,奥特迅,主要业务分为电力自动化电源业务、电动汽车充电业务和电能质量治
300510,金冠股份,聚焦“智慧电力+新能源”的国资背景高新技术企业。      
2121,科陆电子,以能源的发、配、用、储产品业务为核心，集自主研发、生产、销售
300444,双杰电气,致力于智能环保配电领域新设备领域拥有多项专利的高新技术企业 
688208,道通科技,汽车后市场龙头，业务由汽车智能综合诊断产品扩展到TPMS产品
2857,三晖电气,三晖电气电能表标准与校验装置市场占有率位列行业第一     
603556,海兴电力,全球化布局的新型电力系统解决商。是国内自主品牌智能电表产品出
300360,炬华科技,智能电表新周期降临，业绩有望高速增长。           
300882,万胜智能,国内电能表市场标杆企业                   
688616,西力科技,国内少数几家在国家电网智能电表、用电采集产品连续中标的企业之
601567,三星医疗,属集感应式电能表、电子式电能表、系统三位一体的专业制造公司 
300880,迦南智能,智能电表技术行业核心研发企业之一              
601222,林洋能源,"智能电表稳健发展，储能光伏破浪前行
            "
400,许继电气,特高压弹性确定性兼具，变配用储业务齐开花。         
600212,绿能慧充,国内充电设施行业领先者，“新能源+光储充”前景广阔     
688517,金冠电气,储能+充电桩+特高压三赛道共振向上             
2927,泰永长征,专注于我国低压电器行业的中高端市场，拥有多项核心技术    
300141,和顺电气,在充电桩大功率快充应用领域及新能源大型发电项目       
2276,万马股份,传统线缆行业优质企业，发力多品种产品充电桩产品带来业绩提升。
300337,银邦股份,新能源冷却板材料龙头 乘风将起               
601702,华峰铝业,被认定为“上海市金山区企业技术中心”            
2953,日丰股份,橡套电缆细分行业的领先企业                 
2130,沃尔核材,国内专业从事高分子辐射改性新材料研发制造的龙头企业     
2816,*ST和科,公司是国内领先的精密清洗设备生产商，具有较强的市场竞争力  
301310,鑫宏业,国家级专精特新“小巨人”，在光伏线缆、新能源汽车线缆领域市占
2339,积成电子,提供智能电网自动化整体解决方案的厂家。国内产品系列最完整的智
2025,航天电器,航天科工集团旗下的电子元器件骨干企业之一          
2015,协鑫能科,清洁能源运营领导者，布局换电赛道打开第二成长曲线。     
2514,宝馨科技,“新能源+智能制造”双轮驱动，重点开展高效异质结光伏电池及组
300516,久之洋,专门从事红外热像仪、激光测距仪等产品领域的高新技术企业   
301311,昆船智能,国内具有较强影响力的智能物流装备和智能产线企业，业务规模位居
985,大庆华科,国内较大的聚丙烯，精制C5，C9石油树脂，精制乙腈产品的生产
600583,海油工程,行业复苏提升业绩，硬实力增强重塑国际竞争力         
600968,海油发展,海洋石油生产服务 、FPSO生产技术服务等综合类采掘服务企业
600688,上海石化,中国最大的炼油化工一体化、高度综合的现代化石油化工企业之一 
852,石化机械,中石化集团唯一的油气技术装备研发、制造、技术服务企业    
554,泰山石油,公司是中国石化旗下最大的成品油销售公司           
731,四川美丰,产业链一体化布局，新建产能逐步投产，业绩增长有望持续。   
423,东阿阿胶,拥有大量阿胶传统配方、秘方，为阿胶行业第一品牌       
300140,节能环境,国内目前智慧环保综合项目成功案例最多的公司之一       
300388,节能国祯,全球Top40水务公司                   
300197,节能铁汉,生态环境建设与运营的领军企业                
591,太阳能,光伏绿电运营商之一，行业迎来改善因素、公司业绩弹性较大。  
601016,节能风电,专业化的风电项目开发、建设及运营商             
600833,第一医药,实控人上海市国资委，上海地区医药流通企业中的老字号     
1979,招商蛇口,央企地产龙头，优势尽显，开发经营齐驱。           
1914,招商积余,央企物管领先者，内外兼修行稳致远              
21,深科技,国内最大的独立DRAM内存芯片封测企业，全球第二大硬盘磁头制
727,冠捷科技,电子信息集团旗下智能显示终端企业，全球市占率连续十八年保持第
733,振华科技,军用电子元器件大本营，实现第6代IGBT国产化，关键技术持续
920,沃顿科技,中车集团旗下，反渗透膜及纳滤膜为主、植物纤维利用为辅的企业，
2066,瑞泰科技,中国建材集团旗下耐火材料企业，在行业内名列前茅，技术水平、创
786,北新建材,石膏板产能规模已稳居世界第一，公司旗下的“龙牌”和“泰山”牌
603060,国检集团,建工建材检测龙头向综合性检验检测龙头迈进。         
600876,凯盛新能,央企控股企业，全国知名的浮法玻璃生产企业          
600511,国药股份,麻醉药品、一类精神药品批发业务的市场占有率排名第一     
600420,国药现代,国内颇具优势的缓释药技术产品生产厂家            
600161,天坛生物,血浆量和品种助推，发展迈入新征程              
300406,九强生物,生化诊断药剂覆盖多个领域，在血凝诊断和肿瘤病理诊断检测领域优
600104,上汽集团,公司整车产销规模多年来一直保持国内领先           
625,长安汽车,与华为、宁德时代合作成立阿维塔科技             
601633,长城汽车,五大品牌（哈弗、魏牌、欧拉、坦克及长城皮卡）各具特色，围绕智
601127,赛力斯,强强联手华为开启“智能汽车生态”宏伟蓝图          
600418,江淮汽车,国内整车头部企业，新能源业务逐渐发力，合作伙伴众多，业绩拐点
601777,千里科技,从事摩托车、新能源汽车、发动机、汽油机的生产销售      
980,众泰汽车,以汽车整车研发、制造及销售为核心业务的汽车整车产业民族自主品
600686,金龙汽车,以大、中、轻型客车的制造与销售为主导产业          
600066,宇通客车,全球客车龙头。                       
957,中通客车,公司新能源客车营收占公司总营收比重达70.17%，受新能源风
868,安凯客车,安徽国资委旗下的专业客车公司。与弗迪电池（比亚迪子公司）、浙
951,中国重汽,重卡行业龙头，连续十七年位居国内重卡行业出口首位。     
800,一汽解放,实控人国务院国资委，重卡市场份额A股第一，布局新能源整车产品
600006,东风股份,实控人国务院国资委   东风集团加速整合商用车业务。    
600375,汉马科技,吉利集团旗下重卡上市企业，公司拥有星马专用车和华菱重卡两大自
301039,中集车辆,掌握高强度耐磨钢核心工艺等轻量化技术，渣土车、冷厢车和罐车轻
605050,福然德,领先的汽车、家电钢材供应链服务企业。            
600335,国机汽车,汽车贸易+汽车工程双轮驱动，积极开拓新能源业务       
600653,申华控股,现有渭南和开封汽博园两个汽车文化产业项目，具备良好的地理位置
2876,三利谱,深耕偏光片领域，产能扩张叠加下游VR等应用景气，前景可期  
605588,冠石科技,偏光片产品是公司的主打产品之一，销量在国内同行业中位居前列 
301045,天禄科技,我国本土中大尺寸导光板领域生产规模领先的企业之一      
3021,兆威机电,公司产品主要应用于移动通信、汽车电子、智能家居与机器人等领域
2456,欧菲光,光学光电行业龙头，市占率中国第一，指纹识别模组出货量稳居全球
300115,长盈精密,国内领先的精密电子零组件制造公司              
1314,亿道信息,以ODM为模式，专业从事笔记本电脑、平板电脑及其他智能硬件等
3035,南网能源,全国领先的工业节能、建筑节能、城市照明节能投资运营服务商。 
600995,南网储能,南网旗下唯一抽水蓄能上市+储能上市平台           
688248,南网科技,大型储能标的之一，储能渗透率快速提升带来业绩高增长。    
600131,国网信通,背靠国网，电网数字化转型赋能发展              
2063,远光软件,国内电力财务软件龙头企业                  
600406,国电南瑞,我国能源电力及工业控制领域卓越的IT企业和电力智能化领军企业
600452,涪陵电力,国网综合能源旗下上市平台，主要从事配网节能以及涪陵地区售电业
600505,西昌电力,西昌市综合性小水电企业                   
600025,华能水电,公司拥有澜沧江全流域干流水电资源开发权           
600011,华能国际,新能源及传统电力盈利能力处于行业前列，23年估值14倍PE仍
600027,华电国际,公司是华电集团旗下唯一常规能源发电平台，是国内大型的综合性能
2039,黔源电力,贵州地区主营水力、火力发电站(厂)的开发、建设与经营管理的企
600396,华电辽能,华电集团旗下上市公司，集火力发电、风力发电、供热、供汽、煤炭
601991,大唐发电,火电业务保持稳定，努力向低碳转型，拓展西南水电和风光发电  
600236,桂冠电力,水电站的生产管理处国内同行业先进水平            
600886,国投电力,坐拥稀缺水电资产，加码风光项目布局             
600021,上海电力,地方电力龙头，持续推进风光布局，公司为国电投旗下主要上市平台
875,吉电股份,升级发展火电，探索发展氢能、储能等新业态          
966,长源电力,武汉市区域内火力发电的电力生产先进企业           
1289,龙源电力,风电运营龙头，风电装机容量全球领先，资源优势明显。     
600795,国电电力,高效火电和清洁能源项目开发                 
600905,三峡能源,自江入海，逐日追风                     
883,湖北能源,聚焦电力、煤炭、天然气三大主业的省属大型企业        
600900,长江电力,全球水电领导者，重组后装机规模再度跃升，大力拓展水风光一体化
600550,保变电气,兵装集团的控股企业，中国最大的输变电设备专业制造企业之一  
601096,宏盛华源,国资委所属山东电工旗下，国内规模最大的输电线路铁塔供应商  
600312,平高电气,我国三大高压开关设备制造商之一               
600379,宝光股份,国生产真空灭弧室和真空开关设备的重点高新技术企业      
688334,西高院,中国西电电气旗下，主营电力检验检测，拥有国家级检验检测中心及
922,佳电股份,特种电机研制先行者，我国特种电机的创始厂和主导厂。     
601225,陕西煤业,动力煤A股产能第二，稳步推进新能源第二增长曲线，存在估值提升
601699,潞安环能,喷吹煤龙头，山西省属煤企，潞安集团旗下唯一上市平台     
983,山西焦煤,坐拥晋中优质焦煤。背靠焦煤集团，资产注入推进中。高比例分红有
600546,山煤国际,打造了国内领先的煤炭集成（供应链）服务体系         
601001,晋控煤业,以开采优质动力煤闻名，是国内最有品牌认知度的煤种      
600123,兰花科创,优质无烟煤企业，品种齐全。                 
600985,淮北矿业,华东地区最大的焦煤企业                   
601918,新集能源,从事煤炭开采、洗选和火力发电的公司             
600971,恒源煤电,皖北煤电集团上市平台，安徽省内煤矿资产已经全部装入公司   
601666,平煤股份,主营业务为煤炭开采、洗选加工、销售             
600403,大有能源,河南地区主要从事煤炭开采的企业               
600121,郑州煤电,实控人河南省国资委，煤炭品种主要为无烟煤、贫煤和贫瘦煤，是优
2128,电投能源,煤炭销售在东北褐煤企业中已经处于优势地位          
937,冀中能源,拥有优良的炼焦煤资源，地处河北，煤炭运输优势明显      
601101,昊华能源,国内五大无烟煤生产基地和最大的无烟煤出口企业之一      
600508,上海能源,以煤炭、铝锭、电力为主导产业的综合性能源企业        
600395,盘江股份,煤炭资源储量丰富，资源禀赋优异，产能扩张叠加煤电联营成长可期
600758,辽宁能源,辽宁省及周边钢铁企业运距最短的大型煤炭供应商        
600397,安源煤业,江西省最大煤炭上市公司，为江煤集团整体上市平台。      
601015,陕西黑猫,我国煤焦化循环经济领域的领先企业              
600989,宝丰能源,国内煤制烯烃龙头，在建400万吨/年煤制烯烃有望于23-24
723,美锦能源,拥有从煤炭、焦化、天然气到氢燃料电池汽车的完整产业链体系  
600408,安泰集团,山西省焦化行业龙头企业之一                 
600792,云煤能源,云南省大型的焦炭生产与焦化工企业之一            
603113,金能科技,主要产品有焦炭、炭黑、白炭黑、山梨酸及山梨酸钾、对甲基苯酚等
2741,光华科技,PCB化学品龙头，连续11年荣获中国电子电路行业专用化学品领
300584,海辰药业,配备了国内先进的科研设备及分析仪器，完善的化学药研发体系  
300801,泰和科技,致力于环保水处理药剂的研发与生产的高新技术企业       
833,粤桂股份,主营有机制糖，拥有多项具有国内领先水平的环保自主知识产权  
2538,司尔特,安徽省最大的高浓度磷复肥生产和出口基地之一         
600470,六国化工,是国家重点发展的大型磷复肥生产骨干企业之一         
300694,蠡湖股份,公司属于行业排名前五大涡轮增压器制造商的合格供应商     
603200,上海洗霸,国内唯一专注水处理运营上市公司               
2882,金龙羽,我国电线电缆行业领先的民营企业之一，是华南地区规模最大、产品
300473,德尔股份,国内最大的转向泵配套企业，积极布局固态电池领域       
2598,山东章鼓,国内罗茨风机第一品牌；参股公司具有锌离子电池、钠离子电池相关
300082,奥克股份,国内环氧乙烷精细化工行业龙头                
300054,鼎龙股份,以七大材料技术平台为依托，形成丰富的产品矩阵，核心产品线主要
2992,宝明科技,主要产品包括LED背光源和电容式触摸屏，产品可应用车载、VR
300019,硅宝科技,有机硅密封胶龙头持续扩张，布局硅碳负极材料成长可期     
2392,北京利尔,国内钢铁用耐火材料规模最大，品种最全的耐火材料供应商之一  
688598,金博股份,国内领先的晶硅制造热场用先进碳基复合材料及产品制造商。   
688116,天奈科技,中国最大的碳纳米管生产企业，技术实力行业领先水平，改变了中国
300409,道氏技术,国内唯一的陶瓷产品全业务链服务提供商            
2805,丰元股份,锂电正极材料企业                      
300565,科信技术,户用储能产品获得欧洲认证；将通过子公司Efore进军海外户用
688299,长阳科技,全球领先高分子功能膜高新技术企业              
300586,美联新材,色母粒与三聚氯氰产能行业领先，适时切入锂电隔膜市场     
2211,ST宏达,国内高温硅橡胶行业位居前列的生产企业            
603806,福斯特,全球光伏胶膜王者，搭配推出光伏背板，并研发感光干膜、FCCL
688560,明冠新材,新型复合膜材料优质企业，背板业务提供基本盘，EVA胶膜和铝塑
2632,道明光学,全球领先的反光材料及延伸产品的一站式安全防护解决方案供应商 
605589,圣泉集团,国内合成树脂龙头企业                    
603928,兴业股份,铸造用粘结剂为主的铸造造型材料行业高新技术企业       
603650,彤程新材,旗下北京科华是稀缺的国内半导体光刻胶龙头，目前已经量产G/I
301319,唯特偶,深耕微电子焊接材料领域，产品应用领域广泛，新能源应用快速增长
301325,曼恩斯特,高精密狭缝式锂电池极片涂布模头市占率本土企业行业第一    
603800,洪田股份,转型铜箔设备，开启成长新征程                
2073,软控股份,国内轮胎橡胶行业软件龙头企业                
3043,华亚智能,公司是国内为数不多的集精密金属结构件制造、设备装配及维修服务
688559,海目星,激光自动化设备领军者，锂电、光伏业务成长性高。       
300068,南都电源,储能行业优质企业，大力发展储能应用场景，减重前行。     
2580,圣阳股份,新能源储能用电池的产销量位居行业前3名           
605100,华丰股份,百年企业，国内最早生产柴油发动机的厂家之一         
600783,鲁信创投,国内最早开展创投的机构之一，具备完善的投资管理和风控体系  
603626,科森科技,从事精密金属加工服务，产品应用于手机、电脑、医疗器械等   
301121,紫建电子,成功开发出叠片工艺硬壳扣式电池，打破国外技术垄断，下游TWS
3022,联泓新科,联泓新科是国内少数掌握高性能EVA生产技术的企业之一，持续受
300484,蓝海华腾,公司在电机驱动的核心控制技术上拥有与国际先进水平      
600089,特变电工,变压器行业龙头，世界领先的新能源系统集成商         
2350,北京科锐,国内最早从事配电自动化设备开发与生产的企业之一       
300040,九洲集团,电力成套设备行业近二十年的专业化发展            
301012,扬电科技,我国较早投身非晶变压器制造领域的民营企业          
301291,明阳电气,输配电及控制设备厂商，中国风电新增装机市占率全国前四    
2028,思源电气,深耕电力设备29年，正强化电网智能化、变压器、海外EPC业务
603050,科林电气,配电行业老兵，在配电领域深耕一二次设备。          
601616,广电电气,少数可以全系列提供40.5kV及以下电压等级输配电成套产品的
2358,森源电气,国内一流的高中压开关设备和电力电子装置的中试、研发平台   
2606,大连电瓷,我国最大的线路瓷绝缘子生产企业               
603530,神马电力,专注电力复合外绝缘市场的隐形龙头              
300069,金利华电,国内大型电网运营企业的高压线路玻璃绝缘子主要供应商     
601700,风范股份,超高压和特高压输电线路铁塔行业领先，国内少有的能生产最高电压
603577,汇金通,具有国内最高电压等级750KV输电线路铁塔生产许可证    
2545,东方铁塔,主营钢结构和铁塔类产品，输电线路铁塔市场份额位居行业前列  
600869,远东股份,公司是国内电缆领域的领先企业，在光伏、风电、特高压等新兴领域
603618,杭电股份,浙江省电线电缆行业协会理事长单位              
2471,中超控股,电线电缆行业拥有国内外一流成熟的生产设备，行业领先水平   
1208,华菱线缆,稳固特缆细分市场，受益于上游原材料价格企稳有望业绩改善。  
2692,远程股份,在电线电缆行业具备先进的检测设备、科研设施和科研场地    
300933,中辰股份,全国电缆行业50强企业                   
301082,久盛电气,防火类特种电缆行业的领军企业之一              
300265,通光线缆,航空航天用耐高温电缆军方产品的五家国内供应商之一      
601126,四方股份,国内电力二次设备知名企业，继电保护业务稳定，新能源并网建设需
600268,国电南自,国内电力自动化行业的知名企业                
600525,ST长园,公司是工业及电力系统智能化数字化领域的先行者        
300222,科大智能,以先进技术为支撑，以自主研发为核心，结合行业应用率先完成智能
682,东方电子,电力自动化全产业链布局龙头企业，深度受益于电网数字化改革浪潮
688330,宏力达,曾荣获“国家工信部专精特新小巨人企业”称号         
300514,友讯达,电力行业用电信息采集应用领域优势地位            
688080,映翰通,提供工业物联网通信及“云+端”整体解决方案         
688191,智洋创新,国内专业的电力智能运维分析管理系统提供商          
300277,海联讯,国内较早从事电力信息化系统集成业务的国家高新技术企业之一  
688171,纬德信息,工业互联网信息安全领域的技术创新型企业           
586,汇源通信,拥有世界先进水平的中心管式异型铠装光缆和带状光缆两项国家专利
688597,煜邦电力,公司是行业内较早进入电能计量领域的企业           
688100,威胜信息,电网行业的优质企业，国内电网招标迎来爆发带动企业业绩高增长。
603421,鼎信通讯,智能电网领域重要的参与者，是国家电网公司、南方电网公司及各省
300183,东软载波,电力线载波通信行业的领军企业                
688681,科汇股份,开关磁阻电机龙头，核心领域市占率领先。           
688450,光格科技,海上风电海缆资产监控运维管理系统市占率国内第一       
300853,申昊科技,专业从事人工智能、数据监测、智能电网等工业大健康相关技术产品
601877,正泰电器,低压电器行业龙头企业，光伏新能源行业先行者         
2706,良信股份,国内低压电器行业中、高端市场的领先公司之一         
605066,天正电气,曾获“中国房地产开发企业500强首选供应商”荣誉      
600192,长城电工,主要生产高中低压开关成套设备、高中低压电器元件等产品    
300670,大烨智能,专注于提供智能配电网设备及解决方案的江苏省高新技术企业   
300982,苏文电能,集电力咨询设计、电力设备供应、电力安装集成、电力运维服务为一
301361,众智科技,国内控制器行业的头部企业，技术水平国内领先，部分产品实现进口
300062,中能电气,国内中压预制式电缆附件龙头企业               
2546,新联电子,国内最早进入用电信息采集系统领域的厂家之一         
301179,泽宇智能,智能电网一站式服务专家，高质量快速成长           
301386,未来电器,塑壳断路器附件产销量在全国同类企业中排名第一        
603829,洛凯股份,断路器关键部件专业供应商                  
603016,新宏泰,国内断路器关键部件、低压断路器及刀熔开关行业领先企业    
600885,宏发股份,中国继电器行业的龙头企业                  
300932,三友联众,国内专业的继电器产品生产制造商               
301388,欣灵电气,国内主要的低压电器生产企业之一，与正泰集团、天正集团、西门子
300215,电科院,全国性的独立第三方综合电器检测机构             
301289,国缆检测,国内最早、产品范围最广、综合实力最强的线缆第三方检测服务机构
300201,海伦哲,国内一家领先的高空作业车产品及服务提供商          
688611,杭州柯林,"电气设备智能感知与诊断预警装置产品领域不断巩固技术护城河,变"
603236,移远通信,全球蜂窝物联网模组龙头，市场份额稳居全球第一，逐步转型成为物
300638,广和通,全球领先的无线通信模块及解决方案提供商           
2313,日海智能,行业领先的人工智能物联网服务提供商             
2881,美格智能,智能模组龙头企业，乘风智能汽车、FWA 高景气度，持续助力业
688159,有方科技,以智慧能源为基石，进击车联网的通信模组强者         
688322,奥比中光,3D视觉传感器龙头厂商                   
603662,柯力传感,传感器行业隐形冠军，加速向物联网解决方案供应商转型！    
688665,四方光电,专注气体传感器，下游广泛应用于智家、汽车电子等多个领域，获得
300007,汉威科技,以传感器为核心的物联网解决方案引领者            
300701,森霸传感,国内少数掌握热释电红外传感器核心技术并拥有知识产权的企业  
688061,灿瑞科技,“智能传感器+电源管理”协同布局，双轮驱动成长。      
300667,必创科技,为工业和科研客户提供工业监测系统、检测分析系统及MEMS传感
2139,拓邦股份,国内智能控制器领军企业，持续深耕电子电控技术。       
2402,和而泰,深耕智能控制器二十余年，产品涵盖家电、电动工具、智能家居、汽
300279,和晶科技,国内最早将MCU应用于家电智能控制领域的行业先行者之一   
300543,朗科智能,智能控制器和新能源锂电池包的优质企业            
3028,振邦智能,专注高端智能控制器，扎根于家电和电动工具领域，变频控制技术和
301135,瑞德智能,以智能家电控制器为主体，同时布局电机电动、医疗健康、智能家居
2925,盈趣科技,国内智能制造领先企业，以自主创新的UDM模式为基础，形成了高
300822,贝仕达克,专注于智能控制领域，国家高新技术企业            
300943,春晖智控,专注于“智控＆阀专家”的产业定位，专业从事流体控制阀和控制系
301418,协昌科技,行业内少数几家拥有电力电子产业链纵向布局的企业之一，同时具备
688528,秦川物联,曾入选“中国企业创新能力1000强”，曾获“世界物联网企业5
603970,中农立华,中国供销合作社系统内唯一全国农资流通上市平台，国内农资供应链
3042,中农联合,原药制剂一体化的农药生产企业，具备“中间体+原药+制剂”完整
600217,中再资环,一流的资源和环境服务商，拥有10家废弃电器电子产品拆解企业 
626,远大控股,致力于成为一家将贸易与产业、高科技深度融合的大型贸产一体化高
603029,天鹅股份,棉花加工机械制造行业的龙头企业。实控人山东省供销合作社联合社
2999,天禾股份,实控人广东省供销合作联社。在华南地区的农资流通及农技服务领域
2758,浙农股份,全国供销社系统城乡商贸服务业龙头企业，实控人浙江省供销合作社
603611,诺力股份,智能物流系统在手订单62.6亿元，2023年进入利润释放期。
688211,中科微至,中科院微电子所加持的智能物流系统综合解决方案龙头。     
300278,华昌达,智能型自动化装备系统集成供应商               
688455,科捷智能,是国内知名的智能物流和智能制造解决方案提供商。       
603082,北自科技,中国机械总院旗下，中国物流仓储系统集成商竞争力前三     
688360,德马科技,中国领先的智能物流系统解决方案与关键设备提供商之一     
603066,音飞储存,行业领先的智能物流系统集成商。公司产品包含智能物流系统的核心
300873,海晨股份,消费类电子行业供应链解决方案的运营商和管理者        
688557,兰剑智能,公司为全流程的智慧物流系统解决方案供应商，核心产品是智能仓储
688251,井松智能,智能仓储物流设备与智能仓储物流系统提供商          
300486,东杰智能,智能成套装备领域优质集成商，钢铁物流优势企业，拓展新能源行业
2352,顺丰控股,鄂州机场有望引领王者蜕变，从中转中心到仓配中心到产业中心，王
2468,申通快递,老牌快递龙头                        
603056,德邦股份,京东物流整合落地，期待两公司协同效应发挥。         
603117,万林物流,盈利码头目前是国内重点木材码头之一             
603871,嘉友国际,布局“一带一路”沿线关键物流资产，复制跨境多式联运核心能力 
557,西部创业,主营铁路运输、仓储物流、葡萄酒、酒店餐饮四大业务      
2072,凯瑞德,主营煤炭贸易                        
603713,密尔克卫,化工供应链物流龙头，内外兼修打开巨大成长空间        
1228,永泰运,危化品跨境运输龙头企业，受益欧洲能源危机带动国内危化出口预期
2930,宏川智慧,国内领先的石化品物流综合服务商，近期并购和投产项目均有望带来
600794,保税科技,国内液体化工仓储的龙头企业之一，乙二醇和二甘醇进口量常年位居
2492,恒基达鑫,华南沿海地区规模最大的石化产品码头之一           
600153,建发股份,全球布局的供应链服务商，“供应链+地产”双轮驱动，双循环发展
600704,物产中大,中国智慧供应链集成服务引领者                
600057,厦门象屿,深耕大宗商品交易行业多年，成功实现从传统贸易商到一体化供应链
600755,厦门国贸,剥离房地产业务，聚焦供应链业务，行业集中度提升，龙头效应逐步
906,浙商中拓,国内大宗商品供应链领域的奋进者。主业与新业并举，盈利与成长齐
600753,庚星股份,主营焦炭及煤炭等煤化工产品的大宗商品贸易业务为主      
1202,炬申股份,专业的有色金属第三方综合物流企业，与天山铝业、中国铝业等铝产
603813,原尚股份,华南地区较具影响力的第三方供应链物流企业          
300013,*ST新宁,长江三角地区电子信息产业链中不可或缺的物流服务商      
300350,华鹏飞,是国内电子信息产业领域的专业物流服务商           
601156,东航物流,具备了较完备的物流行业生态布局，且打造了有影响力的品牌价值 
603967,中创物流,头部货代物流民营企业，智慧冷链物流和新能源工程物流为业绩增长
301041,金百泽,专注电子产品研发和硬件创新领域               
300128,锦富技术,中国领先的光电显示薄膜器件生产和整体解决方案提供厂商    
300476,胜宏科技,快速扩张的内资PCB中军，HDI逐步放量、积极布局IC载板。
2463,沪电股份,全球PCB领军企业，专注于企业通讯市场板和汽车板两大赛道。 
2938,鹏鼎控股,连续4年位列全球第一大PCB生产企业。           
2913,奥士康,主要从事高精密印制电路板的研产销，公司持续加大对元宇宙、6G
603228,景旺电子,主营印制电路板，是国内少数产品类型覆盖RPCB、FPC和MP
601138,工业富联,依托于工业互联网的全球知名电子设备产品智能制造服务商    
300430,诚益通,“一体两翼、双轮驱动”，业务涵盖智能制造业务和康复医疗设备。
2173,创新医疗,公司旗下拥有建华医院、康华医院、福恬医院和明珠医院四家医疗机
2195,岩山科技,国内领先的互联网上网入口平台，打造了“移动互联+多元投资”的
603610,麒盛科技,电动床龙头，公司主要通过贴牌代工（ODM）的模式向海外企业供
2414,高德红外,高德红外是国内唯一同时具备非制冷探测器、碲镉汞制冷探测器、超
603869,ST智知,国内最早参与公共安全智慧化建设的厂商之一          
300753,爱朋医疗,疼痛管理细分领域唯一上市公司，子品牌诺斯清定位于鼻腔护理细分
2819,东方中科,中国领先的先进测试技术与科技服务商，国内少数能够全面提供仪器
300793,佳禾智能,国内领先的电声产品制造商                  
725,京东方A,京东方已成为全球显示面板龙头企业，LCD出货量居全球第一。 
301293,三博脑科,国内知名的神经专科医疗集团，累计完成神经外科手术量居全国前列
300238,冠昊生物,再生医学材料及再生型医用植入器械的研发、生产的高科技企业  
600023,浙能电力,主营火力发电业务，浙江区域能源龙头企业           
690,宝新能源,广东地区民营火电龙头，2021年末在运火电装机为3.52GW
37,深南电A,在珠江三角洲电力负荷中心区拥有三家全资或控股燃机发电厂   
600578,京能电力,北京地区最大的火力发电企业，环保和发电效率处于行业领先地位 
2608,江苏国信,主营业务为能源+金融“双轮驱动”，旗下江苏信托业务能力和人均
543,皖能电力,主营火力发电的安徽国资控股企业               
600575,淮河能源,物流贸易煤炭销售铁路运输港口作业              
600780,通宝能源,国内大型综合能源企业之一，山西省内拥有完善的220千伏电网结
767,晋控电力,山西省最大的煤电企业，同时有光伏、风力发电业务       
600,建投能源,河北国资委旗下，河北省最大的独立发电公司，90%以上机组为热
600744,华银电力,火电机组装机规模在湖南处于领先位置             
600483,福能股份,福建省风电运营商龙头，转型进行时，估值重估抬升。      
600509,天富能源,电价机制理顺业绩反转在即能源战略基地区位优势凸显      
899,赣能股份,二期发电机组江西省同类型火电机组领先水平          
600863,内蒙华电,内蒙古首家上市公司，内蒙古电力龙头企业。          
1286,陕西能源,陕西国资委旗下，主营火电、煤炭，在役电力装机规模省属企业第一
600157,永泰能源,夯实煤、电主业，发力新能源转型               
1896,豫能控股,火电装机容量位居河南省第二位                
600925,苏能股份,江苏省属徐州矿务集团旗下，主营煤炭及发电业务        
600726,华电能源,"形成发电、供热、煤炭、工程""四位一体""产业格局       "
600644,乐山电力,中国第一家电力股份制企业                  
600310,广西能源,拥有完整的发、供电网络，具备“厂网合一”的企业       
600969,郴电国际,湖南省重要的地方性电网公司，围绕电力供应、城市供水、污水处理
722,湖南发展,湖南国资委旗下，主营水力发电及砂石销售，已布局医疗、养老、光
600868,梅雁吉祥,以水力发电为主的民营企业，公司电站所在区域全部在广东    
791,甘肃能源,集水电、风电、光电为一体的综合性清洁能源上市公司      
600032,浙江新能,实控人浙江省国资委，水力发电、光伏发电、风力发电三大产业协同
993,闽东电力,福建省最大的电力股份制企业                 
600163,中闽能源,福建省最早介入风电项目前期工作和开发建设的风电企业之一   
601619,嘉泽新能,集风力、光伏发电、智能微电网的于一体的新能源企业      
862,银星能源,实控人中国铝业集团，主要从事新能源发电（以风力发电为主，还有
603693,江苏新能,从事风能、生物质能和太阳能等项目的投资开发及建设运营    
600821,金开新能,置出原有百货零售资产，主营业务为光伏和风电的开发、投资、建设
600818,中路股份,中国自行车行业十大知名品牌，拥有知名的“永久”自行车品牌  
601778,晶科科技,民营光伏电站龙头                      
603105,芯能科技,工商业分布式光伏龙头，积极布局储能、充电桩高景气赛道    
40,ST旭蓝,光伏为主，向风电领域拓展，布局大尺寸光伏组件市场，精准发力乡
2256,兆新股份,打造“光伏、储能、充电”技术和产业一体化的高科技领军企业  
2218,拓日新能,内较早可同时生产三种太阳电池芯片并且拥有自主研发核心技术的新
300317,珈伟新能,致力为客户提供全方位光伏清洁能源生产与高效利用的解决方案。 
301046,能辉科技,小而美的光伏系统集成商，国内大电站启动业绩弹性较大。    
300187,永清环保,国内领先的烟气排放综合解决方案的环保工程公司        
2893,京能热力,国家高新技术企业和北京市企业技术中心            
1210,金房能源,北京市重要的民营供热企业之一                
600149,廊坊发展,涉及供热、园区开发建设运营、土地一级开发、棚户区改造、城区重
301197,工大科雅,国内领先的智慧供热管理平台服务商              
605580,恒盛能源,国内大型的环保公用及循环经济型高新技术企业         
605162,新中港,浙江省首个全厂通过超低排放验收的热电厂           
605028,世茂能源,国内较早进入生活垃圾焚烧热电联产领域的企业之一       
2479,富春环保,杭州地区最大的环保公用型垃圾发电及热电联产企业       
605011,杭州热电,浙江省较早建成的热电联产、集中供热环保节能型企业      
600982,宁波能源,宁波市最大的公用热电生产企业                
1376,百通能源,主营工业园区集中供热与热电联产业务，主要覆盖江苏、山东等省份
600719,大连热电,大连地区供热、供电联产龙头企业               
2616,长青集团,民营生物质及燃煤热电联产龙头                
300513,恒实科技,发力综合能源服务，虚拟电厂龙头乘风起航           
301162,国能日新,新能源发电功率预测市场领军企业               
600797,浙大网新,智慧云服务、智慧城市、智慧商务、智慧生活的解决方案提供商  
2090,金智科技,国内电气自动化设备行业龙头企业               
2380,科远智慧,热工自动化和电厂信息化行业国内排名前三           
603533,掌阅科技,主营互联网数字阅读服务及增值服务业务            
603721,中广天择,全媒体优质视频内容提供商                  
301262,海看股份,山东广播电视台旗下，独家运营与山东IPTV集成播控相关的经营
301102,兆讯传媒,高铁数字媒体先行者，与铁路局深度合作，布局裸眼3D大屏等全新
607,华媒控股,杭州日报旗下上市公司，主营报刊发行运营，广告业务，教育和其他
603729,龙韵股份,品牌管理、广告全案服务及电视媒体广告经营的综合型广告公司  
2615,哈尔斯,国内最大的保温杯制造商。公司是国内最具影响力的杯壶制造与品牌
600959,江苏有线,江苏地区有线电视服务商                   
156,华数传媒,专业从事全国新媒体业务和杭州地区有线电视网络业务的企业   
600996,贵广网络,贵州文化产业唯一上市平台                  
600037,歌华有线,拥有北京市有线电视网络的经营权，可承载三网融合业务     
665,湖北广电,经营湖北省有线数字电视产业的投资及运营管理         
601929,吉视传媒,主营吉林地区广播电视传输、数字电视增值、宽带双向交互等服务 
600936,广西广电,广西地区广电网络运营商，广西文化产业龙头企业。控股股东变更为
2238,天威视讯,深圳地区最主要的电视服务提供商，深圳地区数字电视服务市场占有
600831,ST广网,主营有线电视网络运营，拥有两个优秀的技术平台        
603096,新经典,主营业务包括图书策划与发行、图书分销、影视投资       
301025,读客文化,中国书业品牌影响力领先、营销模式领先、生产方式领先的专业文化
300654,世纪天鸿,公司由教辅图书出版商向综合教育服务商升级，布局教育AI等项目
301231,荣信文化,主营少儿图书的策划与发行，为少儿科普百科及低幼启蒙两个细分品
601999,出版传媒,国内第一家实现编辑业务和经营业务整体上市的出版企业     
601900,南方传媒,国家教材重要出版基地之一                  
601019,山东出版,主营业务以出版、发行、印刷、印刷物资贸易等为主       
600229,城市传媒,图书出版发行主营业务稳中向好，背靠国企积极布局新业态。   
2445,中南文化,国内最大的工业金属管件制造商                
601801,皖新传媒,公司主营出版物、文体用品，业务范围集中在安徽省       
600551,时代出版,全国率先以出版业务整体上市                 
719,中原传媒,河南省教育出版龙头                     
600757,长江传媒,具有湖北国资背景的湖北省文化产业龙头企业          
605577,龙版传媒,我国东北地区出版发行行业的领先企业之一，旗下出版物《格言》成
603230,内蒙新华,内蒙古自治区规模最大的出版物发行企业            
603999,读者传媒,《读者》杂志发行量连续10余年领跑中国期刊界        
2,万科Ａ,地产行业领军企业，土地储备充足可满足未来四年开发，多元化发展
600048,保利发展,全国性品牌龙头房企，现金流充沛，受益于未来地产集中化逻辑，市
600606,绿地控股,房地产行业龙头企业，大基建、大金融、大消费等产业多元发展  
600383,金地集团,老牌房企龙头，已形成全国化布局，持续多元化业务探索     
2305,*ST南置,中国电建集团旗下，以商业地产为引导的综合性物业开发企业   
600622,光大嘉宝,实控人光大集团，致力于将自身打造成为一个国内领先的不动产跨境
31,大悦城,中粮集团唯一的地产业务平台，以大悦城为品牌的城市综合体商业地
600657,信达地产,中国信达房地产开发业务运作平台，专业特色的不动产资源整合商。
2314,南山控股,以现代高端物流地产为战略性业务，以房地产开发为支撑性业务。 
600376,首开股份,具有国资背景并专注于房地产开发的领先企业，已在北京形成领先优
600340,华夏幸福,产业新城模式的标杆运营商                  
600266,城建发展,具有房地产开发一级资质，地产项目主要在北京         
600743,华远控股,国内房地产行业的先驱企业，老牌优质房企           
601588,北辰实业,一流的复合地产品牌企业，全国最大的会展场馆运营商之一    
600683,京投发展,以房地产开发为主营业务并逐步涉及多元产业发展的综合性企业  
402,金融街,以“地产开发+产业”模式为特色的房地产开发与销售商     
600791,京能置业,具有国资背景并专注于房地产开发的公司，在北京、天津等重点区域
600638,新黄浦,旗下科技京城是上海中心城区内唯一由上海市政府命名的高科技创业
600658,电子城,北京市国资委控股的大型高科技企业集团“北京电控”旗下唯一的科
620,盈新发展,公司为一家集文旅景区开发与运营、房地产项目开发建设、旅游服务
600246,万通发展,华东及北京地区经营房地产、商品房租赁的企业         
600463,空港股份,在高附加值的临空地产的建设、运营各个环节积累了丰富的经验  
608,*ST阳光,"一家主要从事房地产开发,商品房销售、租赁和咨询等业务的企业，"
600159,大龙地产,北京市优秀的房地产开发公司                 
600675,中华企业,上海市房地产开发十大著名企业之一              
600094,大名城,以上海、福州、厦门等区域为主的地产开发商          
600748,上实发展,上海国资房企，公司以中高端住宅开发为主，兼顾商业地产的开发及
600708,光明地产,上海国资委控股公司，深耕华东地区的地产开发商        
600639,浦东金桥,采取租售并举的策略，开发经营了金桥产业园区、碧云国际社区  
600663,陆家嘴,致力于陆家嘴金贸区开发建设，优秀的商业地产投资、开发、运营商
600649,城投控股,深耕上海房地产市场，在保障房、城市更新业务具有先发优势   
600692,亚通股份,是崇明岛唯一上市公司，主营房地产开发等业务         
600503,华丽家族,主营房地产开发，布局了临近空间飞行器、机器人、石墨烯、乙肝疫
600325,华发股份,珠海龙头国企，“一核两翼”加速腾飞。公司以住宅业务为核心，持
42,中洲控股,深圳民营房地产企业                     
600162,香江控股,以商贸物流、房地产、物业管理为主业的公司          
2016,世荣兆业,深耕珠海市的地产开发商                   
36,华联控股,最早从事专业化纤产品生产与经营的国营内联企业        
573,粤宏远Ａ,地产业务保持稳健发展策略，再生铅稳步推进发展，煤炭资源储量巨
601155,新城控股,通过“住宅+商业”双轮发展，打造了“开发+持有”的闭环经营模
600208,衢州发展,长三角地区地产开发商，投资了大量金融科技、高科技公司    
600736,苏州高新,园区开发背景的国有上市平台，公司立足空间运营、产业投资、产城
600510,黑牡丹,国内牛仔布生产销售规模最大的企业              
600533,栖霞建设,集中于江苏省南京、无锡、苏州三市布局房地产项目，品质人居筑造
838,财信发展,深耕房地产全产业链                     
600064,南京高科,房地产、市政、股权投资三大业务板块，经营业绩持续提升    
718,苏宁环球,深耕南京地区的房地产开发商                 
600716,凤凰股份,江苏省首家定位于文化地产开发的房地产开发企业。       
2244,滨江集团,三十年深耕杭州，区域优势明显，运营效率行业前列，企业估值不断
517,荣安地产,长三角地区房地产开发龙头企业                
2133,广宇集团,以高性价比的中小户型住宅开发为主的房地产企业        
631,顺发恒业,业务集中于长三角地区的房地产公司              
600173,卧龙新能,浙江民营房地产企业，房产主要集中在清远、绍兴、武汉三个区域。
897,津滨发展,主要从事商品销售、房屋租赁及销售的房地产企业        
965,天保基建,天津港保税区下属唯一一家A股上市公司，从事房地产开发、物业出
600322,津投城开,专注于天津的优质地产商。                  
514,渝开发,集地产开发、市政资产经营、会展经营、物业管理为一体的公司  
600067,冠城新材,主营房地产开发和漆包线生产销售，漆包线产品质量国内领先   
2146,荣盛发展,地产板块、康旅板块项目实现全国化布局            
926,福星股份,湖北地区最早切入“城中村、旧城、旧厂”改造的房企之一    
600665,天地源,聚焦西安高新区，稳健积极的国有房企             
600502,安徽建工,安徽老牌建筑国企，前身为安徽水利，整体上市后成省内基建龙头，
600239,云南城投,打造了住宅综合体、旅游地产与养老地产的产业联动商业模式   
601512,中新集团,立足苏州，园区开发创投基金两翼发展，配套服务循环发展    
600648,外高桥,国内唯一以保税区开发建设为主营的上市公司          
600133,东湖高新,主营园区运营、环保科技、工程建设的高新技术产业投资控股公司 
300947,德必集团,创意产业园区龙头                      
600604,市北高新,以园区产业载体开发经营、企业服务集成及产业投资为核心业务  
600724,宁波富达,地方城投背景的区域性商业地产运营，具有一定的区域资源优势  
600082,海泰发展,天津国资控股，国内最早一家“以创业孵化带动工业地产与产业投资
600605,汇通能源,剥离房地产开发与销售业务，聚焦房屋租赁、物业服务业务。控制权
2968,新大正,深耕非住宅物业管理，办公物业占据主导            
603506,南都物业,拥有机制、人员与组织、管理与品牌优势的物业服务企业     
2188,中天服务,原“巴士在线”股票简称变更为“中天服务”，主营业务变更为物业
882,华联股份,专注于社区型购物中心运营管理的专业运营商（以北京地区为核心布
56,皇庭国际,以不动产运营管理为主要业务                 
560,我爱我家,房地产经纪龙头企业，拥有我爱我家、相寓、昆百大外等多个品牌 
2285,世联行,公司是我国新房代理销售龙头企业，积极布局互联网+业务和金融服
2377,国创高新,“沥青业务和房地产中介服务”双主业发展           
300295,三六五网,全国最大的房地产家居网络营销服务提供商之一         
2333,罗普斯金,中高端铝合金门窗型材的研发，生产和销售，业内拥有良好的口碑 
301136,招标股份,综合实力较强的中国招标代理公司               
301115,联检科技,建工建材检测翘楚。                     
2398,垒知集团,外加剂+检测业务双轮驱动，同时拟进军光伏产业，打造新的增长极
300155,安居宝,无线报警控制器市场占有率处于行业领先地位          
2786,银宝山新,以模具为核心，集工业设计、模具制造、智能制造为一体化“模具+
531,穗恒运A,广州市属国有控股的重点电力生产和集中供热的上市企业     
600252,中恒集团,以制药为主，拥有健康食品等延伸板块的多元化产业集团     
300355,蒙草生态,核心业务涉及：生态修复、节水园林、现代草业、草种业、生态牧场
2451,摩恩电气,专业从事高端特种电缆研发、制造及销售的国家高新技术企业。主要
300620,光库科技,工业激光器业务稳健增长，铌酸锂业务空间广阔         
603738,泰晶科技,泰晶科技是内资晶振领导者，深耕行业十余年，形成多元完善的产品
2199,*ST东晶,国内石英晶体元器件行业的主要厂商              
300460,惠伦晶体,惠伦晶体是国内晶振龙头企业之一，产品已取得高通、英特尔、联发
2273,水晶光电,国内老牌光学加工龙头，稳固手机业务发力汽车+AR新业务。业绩
301183,东田微,手机摄像头滤光片国内市场占有率排名第三           
2962,五方光电,精密光电薄膜元器件供应商                  
688195,腾景科技,定位于光通信行业和光纤激光行业的上游，是精密光学元件和光纤器
688662,富信科技,国内外少数全产业链半导体热电技术解决方案提供商之一     
2281,光迅科技,主要从事光通信领域内光电子器件的开发及制造         
300394,天孚通信,业界领先的高端无源器件垂直整合方案提供商及高速光器件封装OD
300548,博创科技,光通信领域集成光电子器件技术领先的企业           
300570,太辰光,光器件的研发、生产和销售的高科技企业            
2725,跃岭股份,国内领先的铝合金车轮企业，主要定位于国际AM市场，产品销往全
603803,瑞斯康达,国内光纤通信接入领域的领军企业。为客户提供接入层网络的产品、
300308,中际旭创,全球领先的光模块解决方案提供商，2021年全球光模块供应商T
300502,新易盛,在国内5G建设与海外400G数通升级的共振周期中实现了弯道超
988,华工科技,武汉国资委旗下，激光产业的知名高科技公司          
936,华西股份,国内涤纶短纤维龙头企业，转型“并购+创投”金融生态圈    
301205,联特科技,国内少数可以批量交付涵盖10G、25G、40G、50G、10
603083,剑桥科技,全球100G高速光组件和光模块技术领先企业。主营业务是应用于
300757,罗博特科,完成了业界首创新型异质结电池铜电镀装备交付，高端自动化设备龙
300408,三环集团,深耕电子陶瓷领域多年，一体化布局技术优势明显，主导产品已进入
300913,兆龙互连,中国通信标准化协会全权会员；数据电缆国家标准起草单位    
301269,华大九天,华大九天是国内唯一一家可以提供全流程EDA产品的公司，202
688206,概伦电子,公司器件建模及验证EDA工具已经取得较高市场地位      
301095,广立微,EDA软件+半导体测试设备，收益于国产替代         
300456,赛微电子,收购瑞典Silex转型成为全球MEMS纯代工领域龙头。   
300353,东土科技,长期深耕工业互联网领域，提供工业互联网核心软硬件产品及解决方
300046,台基股份,国内大功率半导体龙头企业                  
688521,芯原股份,"
【RISC-V】
参与阿里玄铁RISC-V芯片设计，RIS"
688691,灿芯股份,全球集成电路设计服务行业头部厂商，与中芯国际建立了战略合作伙
2344,海宁皮城,海宁中国皮革城是全球最具规模、中国最具影响力的皮革专业市场 
603388,*ST元成,浙江省级林业重点龙头企业                  
688502,茂莱光学,国家级专精特新“小巨人”，主营精密光学器件、光学镜头及光学系
300341,麦克奥迪,致力于输配电设备核心部件--环氧绝缘件           
688596,正帆科技,国内领先的专门为泛半导体、光纤通信、医药制造等行业客户提供工
300236,上海新阳,立足电子电镀、电子清洗、电子光刻三大核心技术，国内唯一能提供
688720,艾森股份,集成电路封装用电镀液及配套试剂市占率国内前二        
688138,清溢光电,"公司主要从事掩膜版的制造，应用于平板显示、
半导体芯片、触控"
688401,路维光电,国内领先的掩膜版生产企业，立足于平板显示掩膜版和半导体掩膜版
2963,豪尔赛,集设计、研发、施工、运维为一体的集团化科技照明公司     
300346,南大光电,特气、ALD、光刻胶接棒成长，多维布局渐入佳境       
300655,晶瑞电材,国内最早规模量产光刻胶的少数几家企业之一          
300576,容大感光,一直致力于 PCB 光刻胶、显示用光刻胶、半导体用光刻胶、特
603306,华懋科技,我国汽车被动安全行业龙头企业，研发实力雄厚，安全气囊国际一流
688126,沪硅产业,公司是国内半导体硅片龙头，是率先实现300mm半导体硅片规模
2129,TCL中环,TCL中环是光伏硅片与半导体硅片双龙头，深耕单晶硅材料60余
3026,中晶科技,致力于高品质半导体硅材料的研发和生产            
688432,有研硅,国内半导体材料龙头企业，公司是国内最早开展刻蚀设备用硅材料开
688584,上海合晶,中国少数具备从晶体成长、衬底成型到外延生长全流程生产能力的半
603078,江化微,国内湿电子化学品龙头                    
603931,格林达,"全球TMAH显影液龙头,BOE蚀刻液进入京东方OLED产业链"
600423,柳化股份,华南片区的化工主要生产厂家，化肥和化工产品的生产和销售的公司
2409,雅克科技,中国半导体材料龙头，多业务共同发展             
603938,三孚股份,硅化合物龙头化工企业                    
603948,建业股份,国家级高新技术企业、全国增塑剂行业十强企业         
688019,安集科技,CMP 抛光液行业内资龙头，国产替代加速进行。       
300554,三超新材,专业从事精密金刚石工具研发、生产与销售的高新技术企业，产品包
300666,江丰电子,江丰电子是国内半导体靶材龙头，积极进军半导体零部件领域，业务
688530,欧莱新材,溅射靶材业务收入国内厂商中排名居前             
2119,康强电子,国内最大塑封引线框架生产基地，国内第二大的金丝生产企业   
688535,华海诚科,国内极少数同时布局FC底填胶与液态塑封料的内资半导体封装材料
688035,德邦科技,公司是国家集成电路产业基金重点布局的电子封装材料生产企业。 
600584,长电科技,全球领先的半导体微系统集成和封测服务供应商，业务覆盖高/中/
2156,通富微电,国产半导体封测龙头；深度绑定AMD、MTK；Chiplet技
2185,华天科技,国内第三大、全球第六大封测厂。               
603005,晶方科技,全球第二大能为影像传感芯片提供WLCSP量产服务的专业封测服
301348,蓝箭电子,拥有完整的半导体封装测试技术                
688216,气派科技,华南地区规模最大的内资集成电路封装测试企业之一       
2845,同兴达,液晶显示模组龙头                      
688372,伟测科技,国内第三方独立测试龙头，受益半导体产业国产化+芯片设计高端化
688135,利扬芯片,我国独立测试龙头：专注于测试板块十余年，深耕中高端测试领域。
688362,甬矽电子,主要聚焦集成电路封测业务中的先进封装领域。         
603991,至正股份,电线电缆、光缆用绿色环保型聚烯烃高分子材料领域高新技术企业 
2077,大港股份,“集成电路+园区环保”双主业发展，控股孙公司苏州科阳是少数掌
2079,苏州固锝,专注于半导体整流器件芯片、功率二极管、整流桥和IC封装测试领
601133,柏诚股份,国内少数具备承接多行业主流项目的洁净室系统集成解决方案提供商
688981,中芯国际,中芯国际为中国大陆第一大代工龙头，唯一掌握14nm FinF
688249,晶合集成,合肥国资委旗下的晶圆代工商，12英寸晶圆代工产能中国大陆前三
688172,燕东微,集芯片设计、晶圆制造和封装测试业务于一体，布局产品与方案、制
2230,科大讯飞,智慧教育深度受益，全球人工智能语音龙头持续受益AI开放平台和
300235,方直科技,国内领先的中小学同步教育产品及服务提供商          
600636,*ST国化,央企中唯一一家以文化教育为主业的上市公司，专注于教育信息化、
600730,中国高科,实控人教育部，主营业务包括教育（医学教育、高等教育产教融合、
2103,广博股份,国内文具用品龙头企业之一，主要从事文教办公用品的制造与销售、
300559,佳发教育,教育考试信息化龙头，标考新周期、智慧教育素质教育三箭齐发驱动
301185,鸥玛软件,中国考试技术现代化的开拓者、中国考试与测评领域的领军企业  
3005,竞业达,标准化考点龙头，面向教育信息化、智慧轨交等提供行业信息化产品
2841,视源股份,依托显示控制和智能交互技术优势，形成液晶显示主控板卡+智能交
1308,康冠科技,全球智能显示龙头，智能电视业务稳定发展，海外营收迅速提升，智
2955,鸿合科技,专注于教育信息化产品，打造“一核两翼”战略，课后延时服务（鸿
1339,智微智能,行业内少数能提供“端-边-云-网”的全架构产品和一站式服务的
300645,正元智慧,构建“融合智能服务平台+智能硬件+应用系统+云服务”的全场景
300359,全通教育,在教育信息化领域深耕多年，业务逐步发展至涵盖基础教育、家庭教
603918,金桥信息,国内多媒体信息系统应用行业中技术实力较为雄厚、       
2348,高乐股份,国内电子电动塑胶玩具出口龙头企业，“玩具+教育”双主营业务协
526,学大教育,国内个性化教育的开创者和领导者，积极探索和布局职业教育、素质
600661,昂立教育,业务战略调整为职业教育、青少儿素质教育、国际与基础教育、大学
300192,科德教育,龙门教育定位中等生、中西部、中高考，与市场形成差异化竞争，首
600455,博通股份,主营业务为计算机信息、高等教育等业务，城市学院国内前列   
2093,国脉科技,主营物联网技术服务、物联网咨询与设计服务、物联网科学园运营与
2607,中公教育,职业教育龙头                        
300338,ST开元,为财经会计培训领域的领先企业，最具竞争力行业品牌      
603377,ST东时,主营业务是机动车驾驶培训，逐步向汽车后市场         
3032,*ST传智,师资力量强大，多部原创教材热销，与多所高校建立合作实训关系，
300050,世纪鼎利,通信及物联网业务（移动通信网络优化方案供应商、RFID产品）
300845,捷安高科,专注于轨道交通、安全作业、船舶等领域计算机仿真实训系统研发与
605098,行动教育,管理教育第一股                       
300688,创业黑马,赋能中小创及专精特新，SaaS化推动企服全面升级      
300010,豆神教育,在语文学习、高考升学、智慧校园等教育领域的领先企业     
688262,国芯科技,引领汽车MCU芯片国产化，受益信息安全芯片硬件化      
300991,创益通,专注于高速互连产品的创新发展，数据存储领域达到国际一流厂商技
300475,香农芯创,主营电子元器件产品分销，拥有SK海力士、MTK、兆易创新等公
34,神州数码,神州数码是国内领先的IT领域分销和增值服务商，从2017年开
2261,拓维信息,与华为同行的信创产业化先锋，依托华为生态的鸿蒙、欧拉、鲲鹏等
600498,烽火通信,光通信设备全球份额前五，与华为成为国内唯二同时入选Gartn
2406,远东传动,中国非等速传动轴生产龙头企业，综合市场占有率多年稳居行业首位
300047,天源迪科,国内领先的产业云BOSS和大数据综合解决方案提供商     
301085,亚康股份,领先的算力基础设施全产业链综合服务商            
977,浪潮信息,浪潮信息是国内服务器龙头厂商、领先的自主可控、云计算核心装备
938,紫光股份,紫光股份是新一代云计算基础设施和行业智能应用服务领军企业。 
63,中兴通讯,中兴通讯是全球领先的综合通信信息解决方案提供商，主营业务主要
688668,鼎通科技,国内领先的连接器组件供应商，通信业务是主要收入来源、汽车连接
688205,德科立,光模块厂商，最大客户为中兴通讯               
688609,九联科技,推动我国数字电视行业发展的重要参与者之一          
603052,可川科技,聚焦消费电子领域，主营电池类和结构类功能性器件       
2988,豪美新材,定点先发优势构建汽车轻量化铝型材领域护城河，贝克洛系统门窗由
300975,商络电子,国内领先的电子元器件分销商，业务规模快速扩张        
300017,网宿科技,国内领先的互联网解决方案供应商               
300250,初灵信息,从事信息接入方案的设计及相应设备的研发生产         
301313,凡拓数创,国内领先的数字创意产品及数字展示一体化解决方案的综合服务商。
600728,佳都科技,聚焦“一个主赛道”（城市轨道交通和城市交通）、“两个主要应用
605178,时空科技,参与了多项国家大型活动核心区域的照明工程项目        
300036,超图软件,国内领先的地理信息系统平台软件供应商            
300826,测绘股份,国家高新技术企业，曾获全国优秀测绘工程奖等多个行业主要奖项 
688078,龙软科技,智慧应急、智慧安监整体解决方案提供商，自主研发了地理信息平台
301390,经纬股份,拥有与电力咨询设计业务相关的送变电设计、新能源发电设计的最高
300383,光环新网,云计算、数据中心、宽带接入等互联网综合服务商        
600845,宝信软件,坚定赋能钢铁“智”造潜心打造数字基建            
300210,森远股份,新型公路养护机械的技术开发和制造的企业           
301202,朗威股份,数据中心机柜国内市占率10%以上              
300442,润泽科技,创业板首家重组上市企业，超大规模数据中心运营商，兼具区位、规
300738,奥飞数据,奥飞数据深耕数据中心业务，当前机柜数近2万，在建项目机柜数超
603887,城地香江,转型成功，成功战略布局IDC新领域，机柜规模达到1.9万  
2197,ST证通,公司是一家业务涉及IDC及云计算、金融科技等领域的现代化高科
300846,首都在线,覆盖全球的互联网数据中心服务提供商             
2757,南兴股份,国内竞争实力较强的板式家具机械装备生产企业之一       
2123,梦网科技,中国领先的云通信服务商，构建了以“消息云、终端云、视讯云、物
603322,超讯通信,集通信网络建设、网络维护和网络优化于一体的综合通信技术服务商
300698,万马科技,"国内著名的通信电子、通讯物理连接设备的生产厂商之一,收购果通"
2822,ST中装,大型综合性建筑装饰设计与施工企业              
300731,科创新源,与国内外主要通信设备厂商建立了业务合作关系         
300499,高澜股份,致力于为全球客户提供专业的节能产品和整体解决方案      
603912,佳力图,国内IDC制冷龙头企业，深耕运营商市场。          
300249,依米康,数字基础设施全生命周期绿色解决方案服务商，依托数据中心覆盖全
2837,英维克,国内机房温控龙头品牌；5g基站、储能温控赋予新动力     
300602,飞荣达,中国领先的、创新型专业电磁屏蔽及导热解决方案服务商     
300684,中石科技,针对电子产品的基础可靠性问题（热管理等）提供行业综合解决方案
300547,川环科技,车用胶管龙头，深度绑定比亚迪、赛力斯等头部新能源车企客户  
301018,申菱环境,人工环境调控专家。受益储能热管理行业快速发展。成立热储科技公
301399,英特科技,国家级专精特新“小巨人”，主营高效换热器          
301252,同星科技,轻商制冷设备领域翅片式换热器市占率国内居前         
301128,强瑞技术,主要从事工装和检测治具及设备的研产销，应用于移动终端电子产品
2975,博杰股份,专注于工业自动化设备与配件的研发              
300700,岱勒新材,国内领先的金刚石线制造商，主要产品为电镀金刚石线      
600293,三峡新材,湖北省玻璃行业唯一一家上市公司               
601865,福莱特,国内光伏玻璃龙头企业。                   
688733,壹石通,全球锂电池用勃姆石最大供应商，2021年度全球市场占有率超过
688303,大全能源,国内领先的多晶硅专业生产商之一               
601012,隆基绿能,全球最大的单晶光伏制造商，单晶硅片和组件出货量均为全球第一，
688223,晶科能源,光伏一体化全球头部企业，2016到2019年在全球组件出货中
600481,双良节能,行业领先的节能和光伏核心装备供应商，重要光伏新能源材料供应商
688599,天合光能,公司是老牌光伏组件龙头厂商，业务覆盖光伏组件、光伏系统和智慧
601908,京运通,我国最大的光伏设备制造企业                 
2459,晶澳科技,一体化组件企业，出海逻辑叠加N型TOPCON技术有望继续带动
603185,弘元绿能,光伏切片机龙头弯道超车变身硅片赛道新贵，长单锁定业绩叠加产能
688556,高测股份,光伏切割一体化解决龙头，硅片薄片化趋势+代工新模式有望提供持
688472,阿特斯,全球光伏组件供应商第一梯队，组件产品出货量行业前五     
2943,宇晶股份,硬脆材料加工设备龙头，技术处国际领先水平。         
600732,爱旭股份,光伏电池片龙头；困境反转                  
600537,亿晶光电,在滁州市全椒县投资建设年产10GW N型TOPCon光伏电池
300393,中来股份,光伏背板优质企业，发力TOPCON电池片扩产，有望带动业绩上
2529,*ST海源,复合材料轻量化制品+复合材料成型装备+光伏组件三大业务；布局
301030,仕净科技,光伏支撑污染治理龙头，LCR脱销获广泛认可，产业链扩展性高 
2329,皇氏集团,国内水牛奶领域龙头企业。公司水牛奶鲜奶及水牛奶系列产品产销量
2574,明牌珠宝,珠宝行业知名企业，主要从事中高档贵金属和宝石首饰产品的设计、
603398,*ST沐邦,邦宝牌益智玩具为广东省名牌产品，中外合资企业        
2306,*ST云网,双轮驱动：互联网游戏推广及运营+餐饮团膳          
300080,易成新能,国内晶硅片切割刃料领域龙头企业               
603028,赛福天,“钢丝绳+设计”双主业发展，新产业布局值得期待       
2634,棒杰股份,国内无缝服装行业的领军企业，也是全球无缝服装产业链中重要的产
2795,永和智控,在水暖阀门管件业务的基础上，全面拓展肿瘤精准放射治疗细分领域
300118,东方日升,国内异质结电池组件技术最早的开拓者之一，最早进军美国市场的储
300051,琏升科技,SaaS软件运营服务提供商，福建省唯一一家拥有移动通信转售业
300093,*ST金刚,国内安防玻璃领域龙头企业                  
300716,ST泉为,节能低碳环保新材料领航者，以研发、生产、销售低碳环保高分子材
603778,国晟科技,国晟能源入主，乘异质结电池之风而起             
2506,协鑫集成,公司的光伏产品制造产能及出货量均高居全球前十位       
688503,聚和材料,光伏银浆龙头，领航国产替代                 
300842,帝科股份,国产光伏银浆龙头，杜邦资产注入+上游银粉布局        
688456,有研粉材,国际领先的先进有色金属粉体材料生产企业之一，铜基金属粉体材料
12,南玻A,太阳能业务强势崛起，“四块玻璃”仍可期待。签订高纯硅料长单，
600207,安彩高科,我国唯一具备光热玻璃量产能力的企业，公司光伏玻璃产能2700
2623,亚玛顿,光伏玻璃优质企业，积极转型平台型商业模式，电子玻璃有望成为第
2613,北玻股份,唯一生产经营玻璃钢化设备的国内A股上市公司，连续20年产销量
600819,耀皮玻璃,上海国资委旗下上海建材集团所属上市公司，主要业务为产销浮法玻
300160,秀强股份,家电玻璃龙头                        
603212,赛伍技术,膜类技术平台化发展，充分受益新能源业务放量，POE胶膜产能需
300041,回天新材,国内工程胶粘剂行业龙头企业                 
300305,裕兴股份,国内规模最大的中厚型特种功能性聚酯薄膜生产企业之一     
603255,鼎际得,聚烯烃催化剂国产替代先行者，催化剂和助剂一体化增强竞争力， 
301100,风光股份,为全球高分子材料工业提供聚合物添加剂和解决方案的核心助剂材料
688680,海优新材,光伏胶膜优质企业，产品结构升级顺应光伏行业变化，有望实现弯道
603330,天洋新材,拓展光伏胶膜业务，热熔胶龙头快速发展            
603051,鹿山新材,专注高性能热熔胶粘结材料，光伏胶膜快速放量         
3038,鑫铂股份,光伏铝边框龙头企业，切入电动车轻量化赛道，有望增强业绩弹性。
300320,海达股份,橡胶零配件专精特新龙头，在轨道车辆密封条等多个细分领域占据绝
2501,利源股份,国内工业与建筑铝型材两块业务平衡发展的综合供应商之一    
688408,中信博,世界领先的光伏跟踪支架、固定支架及 BIPV 系统制造商和解
603628,清源股份,澳洲分布式光伏支架龙头，连续12年占有率第一，市占率超50%
2897,意华股份,光伏支架向阳生长，汽车连接器星辰大海            
2578,闽发铝业,海西铝型材行业的龙头企业，福建省内名列前茅的铝型材产品的生产
605389,长龄液压,工程机械回转接头和张紧装置龙头，未来新业务拓展将获突破。  
1269,欧晶科技,小而美的石英坩埚龙头，技术+客户保障长期竞争优势      
301266,宇邦新材,光伏焊带行业龙头，主要产品为“涂锡铜带”，2021年市场份额
688226,威腾电气,深耕母线环节多年，加码光储业务注入新活力          
301168,通灵股份,公司专注光伏接线盒多年，2021年全球市场占有率约为14.6
301278,快可电子,公司深耕光伏接线盒行业17年，受益行业高景气        
301031,中熔电气,国内电力熔断器龙头，主要客户包括宁德时代、阳光电源等。   
300537,广信材料,国内PCB光刻胶及消费电子外观结构件UV涂料细分领域龙头企业
688429,时创能源,主营光伏电池和光伏设备，光伏湿制程辅助品市占率较高     
688348,昱能科技,国产微逆领先厂商，持续耕耘组件级电力电子领域。       
688032,禾迈股份,专注于电力电子技术的国内微逆龙头。             
605117,德业股份,国内少数可为变频空调整机企业提供变频控制器整体解决方案的专业
300763,锦浪科技,组串式逆变器头部企业，充分受益分布式发展。储能逆变器加速成长
688390,固德威,公司专注中低功率段组串式光伏逆变器，销售网络覆盖全球80多个
300827,上能电气,光伏逆变器龙头企业之一，拥有集中式与分散式两类储能集成技术，
2150,通润装备,国内最早进入钢制工具箱柜行业的规模企业，是国内钢制工具箱柜行
300217,东方电热,国内民用 PTC 电加热器龙头，多晶硅设备+锂电材料业务迎来
300724,捷佳伟创,PERC设备龙头，积极布局TOPCON、HJT、钙钛矿等新技
603396,金辰股份,厚积薄发：光伏HJT+TOPCon设备均迈向头部，组件设备龙
300776,帝尔激光,激光设备先行者，全球市占率约80%，提供全部高效太阳能电池激
301021,英诺激光,全球少数实现工业深紫外纳秒激光器批量供应的生产商之一    
2158,汉钟精机,国内螺杆式压缩机龙头，以制冷压缩机起家，近年在真空泵上取得进
300751,迈为股份,HJT电池片设备的龙头企业，市占率达到70%。随着HJT降本
821,京山轻机,钛矿设备领军者；光伏组件、TOPCon、HJT电池设备多点开
600814,杭州解百,杭州市知名的百货零售企业集团                
600738,丽尚国潮,由老牌百货向新零售业态转型的大型商贸企业。         
600865,百大集团,集百货业、酒店业、旅游业等为一体的综合性集团公司      
603466,风语筑,中国领先的数字化体验服务商。                
300860,锋尚文化,国内文化创意产业龙头。立足创意设计，打造全产业链整体服务商。
2062,宏润建设,区域轨交民企龙头，主营建筑施工及市政基础设施投资服务    
2375,亚厦股份,国内建筑装饰行业的龙头企业                 
2095,生意宝,国内最大行业电子商务运营商和领先的综合B2B运营商。    
603071,物产环能,煤炭流通业务和热电联产双主业模式              
2010,传化智联,线上线下双网结合，全力打造智能物流平台。          
338,潍柴动力,中国重卡产业链龙头，业务涵盖重卡发动机、整车、变速箱、车桥，
600218,全柴动力,国内主要的中小功率柴油机研发与制造基地           
903,云内动力,中国内燃机行业排头兵企业                  
2715,登云股份,是国内汽车发动机进排气门行业的生产企业之一         
600178,东安动力,国内最大的微型汽车发动机生产企业              
603758,秦安股份,汽车发动机核心零部件的研发、生产及销售，重庆市高新技术企业 
2283,天润工业,国内最大曲轴专业生产商、重卡曲轴龙头。国内最大的中重型商用车
2448,中原内配,全球最大的内燃机气缸套制造商，入股布局了自动驾驶业务    
688533,上声电子,全球一流、国内最大的自主车载扬声器供应商。         
601799,星宇股份,客户版图不断拓展，新能源放量在即，产能稳步扩张，产业链协同延
600651,飞乐音响,公司作为独立第三方LED车灯模组提供商，已成为细分市场龙头 
600699,均胜电子,汽车安全领域龙头地位，智能座舱领域快速拓展         
300893,松原安全,国内领先的汽车被动安全系统一级供应商，深耕汽车被动安全行业十
301225,恒勃股份,空气滤清器在国内二轮燃油摩托车领域市占率约四成       
603311,金海高科,空调过滤技术协同赋能，长期与汽车空滤顶尖企业3M深度合作，开
603809,豪能股份,主营汽车变速器用同步器组件，、拥有专业生产优势及优质客户  
300258,精锻科技,变速器核心齿轮一线供应商，下游客户电动车巨头云集，产能爬坡提
605333,沪光股份,国产汽车线束的龙头公司。是全行业为数不多拥有全品种整车线束研
2055,得润电子,专注于连接器和精密组件，深度绑定头部客户，汽车业务占比持续提
300863,卡倍亿,专业线缆供应商龙头，是国内唯一一家汽车线缆 A 股上市公司。
603633,徕木股份,国内领先的汽车连接器供应商，具备近 20 年连接器和屏蔽罩设
2434,万里扬,国内领先的车辆变速器制造商                 
981,山子高科,专注于汽车变速器领域的全球知名自动变速器独立制造商     
603767,中马传动,我国首批进入汽车变速器领域的民营企业之一          
2075,沙钢股份,主营优特钢产品的生产与销售                 
603040,新坐标,手握冷锻工艺利器，开拓新能源市场可期            
600148,长春一东,国内重型车离合器配套规模较大的生产厂商           
603166,福达股份,国内混动汽车曲轴龙头企业，产品有发动机曲轴、离合器、锥齿轮、
2239,奥特佳,全球领先的涡旋式汽车空调压缩机和国内产销量领先的汽车空调压缩
622,*ST恒立,我国最早从事汽车空调开发的生产企业             
603655,朗博科技,主要产品是乘用车空调系统关键功能部件，掌握技术同行业领先水平
603730,岱美股份,乘用车遮阳板全球龙头，品类扩张打开成长空间         
605068,明新旭腾,一站式材料供应商，“环保+美学”双理念引领汽车内饰革命。  
605128,上海沿浦,快速成长的座椅骨架龙头迎来“国产替代+ASP提升”的双重机遇
603997,继峰股份,继峰股份是国内领先的座舱内饰件供应商，2019年收购德国汽车
603085,天成自控,工程机械座椅国家标准的起草单位之一             
2976,瑞玛精密,从事于精密金属零部件及相应模具的研产销           
603192,汇得科技,"专注于合革用聚氨酯业务，生产""汇得""品牌的聚氨酯产品    "
301529,福赛科技,汽车内饰件厂商，空调出风口、杯托拥有一定的市场份额     
600741,华域汽车,上海国资委所属上海汽车集团旗下，国内汽车综合零部件龙头，座椅
600742,富维股份,国内重要汽车零部件生产基地                 
2048,宁波华翔,国内汽车内饰件龙头企业                   
603035,常熟汽饰,国内乘用车内饰件主要供应商之一               
700,模塑科技,保险杠、防擦条等汽车装饰件的生产销售行业处于领先地位    
300100,双林股份,实现汽车零部件模块化、平台化供应的系统供应商，乘用车轮毂轴承
2662,峰璟股份,中德合资的乘用车内外饰件系统综合制造商和综合服务商，是中国中
603725,天安新材,外延注入成长新动能，探索转型泛家居消费品牌         
603179,新泉股份,领先的自主内外饰多品类供应商，内外饰自主龙头强者愈强    
559,万向钱潮,国内主要的独立汽车系统零部件专业生产基地之一        
678,襄阳轴承,公司主要产品为汽车轴承、等速万向节等，是目前国内主要的汽车轴
2708,光洋股份,轴承龙头积极卡位新能源，优质收购进军FPC         
300695,兆丰股份,专业的汽车轮毂轴承单元研发制造企业             
2553,南方精工,滚针轴承领域国内行业第一，拥有“纵向一体化”全产业链生产能力
300652,雷迪克,优秀汽车轴承供应商，新能源车渗透率提升有望带动业绩增长   
605088,冠盛股份,拥有全球仓网、全球营销网络的国家级汽车零部件出口企业    
300984,金沃股份,"国内轴承套圈企业,市场份额提升驱动量利齐升         "
3033,征和工业,深耕链传动行业多年，形成车辆链、农机链和工业链系统三大业务板
301192,泰祥股份,大众集团发动机主轴承盖全球供应商              
1380,华纬科技,国家级专精特新“小巨人”，综合实力位列国内弹簧行业前三   
300375,鹏翎股份,已成为我国汽车胶管行业的大型企业              
301397,溯联股份,主营动力系统管路总成，主要供货比亚迪、长安汽车、宁德时代等公
603158,腾龙股份,深耕汽车热管理，产品类型不断丰富，目前已形成汽车热管理系统、
301181,标榜股份,国内稀缺的汽车尼龙管供应商。                
605255,天普股份,从事汽车用高分子材料上的国家级高新技术企业         
600480,凌云股份,掌握了高强度、轻量化汽车零部件的核心技术          
301005,超捷股份,上海紧固件制造业的骨干企业之一，汽车紧固件行业的重要供应商 
2472,双环传动,公国是国内汽车齿轮龙头供应商，产品覆盖乘用车、商用车、工程机
301368,丰立智能,精密齿轮及精密机械吉件已进入全球一流企业供应链体系     
301255,通力科技,我国工业传动系统领域标杆企业之一，我国减速机行业的知名企业，
2164,宁波东力,中国齿轮行业首家A股上市公司。子公司东力传动是国家级制造业单
301298,东利机械,一家专业从事汽车机械零件生产加工、国际销售的现代化企业   
603701,德宏股份,国内商用车配套交流发电机的主要供应商，也是国内电子真空泵产品
603819,神力股份,专业化电机配件生产服务商，与国内外领先企业拥有稳定的合作关系
300828,锐新科技,公司电力电子散热器产品具备较强的国际竞争力，应用在光伏和风电
603949,雪龙集团,国内商用车冷却风扇总成行业的领导者，首批国家高新技术企业  
603358,华达科技,国内最具发展潜力的轿车总成件制造基地            
2965,祥鑫科技,拥有领先的模具制造技术和精密冲压技术，重视发展与新能源汽车、
1311,多利科技,专注于汽车冲压零部件及相关模具的开发、生产与销售的企业。  
603768,常青股份,汽车冲压及焊接领域老将，转型一体化压铸及轻量化       
605319,无锡振华,中国较早从事并持续专注于汽车冲压及焊接零部件生产的企业之一 
603006,联明股份,国内最早从事循环物流器具供应链管理业务的企业，通用一级供应商
603190,亚通精工,国内同时能为商用车和乘用车进行大规模配套的汽车冲压及焊接零部
301072,中捷精工,国内优秀的汽车减震部件产品供应商              
603048,浙江黎明,气门桥、气门锁片、气门弹簧上座国内市占率超过28%     
603586,金麒麟,国内制动摩擦材料及配套制动产品行业规模较大的企业      
603319,美湖股份,中国目前自主研发能力最强的机油泵制造企业          
603178,圣龙股份,专注于发动机油泵、变速箱油泵、凸轮轴等动力总成零部件领域  
301022,海泰科,国内外重要的汽车注塑模具生产厂家之一            
300998,宁波方正,中国注塑、吹塑模具重点骨干企业、模具出口重点企业      
301196,唯科科技,中国精密注塑模具重点骨干企业之一              
301000,肇民科技,专注精密注塑件+注塑模具，业界知名度高，新能车+高端家电的核
2510,天汽模,中国汽车覆盖件模具骨干企业，入选特斯拉一级供应商      
2997,瑞鹄模具,专注于汽车冲压模具，积极布局轻量化，客户优势明显，在手订单充
300707,威唐工业,从模具到冲压零部件，在全球积极推动产能布局，打开成长天花板 
301499,维科精密,喷油器部件、高压传感器部件等产品拥有较高市占率       
603161,科华控股,公司在汽车零部件产业竞争中具有较强优势           
2536,飞龙股份,汽车水泵市场占有率常年保持第一               
301170,锡南科技,涡轮增压器精密压气机壳组件全球市占率15%左右       
300580,贝斯特,涡轮增压器核心零部件供应商                 
603121,华培动力,致力于汽车零部件行业，主要客户全球知名涡轮增压器整机制造商 
601279,英利汽车,公司已成为行业内完整的车身轻量化解决方案提供者       
301488,豪恩汽电,国家级专精特新“小巨人”，主营汽车智能驾驶感知系统     
300552,万集科技,国内智能交通行业的领军企业，动态称重市占率行业第一，ETC头
603810,丰山集团,国内农药市场的领先企业，已形成“化工原料→精细化工中间体→原
2917,金奥博,民爆智能装备龙头，发力军工自动化及民爆一体化领域。     
2920,德赛西威,智能网联产品引领国内市场，聚焦智能座舱、智能驾驶和网联服务三
2284,亚太股份,国内汽车制动系统专业龙头企业，布局了自动驾驶产业      
605228,神通科技,汽车非金属部件及模具的研产销，积极开拓新能源汽车领域，投建光
603266,天龙股份,精密制造领域领先的精密模具、注塑、装配一站式集成化方案提供商
603211,晋拓股份,公司深耕铝合金精密压铸件领域多年，是国内主要的铝合金精密压铸
2970,锐明技术,全球车载视频巨头。车队视频管理系统市场份额排名全球第一。  
2036,联创电子,深耕光学领域，车载镜头带来第二增长曲线，同时多应用场景发展，
300790,宇瞳光学,传统安防市场镜头类A股第一，积极布局车载镜头行业，下游发展驱
600363,联创光电,传统光电龙头转型蓄力，激光+超导开启成长第二曲线      
605118,力鼎光电,公司“EVETAR”品牌在国际光学镜头市场已成为高质量、高性
688127,蓝特光学,具有较强市场竞争力的多品类光学元件生产厂商，国内外知名企业的
688071,华依科技,汽车动力测试领域的龙头供应商                
300098,高新兴,掌握物联网和视频人工智能核心技术              
603390,通达电气,专业从事车载智能终端综合信息管理系统及配套汽车电气产品研产销
603197,保隆科技,国内TPMS龙头，ADAS与传感器、空气悬架等新业务有望快速
300643,万通智控,轮胎气门嘴、TPMS、工具及配件，研发和生产技术处于业内领先
300969,恒帅股份,全球清洗泵隐形冠军，公司深耕微电机领域，以流体和电机技术为核
603286,日盈电子,国内首批研发汽车洗涤系统产品并批量供货的本土企业之一    
688326,经纬恒润,目标：智能网联汽车全栈式解决方案供应商和高级别智能驾驶Maa
688288,鸿泉物联,研发生产智能增强驾驶系统和高级辅助驾驶系统等汽车智能网联设备
2906,华阳集团,汽车电子行业领军者，公司拥有全面的汽车电子产品矩阵，尤其是智
3019,宸展光电,商用智能交互显示设备行业领先者               
2766,索菱股份,专业从事CID系统的研发、生产、销售并以向客户提供专业车联网
300928,华安鑫创,在国内全液晶智能仪表方案设计方面具备行业领先优势      
300978,东箭科技,公司是一家专注于汽车智能、安全、健康、个性化定制等提升汽车驾
2813,路畅科技,汽车信息化、智能化、网络化的全面供应商           
2232,启明信息,"吉林省重点IT龙头企业,企业数字运营和智慧营销及智慧汽车两个"
2590,万安科技,致力于汽车制动系统零部件的研发和制造            
2703,浙江世宝,是国内率先自主开发汽车液压助力转向系统、汽车电动助力转向系统
301007,德迈仕,公司已经在精密轴及精密切削件制造领域具备较强的市场竞争力和品
605005,合兴股份,全球汽车电子行业的顶级供应商                
603788,宁波高发,主要从事汽车操纵控制系统研发、生产和销售的高新技术企业   
603596,伯特利,智能化轻量化代表企业，多项技术前瞻布局           
603037,凯众股份,底盘悬架系统减震元件国内市场份额超过30%         
300585,奥联电子,产品涉及动力电子控制、车身电子控制及新能源系统控制等领域+投
603089,正裕工业,中国汽车减震器行业龙头企业                 
301229,纽泰格,国内为数不多的能同时掌握铝压铸和吹注塑生产工艺的汽车零部件企
300611,美力科技,主营高端弹簧产品的研发、生产和销售，浙江省著名商标     
887,中鼎股份,2021年中国第一、全球领先的非轮胎橡胶制品龙头，传统业务为
603786,科博达,汽车光源控制器优质企业，全球市占率10%，在手订单丰富，持续
603023,威帝股份,国内汽车电子控制产品供应商                 
301221,光庭信息,专注汽车软件业务十余载，是国内少数专注汽车软件开发第三方供应
300496,中科创达,汽车软件核心供应商，5G深耕多年，智能座舱车联网打开想象空间
2405,四维图新,公司在车载导航领域市占率约40%，稳居行业首位，是中国第一、
600589,大位科技,国内外氨基复合材料行业的龙头企业之一            
300416,苏试试验,试验设备制造与试验服务提供“双引擎”发展。收购宜特，进军集成
600611,大众交通,城市综合交通服务商，上海最大的公交集团之一         
600561,江西长运,我国首个以道路运输为主业的上市公司             
603776,永安行,公共自行车领域第一股，全国覆盖形成规模优势         
550,江铃汽车,轻型商用车的行业领导者，坚持“JMC和福特”双品牌战略   
300807,天迈科技,基于车联网技术为城市公交运营、管理及服务提供综合解决方案  
603686,福龙马,国内环卫装备、环卫服务主要供应商之一，深度受益“碳中和、碳达
2026,山东威达,山东省各类钻夹头的专业制造商，中国驰名商标         
688097,博众精工,国内智能化生产解决方案领域行业领军企业之一         
688022,瀚川智能,集自动化设备和工业软件一体化的智能制造整体解决方案提供商。 
300124,汇川技术,国内工控龙头，多环节份额领先。               
688162,巨一科技,汽车等先进制造领域智能装备和新能源汽车电机电控零部件产品的主
688667,菱电电控,国内发动机EMS领域领先，潜心精研打破垄断，混动破局迎来新机
603920,世运电路,深耕汽车 PCB，率先进入优质大客户供应体系        
603328,依顿电子,国内印刷线路板行业的领先者之一               
301282,金禄电子,新能源汽车领域的PCB供应商，受益汽车电动智能化和储能业务 
301132,满坤科技,主营印制电路板                       
300207,欣旺达,消费电子电池龙头，08年前瞻布局动力电池业务，HEV及快充动
688567,孚能科技,国内软包动力电池龙头企业，有赣州和镇江两大基地，连续5年排名
600241,时代万恒,林业项目拥有优质的非洲林地资源储备             
2824,和胜股份,麒麟电池提升托盘壁垒，储能结构件打开第二成长曲线      
603897,长城科技,国内电磁线行业的优势企业                  
600577,精达股份,特种电磁线行业的龙头企业、位列全球前三位的特种电磁线制造商 
2533,金杯电工,扁电磁线全球龙头，国内线缆领先企业，国内为数不多的同时覆盖变
2196,方正电机,国内驱动电机龙头，扁线电机产能加速扩张带来业绩增长。    
2249,大洋电机,已形成了“电机+电控+氢燃料电池”的完整产业链       
688280,精进电动,新能源汽车电驱动系统国内领军企业之一            
2892,科力尔,罩极电机龙头                        
2664,信质集团,全球领先的汽车发电机定子生产企业              
2576,通达动力,电动机、发电机、新能源汽车电机定转子冲片和铁芯生产工艺技术先
603270,金帝股份,国家级专精特新“小巨人”，主营轴承保持架、汽车精密零部件  
2823,凯中精密,汽车电机和办公设备电机领域拥有较高的行业地位和市场份额   
7,全新好,物业管理和房屋租赁业稳定发展                
300825,阿尔特,国内独立汽车设计龙头，A股首家独立汽车设计公司。      
688301,奕瑞科技,从X线探测器到影像链，价值重估奕瑞科技的稀缺性和全球替代性。
688531,日联科技,国内唯一实现闭管式热阴极微焦点X射线源量产的企业，在集成电路
300306,远方信息,LED和照明光电检测设备龙头企业之一            
300553,集智股份,公司掌握了全自动平衡机的核心技术，具有较高的市场影响力   
603201,常润股份,中国最大的千斤顶制造企业                  
3008,开普检测,拥有多种产品的国家产品质量监督检验中心资质         
300572,安车检测,国内车辆检测装备和服务的龙头企业。             
603528,多伦科技,驾考系统龙头，智能化推升主业；车检连锁新赛道，打开长期成长空
300887,谱尼测试,检验检测领域具有规模化优势，“内生与并购”双轮驱动助力公司检
300417,南华仪器,专注于环境监测与机动车检测                 
600519,贵州茅台,穿越周期的白酒龙头，产能稳步提升，营销体制改革持续向前   
600809,山西汾酒,A股清香型龙头企业，具备多价格带产品矩阵的次高端白酒，进军全
600702,舍得酒业,川酒六朵金花之一，围绕老酒战略积极践行全国化布局。     
600779,水井坊,被誉为“中国白酒第一坊”，国内唯一由外资控股的白酒上市公司，
799,酒鬼酒,独特工艺打造馥郁香型，成就了“内参（高端）”、“酒鬼（次高端
596,古井贡酒,地产酒徽酒龙头，产品结构升级带来增量机会。         
603589,口子窖,重视渠道管理与改革，口子窖持续蓄力发展，口子窖年份酒为主推系
603198,迎驾贡酒,"徽酒品牌代表,公司是中国生态白酒领军企业.         "
600199,金种子酒,安徽四杰之一的名酒，积极入局次高端，打造馥合香系列产品   
600696,*ST岩石,战略转型聚焦白酒行业，获赠控股股东酱香型白酒资产      
603919,金徽酒,金徽酒历史底蕴深厚，深耕西北，布局华东，展望全国，扩张正在进
995,皇台酒业,甘肃省唯一的集名优白酒、名优葡萄酒一身的上市公司      
2304,洋河股份,苏酒龙头，2022 年一季度，白酒销售规模居行业前三位。  
603369,今世缘,江苏省第二大白酒品牌，主打绵柔醇厚的中度浓香型白酒。    
860,顺鑫农业,抓住农业产业化机遇，不断优化公司主营业务结构，逐渐发展过渡到
600559,老白干酒,老白干酒历史悠久，知名度高，完成收购后品牌建设余地更足，完成
600381,*ST春天,冬虫夏草产业化龙头企业                   
600600,青岛啤酒,国内历史最悠久的啤酒生产企业，首批十大驰名商标之一     
600132,重庆啤酒,啤酒市占率A股第三，全球第五！               
729,燕京啤酒,啤酒头部企业，受益产品升级大单品放量，市场化改革提升企业活力
600573,惠泉啤酒,福建省知名的啤酒名牌                    
929,*ST兰黄,地域性品牌啤酒生产企业，公司啤酒产品主要在甘肃和青海两省市场
300892,品渥食品,国内领先的进口食品运营商，形成了乳品（德亚牛奶进口牛奶销量排
600108,亚盛集团,我国当前最大规模的农艺种植基地               
603076,乐惠国际,啤酒设备领军企业，发力中高端啤酒，产能提升，渠道优势提振业绩
600059,古越龙山,绍兴黄酒龙头企业之一                    
601579,会稽山,销售额位列全国黄酒行业企业的前二，2022年6月公司控股股东
869,张裕A,国内葡萄酒行业龙头企业                   
603779,威龙股份,国内最早进行有机酿酒葡萄生产与加工关键技术的研究、企业之一 
600543,莫高股份,莫高系列葡萄酒类生产、批发，中国驰名商标          
300755,华致酒行,酒类流通龙头，核心团队善于化危为机             
300172,中电环保,水处理行业领先企业，核电的水处理市场占有率位于全国前列   
300070,碧水源,国内污水处理领先企业                    
688565,力源科技,极少数能够提供满足核电机组凝结水精处理系统设备的供应商   
2778,中晟高科,民营润滑油企业中为数不多的能够实现生产过程全自动化的企业之一
300487,蓝晓科技,国内吸附分离材料龙头。                   
688101,三达膜,国内膜技术应用先驱者，形成“材料-组件-设备-应用”全产业链
300334,津膜科技,膜行业的技术引领者，主要从事超、微滤膜及膜组件的研发、生产和
301148,嘉戎技术,提供高浓度污废水处理趋零排放服务的国家高新技术企业，已提供超
300875,捷强装备,核防护和核检测设备快速发展，资产并购扩充产业战线，生物安全保
300523,辰安科技,是清华大学在公共安全领域的科技成果转化单位         
2980,华盛昌,智能测量测试行业引领者。是国内产品创新能力最强、产品品类最丰
300012,华测检测,国内民营第三方检测的龙头企业                
2246,北化股份,实控人兵器工业集团，硝化棉产销规模全球第一，防毒面具、烟气脱
601718,际华集团,我国统一着装部门（军队、武警、消防等）的着装品主要生产商  
301323,新莱福,有刷微电机用环形压敏电阻全球市占率约三成，磁胶材料全球市占率
603308,应流股份,传统业务工程机械零部件业务稳定增长，新业务中“两机”业务和核
688151,华强科技,国内专业的防化军工企业                   
2086,东方海洋,主营海水鱼虾贝藻育苗、养殖及海洋水产加工，我国重点渔区之一 
601065,江盐集团,江西国资委旗下的盐业公司，小包装食盐江西省内市占率超70%，
600784,鲁银投资,山东省粉末冶金产业领先者                  
2393,力生制药,天津国资委旗下，多个品种进入国家医保目录和国家基本药物目录 
600216,浙江医药,维生素、抗耐药菌抗生素、喹诺酮产品重要的生产基地      
601933,永辉超市,农改超起家的全国性超市龙头，拥有领先的生鲜供应链，极少数拥有
2336,*ST人乐,全国优秀的大型现代零售企业集团和民族商业龙头企业。     
600280,中央商场,“中华老字号”百货企业                   
785,居然智家,家具龙头连锁卖场标杆，轻资产扩张显发展潜力，数字化转型引领行
600693,东百集团,福建商业龙头企业，“商业零售+仓储物流”双轮驱动。免税品经营
2277,友阿股份,长沙及湖南省规模最大的百货零售企业，经营业态包括百货商场、奥
759,中百集团,湖北商超龙头。公司正在申报免税品经营资质。         
600857,宁波中百,主营包括商业、房地产业、旅游饮食服务等行业的公司      
501,武商集团,湖北省最大的综合性商业零售及批发企业            
600774,汉商集团,在武汉市拥有众多的商场，购物中心及百货店          
603708,家家悦,门店1006家，直营门店969家，山东门店占比约87%，深耕
600858,银座股份,零售门店达46家                      
419,通程控股,公司主要经营商业零售和酒店旅游，深耕湖南市场，湖南地区营收占
2251,步步高,湖南、广西两省连锁零售行业领先企业，公司实控人拟变更为湘潭市
605188,国光连锁,江西省商贸流通行业首家上市企业，江西本土领先的连锁经营企业。
417,合百集团,安徽省唯一的商业上市公司                  
600729,重庆百货,重庆第一家商业上市公司，业务涉及百货、超市、电器、汽贸等  
600785,新华百货,宁夏乃至西北地区较大的商业零售企业，零售业务涉及百货商场、购
715,中兴商业,公司以商业零售为主要业务，经营业态包括百货、超市、便利店、网
600712,南宁百货,国家商务部评选的“中华老字号商店              
600828,茂业商业,调改升级深挖零售板块价值，内生+外延拓展品牌矩阵+区域市场。
601086,国芳集团,甘、青、宁三省区的区域性企拥有领先市场地位的百货零售企业  
601010,文峰股份,江苏省领先的零售企业之一，南通市最大的零售企业       
603915,国茂股份,江苏省减速机行业领先企业，荣获江苏品牌产品称号       
2896,中大力德,传动技术专家，减速器明日之星！               
688017,绿的谐波,国内谐波减速器龙头；在实现量产、突破国外垄断等方面均为国内第
301596,瑞迪智驱,业内少有的同时拥有产品设计、制造与测试验证为一体的精密传动件
301261,恒工精密,国家级专精特新“小巨人”，产能在国内连续铸造工艺竞争对手中居
301550,斯菱股份,国家级专精特新“小巨人”，轮毂轴承单元产品销售额国内同类企业
300680,隆盛科技,汽车废气再循环（EGR）系统实力企业，商用车领域市场份额近6
2031,巨轮智能,国内汽车轮胎模具和液压式硫化机的骨干生产企业，在国内轮胎模具
603638,艾迪精密,具有一定竞争力的高端液压系统制造产业基地          
603009,北特科技,专业生产汽车转向器零部件与减震器零部件的高新技术企业    
688678,福立旺,深耕精密零件，3C及光伏业务双驱动             
605018,长华集团,汽车紧固件与冲焊件领先企业，深耕汽车零部件领域近30年，形成
1306,夏厦精密,小模数精密圆柱齿轮全球市占率前二              
600592,龙溪股份,关节轴承的最大供应商和出口商                
601689,拓普集团,九箭齐发，剑指全球汽配龙头                 
2050,三花智控,“汽零”享前瞻布局红利，“空调冰箱部件”稳定前行      
603728,鸣志电器,混合式步进电机全球市占率超10%，位列全球第四，打破了日企垄
2979,雷赛智能,"国内步进及运动控制器龙头,聚焦运动控制领域超过20年.   "
300660,江苏雷利,国内微特电机领导品牌，医疗器械、储能、家电、新能源车多业务领
688698,伟创电气,始终专注于电气传动和工业控制领域，国内工业自动化行业重要的供
688160,步科股份,国内工业自动化控制行业知名企业。              
2801,微光股份,冷柜电机细分领域的龙头企业，全球市占率估计已经超过20%；冷
603416,信捷电气,深耕工控行业二十三载，产品覆盖控制层（PLC）、执行驱动层（
301413,安培龙,国家级专精特新 “小巨人”，主营热敏电阻及温度传感器、压力传
300354,东华测试,电化学工作站优质国产企业，新能源市场应用具备潜力      
688400,凌云光,国内机器视觉领军企业，横向布局拓宽成长路径         
301536,星宸科技,IPC SoC及NVR SoC出货量全球第一，中国第二大行车
605488,福莱新材,“福莱森特” 喷绘耗材被认定为“浙江名牌产品”       
300433,蓝思科技,玻璃金属一体化平台龙头，垂直整合打开十年增长空间。     
2600,领益智造,国内精密智造领军者，“材料-零部件-模组-精品组装”上下游垂
688003,天准科技,机器视觉领跑者，企业战略升级为“工业视觉|产业智能”，业务走
2527,新时达,国内为数不多的掌握控制系统、伺服系统和机械本体系统等工业机器
2747,埃斯顿,中国发那科；国内整体工业机器人出货量最高、国产六轴工业机器人
300598,诚迈科技,移动智能终端及智能网联汽车产业链的软件综合解决方案提供商，参
688152,麒麟信安,国内专业的基础平台软件产品和服务的供应商，致力于推进国产化安
2368,太极股份,国内电子政务、智慧城市和关键行业信息化的领军企业+在信创领域
300961,深水海纳,水生态环境领域创新型综合服务商，深圳知名品牌        
300379,东方通,国产中间件龙头发力信创，尽享行业红利            
688118,普元信息,普元信息是国内领先的软件基础平台领域产品与解决方案专业提供商
688058,宝兰德,电信行业中间件领军，全面受益信创改革            
688562,航天软件,中国航天科技集团旗下，我国国防军工工业软件领域排名第一   
603138,海量数据,国内聚焦数据管理产品与系统服务的龙头企业          
688031,星环科技,企业级大数据基础软件开发商，主要提供大数据基础软件业务及针对
688227,品高股份,云计算及行业信息化服务提供商，深度合作云计算“国家队”   
688111,金山办公,金山办公是国产办公软件龙头，主要产品包括向组织级客户和个人用
688095,福昕软件,公司是技术完全自主的专业PDF软件厂商，目前市场地位次于龙头
688369,致远互联,协同管理软件与服务行业领先的解决方案、软件产品与服务提供商。
300624,万兴科技,定位为全球领先的新生代数字创意赋能者，元宇宙时代的潜力 Ad
300287,飞利信,国内领先的智能会议系统整体解决方案提供商          
600756,浪潮软件,专注于智慧政府方案和服务供应商的战略定位，持续巩固在数字政府
300378,鼎捷数智,主营以ERP软件为核心的企业管理软件            
600271,航天信息,国家大型信息化工程和电子政务领域龙头企业          
300687,赛意信息,近廿载深耕泛 ERP 领域，逐步深化智能制造转型。     
300170,汉得信息,多业务齐头并进，脚踏信创浪潮，业绩期待反转。        
409,云鼎科技,聚焦“北斗+”和“矿山工业智能”两大产品体系        
603039,泛微网络,业界领先的协同管理软件及相关解决方案供应商         
300271,华宇软件,国内法律科技智慧信息服务的主要领导服务商          
301378,通达海,聚焦于“智慧法院”相关的电子政务市场，智慧审判领域市占率全国
301218,华是科技,致力于成为国内领先的智慧城市和物联网软件应用整体解决方案专业
300605,恒锋信息,国内具有较强竞争力的智慧城市行业综合解决方案提供商之一。  
688038,中科通达,公安数字化领域华中地区领先的综合服务运营商。        
2279,久其软件,专业的管理软件供应商和大数据综合服务提供商。        
688232,新点软件,聚焦智慧招采、智慧政务及数字建筑三大领域，逐步成为城市信息系
300469,信息发展,行业应用软件研发和软硬件技术服务为核心的计算机系统集成公司 
2474,榕基软件,海西软件产业的龙头企业，是国内电子政务和协同管理细分领域的领
301396,宏景科技,具有较强的研发、设计和实施能力的智慧城市解决方案提供商。连续
2990,盛视科技,深耕口岸业务二十余载，智慧口岸先行者，产品逐渐拓展至智慧防疫
603171,税友股份,聚焦财税数字化，B（国内领先财税SaaS服务商）+G（为税务
301153,中科江南,全国性财政信息化建设服务商，人民银行、财政部国库资金电子支付
2530,金财互联,“热处理”+“互联网财税”双主业发展，智慧电子税务局和税企连
300525,博思软件,我国财政信息化龙头，主营政府智慧财政财务、公共采购、智慧城市
300324,旋极信息,智慧防务、税务信息化、智慧城市领域整体解决方案的主流服务商 
688588,凌志软件,公司为野村综研软件开发最大的供应商，主要业务为对日软件开发业
300830,金现代,行业数字化解决方案服务商+标准、通用基础软件产品供应商：持续
300365,恒华科技,深耕电力行业二十年，国内BIM行业龙头           
2410,广联达,工程造价龙头企业，造价业务收入占比约70%。        
688109,品茗科技,公司在施工软件和智慧工地领域，是最早进入相关细分市场的企业之
300935,盈建科,BIM优质企业，专注建筑设计软件，打造建筑信息化行业标杆。 
301213,观想科技,国防信息化领域具备一定的优势地位              
301316,慧博云通,围绕云计算、大数据、人工智能、物联网等新兴领域不断拓展，移动
605398,新炬网络,国内头部第三方运维商，一站式智能运维解决方案，具备强大技术实
301380,挖金客,移动互联网应用技术和信息服务提供商，与卓望信息、腾讯云、携程
3007,直真科技,国内领先的ICT运营管理系统供应商，客户覆盖了中国移动、中国
688083,中望软件,国内领先CAD企业，已具备完善的2D/3D CAD产品线，核
688507,索辰科技,专注于CAE(计算机辅助工程)软件的高新技术企业      
688777,中控技术,为国产流程工业龙头                     
2169,智光电气,20余年大功率电力电子技术及绿色电力产品的推广与使用，拥有4
688663,新风光,深耕大功率电力电子节能控制行业，以无功补偿和变频器为核心，储
300490,华自科技,电力自动化领先企业，受益储能业务快速扩张和锂电设备业务修复。
2534,西子洁能,余热锅炉领军企业，积极转型清洁能源，以熔盐储能为基点，拓展火
35,中国天楹,环保主业稳步向前，重力储能开辟新空间            
600348,华阳股份,传统能源+新能源两头并进                  
603090,宏盛股份,拥有行业内领先的大型风洞实验系统              
2866,传艺科技,"笔记本电脑零组件的国内隐形冠军,国内键盘龙头，拥有国际先进的"
600152,维科技术,行业领先的锂离子电池研发、制造、销售及服务于一体的新能源科技
688717,艾罗能源,主要出口欧洲的外销型光伏储能系统及产品提供商，行业内少数具备
301327,华宝新能,便携储能龙头，布局家庭储能探索第二曲线。          
2271,东方雨虹,定位建材综合服务商，防水巨头持续拓展向前          
300737,科顺股份,深耕防水材料20年，防水行业第二，集中度提升预期强，收购资产
300715,凯伦股份,高分子防水材料领先企业，双渠道铺开，关注出口逻辑进展。   
2457,青龙管业,国内最大的供排水管道生产企业之一              
2671,龙泉股份,国内为数不多的PCCP骨干供应商，全资子公司新峰管业是国内规
603616,韩建河山,行业内领先的龙头企业之一，在大口径PCCP领域有传统优势地位
3037,三和管桩,国内为数不多的研发、生产、销售及配送服务为一体的现代化大型预
2641,公元股份,国内大型城乡管网建设的综合配套服务商，是塑料管道行业全国龙头
2372,伟星新材,家装塑料管材龙头，产品质量和服务优势明显，2016-2021
300599,雄塑科技,国内技术领先的大型塑料管材管件生产企业之一，中国驰名商标  
2694,顾地科技,国内最早从事生产销售塑料管道的企业之一           
300198,ST纳川,国内最大的HDPE缠绕增强管制造商             
603856,东宏股份,大型工程管道三位一体总包商，全球最大的复合管道制造基地，受益
603700,宁水集团,智能水表国家级单项冠军，智慧水务“领跑者”         
300066,三川智慧,国内最大节水型机械表和智能水表生产商            
300897,山科智能,在智能水表计量和管网检测技术上已处于领先地位        
300259,新天科技,民用智能计量仪表行业较早进入者之一             
301006,迈拓股份,国内较早自主成功研发超声热量表的企业之一          
300371,汇中股份,超声测流产品的核心技术达到国内先进或领先水平        
300145,南方泵业,不锈钢离心泵龙头企业，积极部署环境治理业务         
2131,利欧股份,为数不多的能够提供一站式整合数字营销服务的机构       
2884,凌霄泵业,外销为主的塑料卫浴泵龙头，拥有四十多年电机及整泵研发经验，产
603617,君禾股份,主要经营家用水泵产品的高新技术企业，行业出口交货值排名第4位
603757,大元泵业,家用屏蔽泵国内龙头，热泵产业链优质标的，拥有品牌“大元”、“
300992,泰福泵业,公司专注于民用水泵的研发、生产和销售，公司产品以外销为主。 
301273,瑞晨环保,国内知名的节能设备制造商，公司的高效节能离心风机和水泵广泛应
603109,神驰机电,公司通用汽油发电机组出口量排名全国前列           
2871,伟隆股份,公司是专业从事给排水阀门产品的设计研发、生产制造和销售服务的
300266,兴源环境,构筑了城市、河道流域水环境治理的全产业链服务平台      
2761,浙江建投,集投资、设计、建造、运维于一体的现代建筑服务全产业链企业集团
601199,江南水务,供水行业处于领先地位，江苏服务业名牌            
603291,联合水务,主营供水及相关配套工程、污水处理，供水业务在宿迁和咸宁具有垄
600283,钱江水利,主要从事自来水和污水处理等业务，控股股东为中国水务投资有限公
3039,顺控发展,佛山顺德国资委旗下，主营自来水制售业务和垃圾焚烧发电并拥有顺
301519,舜禹股份,国家级专精特新 “小巨人”，主营二次供水和污水处理，以安徽省
605,渤海股份,天津国资委旗下，滨海新区引滦原水的唯一供应商和部分区域的自来
601368,绿城水务,国内自动化程度最高，少数拥有废水处理系统的水厂之一     
603759,海天股份,西南地区环保水务行业民营龙头企业              
601158,重庆水务,区域国资旗下的水务龙头                   
600187,国中水务,民营资本在水务行业的先行者，主营为污水处理、自来水供应和环保
688296,和达科技,国内智慧水务建设龙头，提供水务信息化整体解决方案      
603956,威派格,基于工业互联网的智慧水务综合解决方案提供商         
688709,成都华微,中国电子旗下，国内少数几家同时承接数字和模拟集成电路国家重大
2544,普天科技,中国电科通信板块唯一上市公司                
600990,四创电子,在雷达电子、安全电子领域具有较强竞争力           
600562,国睿科技,中国电科十四所上市平台，全面布局雷达整机产业链，着力雷达装备
600071,凤凰光学,国内光学行业第一家上市公司，高科技光学器材制造业领先企业  
2415,海康威视,国内最大安防视频监控产品供应商               
600850,电科数字,IT业务集中在增值销售、专业服务、解决方案及创新业务领域  
300747,锐科激光,国产光纤激光器的龙头企业，激光行业的知名企业        
901,航天科技,航天科工集团旗下的航天飞行器和汽车电子产品制造公司     
600501,航天晨光,以智能制造和核工装备为发展重点，提升后勤装备和压力容器等传统
547,航天发展,国家发电设备定点生产厂、国家指定承担军品生产任务的重点骨干企
600343,航天动力,以航天液体动力技术为依托，深度挖掘军民两用技术       
600879,航天电子,航天领域电子龙头，军用无人机带来新机会           
300455,航天智装,重要的中国铁路车辆运行安全检测装备和服务的供应商之一    
2389,航天彩虹,国内高端无人机产业主导力量；彩虹系列无人机大放光彩     
600151,航天机电,主营汽车空调和发动机冷却系统、光伏硅片和光伏电池组件    
603698,航天工程,专业的煤化工工程研发设计企业、工程承包企业和设备供应企业  
688586,江航装备,为多款军用设备提供技术解决方案并多次获得国家技术进步奖   
600523,贵航股份,中国汽车零部件行业的骨干企业之一，是航空工业集团的成员单位 
2190,成飞集成,中国汽车覆盖件模具重点骨干企业               
600316,洪都航空,教练机+导弹双轮驱动，业绩增长可期。            
2916,深南电路,主营印制电路板、封装基板及电子装联三项业务。        
50,深天马A,国内规模最大的液晶显示器及模块制造商之一          
26,飞亚达,"中国著名钟表企业，被授予""中国钟表之王""称号        "
2419,天虹股份,已连续多年入围中国连锁百强，央企国资控股，有平台型（百货和购
600391,航发科技,我国航空发动机制造主要企业，产品涵盖燃气轮机航空零部件产品等
738,航发控制,航空发动机控制系统的优质企业，伴随着军、民飞机的核心零部件国
600893,航发动力,航空发动机A股营收第一，军民两类业务快速发展，受益于国产替代
688563,航材股份,中国航发旗下，主营航空航天用部件及材料，国内少数批产国际民用
600435,北方导航,导弹制导系统稀缺标的，超短波地空通信领域国内领先。     
600967,内蒙一机,我国唯一的主战坦克研制基地，重要的中重型轮式装甲车科研基地 
600184,光电股份,光电材料与器件业务市场份额位居国内第二位，国际前四位    
600262,北方股份,国内最大的专业矿用车研发、生产基地             
2265,建设工业,兵器装备集团旗下，国内发动机连杆专业化龙头。        
600698,湖南天雁,中国兵器装备旗下上市公司，主要从事废气涡轮增压器、发动机进排
601606,长城军工,掌握迫击炮弹的核心技术，处于国内迫击炮弹行业的领先地位   
600100,同方股份,公司是以清华大学为依托的科研成果产业化平台         
601098,中南传媒,"拥有""多介质、全流程""产业业态的大型出版传媒骨干企业集团  "
300632,光莆股份,LED照明及LED应用关键零部件领域领先企业        
688659,元琛科技,国内高温过滤材料行业排名领先                
688700,东威科技,公司是PCB电镀设备的优质企业，平台多品类发展带来第二增长曲
300706,阿石创,PVD镀膜材料技术延伸，PET铜箔业务有望崛起       
300423,昇辉科技,深耕高低压电气成套设备，切入LED照明及智慧社区领域，业务结
600475,华光环能,深耕环保+能源领域，面向碳中和稳健发展。          
603169,兰石重装,主营高端装备制造及工程总承包，率先实现连续重整技术国产化  
603273,天元智能,蒸压加气混凝土成套装备国内市占率第一            
300405,科隆股份,精细化学品专业制造的企业，环氧乙烷衍生物产品的研发     
600860,京城股份,京城机电下属的唯一上市平台，旗下天海工业拥有八个专业气体储运
603013,亚普股份,从事(主要是乘用车)汽车燃油系统的汽车零部件制造企业    
300228,富瑞特装,LNG 全产业链装备制造龙头                
300471,厚普股份,国内加气设备龙头                      
300867,圣元环保,曾获“中国固废行业最具社会责任投资运营企业”荣誉      
2733,雄韬股份,铅酸锂电稳健发展，燃料电池前景广阔             
811,冰轮环境,掌握压缩机核心技术，中国工商业制冷行业领军企业。      
530,冰山冷热,中国最大的工业制冷设备生产企业               
300091,金通灵,专注于高端流体机械的研发，其技术水平居行业领先水平     
688339,亿华通,国内领先的燃料电池系统商                  
2825,纳尔股份,数码喷绘材料及汽车漆面保护膜、数码墨水等新材料产品提供商  
603798,康普顿,国内最早采用自动化生产的润滑油企业之一           
300152,ST新动力,拥有处于国内领先水平的双强少油煤粉点火、烟风道燃烧器技术  
581,威孚高科,无锡国资委旗下，汽车尾气净化龙头，我国自主品牌乘用车市场催化
600817,宇通重工,公司强夯设备为国内第一品牌，桥梁检测车处于国内前列     
688551,科威尔,专注于测试电源设备制造的高新技术企业            
300092,科新机电,在国内压力容器领域已经具备较强的市场竞争和品牌优势，下游包括
100,TCL科技,以半导体显示为基，以半导体材料为矛，成本优势显著，景气回升迎
600707,彩虹股份,一体化布局“面板+基板”产业，其中玻璃基板打破了国际垄断。 
688055,龙腾光电,国内知名的液晶显示面板制造商                
688538,和辉光电,行业内最早实现AMOLED量产的境内厂商          
2387,维信诺,二十年深耕，国产OLED领军企业逐步成长。         
603773,沃格光电,手机玻璃加工企业，精准卡位Miniled浪潮，复合集流体技术
300752,隆利科技,背光模组行业龙头，Mini LED 开启新篇章       
300269,联建光电,国内中高端LED全彩显示应用行业的领军企业之一       
300162,雷曼光电,LED亚太地区乃至国际市场有影响力的厂商之一        
300241,瑞丰光电,国内前三大SMDLED制造商之一              
688170,德龙激光,国产激光精密加工先驱，国内为数不多的激光精细加工设备全产业链
2008,大族激光,亚洲最大激光加工设备生产商                 
300940,南极光,国内领先手机背光显示模组厂商                
688150,莱特光电,国内OLED有机发光材料领航企业，公司Red Prime材料
688378,奥来德,核心产品有机发光材料和蒸发源市占率长期保持国内前列，国产化替
2643,万润股份,从事信息材料产业、环保材料产业和大健康产业三个领域     
688550,瑞联新材,国内OLED材料的领军企业之一               
990,诚志股份,从事生物制品及医药生产和销售，并切入工业大麻产业      
688181,八亿时空,公司液晶材料的性能指标达到国际同类产品先进水平       
1373,翔腾新材,我国偏光片、光学膜片领域生产规模较大的企业之一       
605218,伟时电子,全球车载背光显示模组领域领先企业，已提前布局VR等虚拟显示领
2983,芯瑞达,曾被评为安徽省著名商标                   
300582,英飞特,LED驱动电源长期积累和专注投入，形成公司在该领域的专业化优
688001,华兴源创,国内领先的检测设备与整线检测系统解决方案提供商       
688627,精智达,中国大陆AMOLED行业Cell/Module制程检测设备销
300812,易天股份,主营平板显示模组组装设备，并已向半导体微组装设备、Mini 
300536,*ST农尚,园林绿化施工、园林景观设计行业内具备一定规模优势的优秀企业 
301106,骏成科技,公司在液晶专显领域拥有较为完善的产品结构，在细分市场具备较强
301379,天山电子,专业显示领域液晶显示屏及显示模组优秀供应商。具备为客户提供定
2952,亚世光电,专注于光电显示产业，深耕液晶显示器和电子纸显示模组两大主导产
823,超声电子,中国电子元件百强企业，主要从事印制线路板、显示器、覆铜板、超
20,深华发A,国家彩电定点生产企业                    
300219,鸿利智汇,国内领先的白光LED封装企业                
2449,国星光电,国内最大的LED生产制造企业之一              
2745,木林森,国内LED封装主要企业之一                 
300993,玉马科技,国内技术水平和销售规模领先的功能性遮阳材料综合型企业    
605155,西大门,国内功能性遮阳材料细分领域的龙头企业            
300163,ST先锋,建筑节能高分子复合材料研发生产的高新技术企业        
2489,浙江永强,国内户外家具制造龙头                    
1238,浙江正特,户外休闲家具及用品的优质供应商，大单品战略驱动增长提速   
603307,扬州金泉,户外用品制造领域领先企业。公司主要以ODM/OEM的模式为全
2096,易普力,公司是集研发、生产、销售和爆破服务一体化的全国性民爆企业集团
2226,江南化工,深耕民爆业务，扎实推进风电、光伏等新能源业务        
2037,保利联合,公司主要业务范围是民爆器材产品研发、生产、销售、爆破、配送、
2783,凯龙股份,国内大型民爆生产商及服务商，湖北省最大的民爆器材生产销售企业
603977,国泰集团,江西省民爆龙头企业                     
2360,同德化工,山西民爆龙头，区域内竞争优势显著。积极拓展可降解塑料和光伏业
3002,壶化股份,国内首批取得得煤矿许用数码电子雷管安标证书的 3 家企业之一
603375,盛景微,爆破专用电子控制模块市场的龙头企业             
300446,航天智造,磁记录和热敏记录材料领域的龙头企业             
688084,晶品特装,军工领域特种装备研发与制造的国家级高新技术企业，主营光电侦察
603316,诚邦股份,园林业务资质较为齐备的企业                 
2213,大为股份,公司主营为新一代信息技术业、汽车制造业双主业，主要业务包括半
2180,纳思达,国产打印机龙头                       
300212,易华录,央企中国华录集团控股的混合所有制企业，主业是数据湖建设及数据
301306,西测测试,国内军用装备和民用飞机第三方检测龙头，工信部“专精特新”小巨
688053,思科瑞,军用电子元器件二筛龙头，深度受益于军工信息化快速发展    
601058,赛轮轮胎,轮胎龙头企业，产品畅销全球                 
601966,玲珑轮胎,乘用车子午线轮胎产量全国第一，卡车用全钢轮胎全国第二，产能提
601163,三角轮胎,中国轮胎产业的领军企业                   
589,贵州轮胎,目前国内商用轮胎规格品种较为齐全的轮胎制造企业之一     
2984,森麒麟,泰国工厂建成提振产能，整体竞争力进一步增强，在国际市场建立起
600469,风神股份,国内最大的工程机械轮胎生产企业               
601500,通用股份,“千里马”轮胎品牌知名度高，制定“5X战略计划”加速推进发展
599,青岛双星,青岛国资委旗下上市轮胎企业，2022年度“双星”品牌价值位居
603335,迪生力,国内少有的具备铝合金大车轮生产能力的企业之一，拥有同行业最完
2753,永东股份,主营高品质炭黑、煤焦油精细加工，产品附加值高盈利能力强   
300121,阳谷华泰,中国橡胶助剂产品序列最齐全的供应商之一           
600126,杭钢股份,以钢铁生产、贸易流通为核心业务的大型企业集团        
600225,*ST卓朗,致力于成为天津市软件和新基建的产业龙头企业，成为企业智能制造
2528,ST英飞拓,以人物互联为核心的智慧城市整体解决方案提供商、建设商和运营服
2642,荣联科技,专业的数字化服务提供商，中国企业数字化服务的领导者     
688105,诺唯赞,诺唯赞是一家围绕酶、抗原、抗体等功能性蛋白及高分子有机材料进
603122,合富中国,专注于医疗流通领域的渠道商，建立了百余家医院体外诊断试剂项目
301166,优宁维,专注于生命科学研究服务，行业内树立了“优宁维-抗体专家”的品
300318,博晖创新,公司开发的微流控芯片分子诊断平台具有技术独占优势      
300110,华仁药业,拥有国内最大的非PVC软袋输液单体工厂           
688606,奥泰生物,公司是快速诊断试剂领域重要的体外诊断产品提供商之一     
603387,基蛋生物,国内体外诊断领域（尤其是POCT领域）主要的供应商之一   
300942,易瑞生物,国内食品安全快速检测行业的领先企业             
600807,济高发展,山东地产界影响力日益增强，在澳大利亚拥有优越地理位置的矿区 
600881,亚泰集团,涉足水泥、医药、地产、金融、煤炭的综合类企业集团      
603590,康辰药业,中国本土的创新药研发企业                  
301130,西点药业,集科研、生产、销售于一体的制药企业             
301080,百普赛斯,百普赛斯是一家专业提供重组蛋白等关键生物试剂产品及技术服务的
688179,阿拉丁,国内领先的科研试剂自研品牌供应商。             
301159,三维天地,专注于检验检测信息化和数据资产管理领域的软件开发服务商   
300166,东方国信,专注提供完整企业商业智能系统解决方案的企业         
688787,海天瑞声,国内领先的AI训练数据专业提供商。             
2649,博彦科技,面向全球的IT咨询、 产品、解决方案与服务提供商      
688500,慧辰股份,以数据分析应用技术为核心的科技创新型企业          
300609,汇纳科技,国内客流分析行业的先行者和领先者              
301169,零点有数,中国领先的数据分析与决策支持服务机构之一          
603825,华扬联众,营销资源构筑护城河，“元宇宙+营销”前景可期        
301178,天亿马,专业从事软件与信息技术服务的国家高新技术企业，中国智慧城市解
688435,英方软件,数据复制行业领头羊                     
681,视觉中国,版权内容头部企业，数字资产储量富足，NFT给企业提供充足想象
2609,捷顺科技,国内智慧停车领域龙头，建立起了智慧停车硬件+平台产品+云化产
300420,五洋自控,国内重要机械式停车设备制造商                
301428,世纪恒通,为大型企业客户提供用户增值和拓展服务，与中国移动等公司建立了
300766,每日互动,专业的数据智能服务商，服务对象包括人民日报、京东等数十万AP
301382,蜂助手,主营互联网数字化虚拟商品综合服务              
300226,上海钢联,大宗商品B2B领域龙头，上下游扩张，工业SaaS模式，实现成
301299,卓创资讯,国内领先的大宗商品信息服务企业               
600180,瑞茂通,中国领先的煤炭供应链管理服务专家              
300959,线上线下,中国领先的移动互联网运营支撑服务商             
2869,金溢科技,国内领先的智慧交通与物联网核心设备及解决方案提供商。    
300462,华铭智能,上海市轨道交通AFC终端设备制造商，上海市知名商标     
300020,*ST银江,国内领先的智慧城市和智慧交通整体解决方案提供商       
2331,皖通科技,中国领先的大交通产业智慧化解决方案及综合服务提供商。国内第一
301339,通行宝,ETC市场份额国内居前，在江苏省具有垄断地位        
2565,顺灏股份,工业大麻概念龙头股                     
2723,小崧股份,专注于从事可充电备用照明产品和可充电交直流两用风扇     
829,天音控股,通信产品销售为主，与全球顶尖品牌长期合作          
2416,爱施德,国内领先的数字化分销和数字化零售服务商，国内手机渠道商龙头，
300233,金城医药,国内最大的头孢抗生素侧链中间体生产厂商           
2923,润都股份,拥有新药盐酸去甲乌药碱，为心脏负荷试验药物，产品生产线丰富 
300363,博腾股份,"产业跃迁，CMO到CDMO,新时代新博腾          "
300032,金龙机电,全球最大的手机马达生产企业之一               
300916,朗特智能,智能控制器优质玩家                     
688380,中微半导,国内领先的MCU厂商，产品主要应用于家电和消费电子领域，致力
688595,芯海科技,高精度ADC+高可靠性MCU，打造全信号链集成电路     
2588,史丹利,中国知名的肥料生产商，全国最大的高塔复合肥生产基地     
2470,金正大,行业领先的农用肥料生产、销售商               
2170,芭田股份,国内硝酸磷肥龙头企业，磷矿磷酸优势显著，复合肥巨头再腾飞  
953,河化股份,公司子公司南松医药主要产品中氯喹侧链和羟基氯喹侧链，是全球市
300505,川金诺,“最具行业竞争优势”的磷酸盐生产企业，专业从事磷化工产业  
893,亚钾国际,资产、市场、资本全面国际化布局，奠定钾肥龙头业绩持续高速增长
301256,华融化学,氢氧化钾市场占有率位居全国前列，起草食品添加剂氢氧化钾国家标
300387,富邦科技,拥有差异化产品解决方案优势，公司会根据化肥生产企业的工艺流程
300972,万辰集团,食用日产能位于国内同行业前列，公司食用菌产品包括金针菇和真姬
603777,来伊份,一家经营自主品牌的休闲食品全渠道运营商           
603719,良品铺子,国内高端休闲食品行业龙头，加盟制带来全国化逻辑，有望带来业绩
2847,盐津铺子,我国最具影响力、产品品类最齐全的小品类休闲食品企业之一   
603237,五芳斋,发端嘉兴的“粽子大王”，形成以粽子为主导，集月饼、汤圆、糕点
2582,好想你,中国红枣龙头企业。                     
300783,三只松鼠,国内休闲食品的优质企业，伴随消费升级和复苏，有望利润带来改善
2991,甘源食品,籽类口味坚果行业龙头，研发、生产优势显着；公司籽类坚果龙头地
2820,桂发祥,商务部首批认定的“中华老字号”企业。“品牌+研发+生产+销售
2557,洽洽食品,"聚焦瓜子坚果主业，渠道扩张稳步成长
            "
3000,劲仔食品,A 股鱼类零食第一股再启航，大包装+渠道双管齐下      
603697,有友食品,泡椒凤爪龙头，主要业务为泡卤风味休闲食品的研发、生产和销售。
2515,金字火腿,以肉制品为主业，现已涵盖火腿、特色肉制品、进口品牌肉和植物肉
1219,青岛食品,青岛国资控股食品企业，国内区域性饼干龙头企业，产品在山东地区
300175,ST朗源,公司苹果及葡萄干出口量在国内同类型企业中均排名第一     
603517,绝味食品,卤制品龙头，门店扩张驱动增长，高效供给强化盈利       
2695,煌上煌,酱卤行业龙头，以酱卤肉制品、佐餐凉菜快捷消费食品及米制品的开
603057,紫燕食品,卤制品行业头部企业，市占率优势初步显现，加速网络扩张巩固优势
603866,桃李面包,国内短保面包的行业龙头，下沉渠道积极布局空白市场，行业集中度
300973,立高食品,烘焙行业综合平台化供应商，冷冻烘焙赛道龙头，渠道服务与掌控力
603886,元祖股份,中国烘焙食品行业的龙头企业之一               
605339,南侨食品,国内烘焙油脂市场领导者品牌之一               
300915,海融科技,我国植脂奶油行业标准的起草单位之一             
605338,巴比食品,门店拓张提速，团餐持续成长                 
603345,安井食品,速冻龙头多点开花，预制菜布局清晰。             
2216,三全食品,速冻食品行业龙头，市占率优势巨大，集中度有进一步上升空间，品
603536,惠发食品,中国农产品市场畅销品牌                   
2702,海欣食品,国内速冻鱼糜制品主要生产企业之一，中国驰名商标       
603711,香飘飘,成长于固体杯装奶茶领域，进军液体奶茶领域          
716,黑芝麻,一家集食品研发、生产和销售为一体的综合性食品企业，参股天臣新
600300,维维股份,中国豆奶行业的开创者                    
2956,西麦食品,热食，冷食的燕麦食品市场占有率前列             
600962,国投中鲁,国投集团旗下，产销规模全球前列、中国第一的浓缩苹果汁生产商，
605198,安德利,世界浓缩果汁主要生产与供应商之一              
2732,燕塘乳业,燕塘乳业属于区域性城市型乳制品龙头企业           
605388,均瑶健康,隶属于国内知名企业均瑶集团，拥有知名乳酸菌品牌“味动力”  
605499,东鹏饮料,功能饮料市占率A股第一。                  
603156,养元饮品,我国核桃饮料生产规模最大的企业               
848,承德露露,全国最大的杏仁露生产企业                  
300997,欢乐家,罐藏食品领先品牌，椰子汁、水果罐头双驱动          
3030,祖名股份,江浙沪地区的豆制品领导品牌，区域扩张进行中         
605300,佳禾食品,植脂末龙头供应商，受益于现制茶饮发展，公司业绩进入快车道。 
600883,博闻科技,云南省较大的水泥粉磨与销售企业               
300792,壹网壹创,全域衍生+品牌孵化器，电商服务商龙头整装前行        
600887,伊利股份,中国规模最大的乳制品企业。                 
605337,李子园,甜牛奶乳饮料龙头，进入规模扩张加速阶段，看好全国化扩张下盈利
2910,庄园牧场,甘肃省国资委旗下专业化乳制品生产企业，在甘肃、青海及陕西市场
600597,光明乳业,国内排名第三的乳制品企业，市场重点在华东，主打新鲜乳品   
600429,三元股份,在乳制品行业拥有良好的品牌、奶源、质量、研发与生产技术优势 
2946,新乳业,战略目标向“内生、盈利、深度”倾斜后，市场关注度明显提升  
1318,阳光乳业,江西最具影响力的乳品企业和品牌。              
600882,妙可蓝多,中国奶酪行业绝对王者，常温放量叠加蒙牛赋能，享受成长之风  
300898,熊猫乳品,目前中国规模较大的炼乳生产企业               
600873,梅花生物,品类齐全的玉米深加工行业龙头公司，味精行业寡头之一，全球赖氨
600186,莲花控股,多项味精产品连续多年被中国绿色食品发展中心认定为绿色食品；莲
2495,佳隆股份,一家集科研开发、生产、销售为一体的食品制造企业，主导产品鸡粉
603288,海天味业,调味品龙头，护城河深厚，市场拓展依然空间巨大        
600872,中炬高新,调味品行业领先企业，拥有“厨邦、美味鲜”两大品牌      
603027,千禾味业,调味品龙头，零添加长板打开局面               
2650,ST加加,“酱油上市第一股”                     
600305,恒顺醋业,“四大名醋”之首镇江香醋的代表，唯一A股上市老字号醋业公司 
603317,天味食品,川味复合调味品龙头                     
603170,宝立食品,西式复合调味品先发企业，类比妙可蓝多，研发产品优势助力成长性
300908,仲景食品,二十年深耕调味品，产品矩阵逐步多元化            
603755,日辰股份,对日出口转型的复合调味料先行者，聚焦国内餐饮连锁再出发。  
603696,安记食品,主营调味品的研发、生产和销售，行业领先企业         
2507,涪陵榨菜,小行业大龙头，国资入主后产线拓展指至萝卜、泡菜       
300999,金龙鱼,千亿粮油巨头，产销两头深度把控，构筑企业护城河       
2852,道道全,菜籽油细分赛道龙头，公司主要从事食用植物油的研发、生产和销售
600127,金健米业,以优质粮油、新型健康食品开发、生产、销售为主        
911,广农糖业,广西规模最大的糖业生产经营企业之一，制糖业务是公司最大的业务
600191,华资实业,公司主要业务为食糖、面粉委托加工生产销售及粮食贸易。    
300511,雪榕生物,国内金针菇龙头，随着国内生产厂家减少，市占率不断提升    
2772,众兴菌业,金针菇、双孢菇日产能均处于行业前列。各季度收入和利润会随销售
300970,华绿生物,专业从事食用菌的研发、工厂化种植及销售业务，是国内领先的食用
603336,宏辉果蔬,果蔬产品产业一体化的专业农产品服务商，中国果品行业先进单位 
300844,山水比德,民营景观设计龙头企业之一                  
2431,棕榈股份,具有风景园林工程设计专项甲级资质的综合性园林企业      
301098,金埔园林,公司在国内园林绿化领域综合竞争力较强            
2775,文科股份,园林绿化工程施工的综合性园林企业，国家城市园林绿化一级资质 
2310,*ST东园,水环境治理、市政园林、全域旅游三大领域的领先企业      
605303,园林股份,公司在园林行业内具有较高的知名度和美誉度          
600382,广东明珠,以突出阀门为主，多产业、多元化共同发展的业务格局      
825,太钢不锈,不锈钢行业龙头，国际上重要的不锈钢生产厂家之一       
600808,马钢股份,中国最大钢铁生产和销售商之一，经营范围主要在华东地区    
932,华菱钢铁,全球最大的单体宽厚板生产商，国内第二的专业化无缝钢管供应商 
600022,山东钢铁,钢铁生产线的装备已达到国内领先水平，生产优势明显      
601003,柳钢股份,高成长、吨钢市值低的华南钢铁隐形龙头            
600282,南钢股份,中厚板卷和中板是公司的主导产品               
2110,三钢闽光,福建省最大的钢铁生产基地                  
600782,新钢股份,国内中厚板骨干企业和江西规模最大、品种规格最全的钢铁企业  
600507,方大特钢,特种钢材加工企业，弹簧扁钢是公司的战略核心产品，      
600569,安阳钢铁,集炼焦、烧结、冶炼、轧材及科研开发为一体的大型钢铁联合企业 
601005,重庆钢铁,重庆地区唯一符合国家产业政策的大型钢铁联合企业       
778,新兴铸管,具备钢铁冶炼到加工全流程生产能力，具备320万吨铸管及管件、
603878,武进不锈,国内最大的工业用不锈钢管制造商之一             
300881,盛德鑫泰,小口径锅炉高端无缝管龙头企业，是一家以各类工业用能源设备类无
2043,兔宝宝,人造板市场规模千亿，渠道为王品牌筑基，全屋定制成为增长点  
2785,万里石,专注于建筑装饰石材领域，销售网络遍布美国、欧盟、日本等30多
603969,银龙股份,国内最大的预应力钢材制造商                 
2444,巨星科技,全球第三大手工具企业，产品包括手工具、动力工具、激光测量仪器
2791,坚朗五金,建筑配套件品类最多的建筑五金行业龙头，随着规模效应逐步显现，
300907,康平科技,行业中较为优良的电动工具用电机的供应商之一         
601636,旗滨集团,浮法玻璃产能领先，原料自给成本优势突出，加速向节能建筑玻璃、
301526,国际复材,云南国资委所属云天化集团旗下的玻璃纤维厂商，风电纱及织物全球
600444,国机通用,流体机械业务市场份额较高，新型塑料管材业务国内首家上市公司 
619,海螺新材,新型绿色建材行业龙头，国内最早的大型专业脱硝催化剂厂商之一。
603737,三棵树,家装涂料行业前三，涂料、保温、防水、地坪、基材、施工”一站式
603378,亚士创能,涂料原材料价格下降，龙头市占率提升，有望带来企业的利润回暖。
603062,麦加芯彩,全球四大集装箱涂料供应商之一，在风电叶片涂料领域拥有近三分之
301037,保立佳,国内生产水性丙烯酸乳液的主要企业之一            
565,渝三峡A,油漆涂料的生产销售，国家高新技术企业，行业标准的制定者之一 
1333,光华股份,国内主要的粉末涂料用聚酯树脂供应商，粉末涂料用聚酯树脂销量连
3012,东鹏控股,中国陶瓷十强企业                      
2918,蒙娜丽莎,建筑陶瓷行业的头部企业。公司在B端C端均衡发展，产能优势持续
2798,帝欧家居,专注生产高端卫生洁具和建筑陶瓷的企业            
2718,友邦吊顶,集成吊顶行业龙头                      
605318,法狮龙,中国建筑装饰装修材料协会常务理事会单位           
603551,奥普科技,浴霸行业和集成吊顶行业国家标准制定组长单位         
601886,江河集团,幕墙行业龙头，建筑+医疗双轮驱动公司业绩增长        
55,方大集团,国内幕墙系统材料产业高端首选品牌之一            
603137,恒尚节能,我国建筑幕墙行业第一阵营企业，拥有国内建筑幕墙工程施工、工程
2081,金螳螂,装饰行业龙头，抗风险能力显著优于同行，风波损失充分计提后估值
603828,ST柯利达,"建筑装饰行业率先采取""内外兼修""业务模式的企业之一     "
300117,*ST嘉寓,中国节能门窗幕墙创新领军企业                
603038,华立股份,我国封边装饰材料业务龙头企业                
301429,森泰股份,主营高性能木塑复合材料和新型石木塑复合材料，外销为主    
2652,扬子新材,国内较早进入有机涂层板行业的民营企业之一，公司机涂层板分为高
2247,聚力文化,装饰贴面材料行业龙头，新拓展了移动游戏业务         
2225,濮耐股份,全球高温工业提供卓越产品与系统解决方案的供应商       
603916,苏博特,中国混凝土外加剂行业的龙头企业               
2809,红墙股份,中国混凝土网评选为全国混凝土外加剂企业综合十强       
2742,ST三圣,专注于石膏综合利用的研究和产品开发，拥有丰富的石膏资源优势 
2047,宝鹰股份,我国建筑装饰行业领先的大型综合装饰企业           
603030,全筑股份,以住宅全装修为主业，集建筑装饰研发、设计、施工、家具生产、软
2620,瑞和股份,我国公共建筑装饰行业龙头企业之一，连续多年入选中国建筑装饰行
2713,东易日盛,A股首家家装领域的上市公司，中国家装行业的领军企业。    
2856,美芝股份,为中国建筑装饰行业内最具有市场综合竞争力的优秀企业之一   
2989,中天精装,公司专注于为开发商提供批量精装修服务，主要客户为万科、保利、
600234,*ST科新,公司仍以DVD等消费电子产品的生产和销售为主，租赁经营为辅 
2830,名雕股份,公司根据多年积累的家装经验研发出的家装工程现场智能管理系统 
605287,德才股份,建筑全产业链精品企业，在手订单充裕，旧城改造、历史建筑修缮，
2811,郑中设计,国际一流室内设计机构同场竞技的极少数亚洲企业之一      
603208,江山欧派,木门品价比优势显著，营销改革下新业务放量可期        
603216,梦天家居,国内木门品牌龙头                      
603833,欧派家居,大家居领域翘楚，定制家居市占率A股第一，伴随多品类高端服务发
2572,索菲亚,定制衣柜龙头，发展全渠道多品牌全品类，线下零售开设终端门店逾
300749,顶固集创,"""顶固""现已成为国内领先的定制家居品牌           "
605268,王力安防,国内安防门、锁领跑者，行业唯一上市公司。21年王力品牌价值2
301227,森鹰窗业,在铝包木窗行业深耕20多年，拥有哈尔滨和南京两大生产基地，合
603272,联翔股份,业内知名的墙布制造企业，受益于消费升级及墙布应用渗透，公司稳
3011,海象新材,PVC地板出口商，客户资源广泛，越南扩产降低关税风险，自主品
603221,爱丽家居,被中国建筑装饰装修材料协会评为“中国弹性地板行业十大品牌” 
301588,美新科技,少数能以自主品牌与国际行业龙头直接竞争的国内塑木厂商之一，外
301356,天振股份,主营新型PVC复合材料地板，主要境外销售          
910,大亚圣象,从事人造板和地板的生产销售业务               
603226,菲林格尔,主营强化、实木复合地板及全屋定制家居等产品的国家高新技术企业
2631,德尔未来,主营地板为主的家居产品，子公司烯成石墨烯是国内首家生产与销售
601996,丰林集团,我国纤维板行业的骨干企业之一                
603816,顾家家居,沙发市占率A股第一，床垫市占率A股第三。公司充分受益于零售渠
600337,美克家居,入选工信部“互联网+”在工业应用领域十大新锐案例的智能工厂 
603709,中源家居,多种类型沙发研发、设计、生产和销售，国家级绿色工厂     
603818,曲美家居,国内少数同时具备成品家具订单式生产能力和定制家具柔性生产能力
603600,永艺股份,国内领先的座椅生产企业                   
603661,恒林股份,中国家具行业优秀企业、生产各种办公椅、沙发、按摩椅     
300616,尚品宅配,具有领先的全屋家具定制的优势                
603801,志邦家居,由定制厨柜起家，发展为至今全品类的定制家居公司，多元渠道持续
603898,好莱客,中国整体衣柜领跑者                     
603180,金牌家居,国内整体厨柜全国性品牌之一，整体厨柜收入稳健增长，衣柜木门快
2853,皮阿诺,国内领先的定制家居产品企业之一，国内首家定制橱柜上市企业，主
603326,我乐家居,主打原创设计，“整体橱柜+全屋定制”双业务发展。      
1323,慕思股份,国内床垫领军品牌，营销、渠道、产品三大优势凸显，成长赛道大有
603008,喜临门,床垫行业龙头，形成相对完善的品牌与产品体系。        
603313,梦百合,国内记忆绵家居制品最大的龙头之一              
301320,豪江智能,主营智能线性驱动系统                    
1322,箭牌家居,卫浴陶瓷行业领军，开启智慧家居新征程            
2084,海鸥住工,整装卫浴龙头，是国内最大的高档水龙头和卫浴五金产品制造服务供
603385,惠达卫浴,为消费者提供一站式卫浴产品综合解决方案的企业        
2790,瑞尔特,冲水组件龙头，国内最大的便器冲水组件生产商。        
301309,万得凯,主营铜制水暖阀门、管件                   
1216,华瓷股份,国内最大的出口日用陶瓷生产商                
2571,德力股份,国内日用玻璃器皿生产细分行业龙头              
603268,松发股份,专业化、高品质日用瓷供应商                 
603838,四通股份,国内行业少数同时提供日用、艺术、卫生等家居生活类陶瓷的企业 
601828,美凯龙,全国领先的连锁家居商场，多年稳居行业第一。         
300896,爱美客,国内最大医美填充剂供应商之一。               
600200,*ST苏吴,"降维切入医美赛道，代理海外多款医美产品聚焦注射类医美产品,入"
908,ST景峰,产品涵盖心脑血管、肿瘤、骨科、儿科、妇科等领域       
963,华东医药,以医药工业为主导，已形成慢性肾病、移植免疫、内分泌、消化系统
301371,敷尔佳,贴片类专业皮肤护理产品国内市占率第一            
2584,西陇科学,公司是化学试剂的专业制造商和集成供应商，以化学试剂和原料为主
615,*ST美谷,坚持“美丽健康产业的材料商、科技商”的战略定位       
600196,复星医药,行业领先的药品制造与研发、医疗器械与医学诊断企业      
688389,普门科技,致力于体外诊断设备、康复治疗设备、家用医疗设备的研发和产业化
516,国际医学,西北地区民营医疗服务综合体稀缺标的，深耕医疗大健康行业20余
2172,澳洋健康,全面转型大健康产业：医疗服务业务（医、康、养护联动发展模式）
2162,悦心健康,建材业务（瓷砖，定位高端）+中高端康养服务+医疗服务业务（聚
601727,上海电气,领先的风电核电机组、燃气轮机、输配电设备等装备制造集团   
600416,湘电股份,电工行业产品配套能力、科研开发能力最强的企业之一      
2255,海陆重工,国内工业余热锅炉领域龙头                  
1332,锡装股份,主营金属压力容器，下游客户以炼油及石油化工行业为主     
603699,纽威股份,工业阀门龙头，传统业务景气度提升，新业务包括LNG、FPSO
2438,江苏神通,深耕特种阀门的研发和生产，是国内规模最大的阀门制造商之一。 
2366,融发核电,在核电材料及设备技术、工艺上具有领先优势          
603333,尚纬股份,特种电线电缆的研发、生产、销售和服务于一体的高新技术企业  
300478,杭州高新,国内领先的标准化管理、标准化运营的线缆用高分子材料制造企业 
300004,南风股份,国内核电HVAC市场龙头企业                
605167,利柏特,国内少数具备大型工业模块设计和制造以及“设计-采购-模块化-
301137,哈焊华通,"行业领先的熔焊材料企业,是多个国家及行业标准起草单位之一  "
962,东方钽业,钽铌业务行业领先，为世界钽铌行业三强之一。         
300522,世名科技,国内最早研发并生产商品化色浆的企业之一           
600516,方大炭素,我国石墨电极龙头企业，致力于打造世界炭素强企。       
600468,百利电气,主营业务为输配电及控制设备、电线电缆及泵。超导电力技术是公司
890,法尔胜,国内知名的金属制品供应商，可生产多种用途的钢丝、钢丝绳产品 
688122,西部超导,钛合金行业优质企业，受益于下游军民两用飞机快速增长带来的业绩
600595,中孚实业,国内西北原铝重要输出地和国内四大铝加工产业基地之一     
600361,创新新材,山东创新借壳过会，向高端化和绿色化迈进           
603259,药明康德,全球领先的“一体化、端到端”的新药研发服务平台，在新药研发全
2821,凯莱英,国内领先的CDMO企业，致力于全球制药工艺的技术创新和应用，
603456,九洲药业,技术领先型原料药企业                    
300759,康龙化成,国际领先的创新药研发服务平台，在药物发现、临床前及早期临床研
300725,药石科技,基于在创新分子砌块积累的优势，不断拓展创新药外包服务全产业链
301509,金凯生科,面向全球生命科技领域客户的小分子CDMO服务商       
2399,海普瑞,全球产销规模最大的肝素钠原料药生产企业           
688238,和元生物,聚焦基因治疗领域的CRO/CDMO公司。          
688293,奥浦迈,国产高端培养基领先企业，拥有细胞培养基和 CDMO 两大核心
2581,未名医药,恩经复是世界上第一支获准正式用于临床的神经生长因子药品   
300149,睿智医药,在临床前CRO市场规模位于国内前三甲            
688202,美迪西,深耕临床前CRO领域，现已建立临床前CRO一体化服务平台。 
688222,成都先导,四川省先导化合物筛选工程技术研究中心            
301096,百诚医药,一家以药学研究为核心的CRO企业。             
688621,阳光诺和,一家专业的药物临床前及临床综合研发服务CRO，提供一站式药物
600721,百花医药,子公司华威医药的定向催化合成技术在国内处于领先地位     
688073,毕得医药,国内公斤级以下分子砌块头部企业，致力于打造国内最齐全、最新颖
603127,昭衍新药,国内最大的非临床安全性评价机构之一，主要从事以药物非临床安全
300347,泰格医药,中国临床CRO行业龙头，不断战略并购及自建，加深护城河，已打
301333,诺思格,规模较大的临床试验外包服务提供商，拥有完整临床试验产业链  
300404,博济医药,全国医药技术市场协会CRO联合体（CROU）的副理事长单位 
301520,万邦医药,中国医药外包公司20强                   
300231,银信科技,国内规模最大的金融科技解决方案领军者之一          
301315,威士顿,在烟草行业的信息化领域具有一定知名度，兼营商业银行数据管理信
300773,拉卡拉,国内知名的第三方支付公司                  
2647,*ST仁东,公司子公司合利宝具有中国人民银行核发的《支付业务许可证》，并
2316,ST亚联,获得央行颁发牌照的第三方支付公司              
300546,雄帝科技,国内安全证照龙头                      
300479,神思电子,向行业用户提供身份认证、行业深耕与人工智能三个梯次的解决方案
300468,四方精创,公司是领先的商业银行IT服务提供商             
998,隆平高科,国内现代种业龙头，转基因先发优势带领更上层楼        
300087,荃银高科,集农作物种子科研、生产、国内外营销等业务于一体的高科技种业企
601952,苏垦农发,种植国家队，农垦加工一体化航母。              
600313,农发种业,主营种子、化肥、农药等农资产品的生产与销售，综合实力行业前列
2041,登海种业,国内玉米种子繁育推广一体化龙头企业             
600371,万向德农,玉米杂交种子研产销+与相关公司进行转基因合作，持续丰富公司的
600354,敦煌种业,从事各类农作物种子的研发、生产、加工、销售和脱水菜、番茄粉及
713,丰乐种业,安徽省种业领先企业，拥有先进的工厂化的商业化研发体系    
600598,北大荒,以种植水稻、玉米、大豆为主的大型农业集团          
2679,福建金森,全国首家纯森林资源培育型国有控股上市公司，我国南方集体林区用
663,永安林业,拥有国际先进的纤维板自动化生产加工设备，经营森林资源128.
592,平潭发展,主营林产品加工业务和与平潭综合实验区开发项目的有关业务   
603348,文灿股份,汽车车身结构件产品最全面；铝合金压铸件营收规模A股第一   
2101,广东鸿图,多重并举卡位一体化压铸业务，提供汽车轻量化整体解决方案。  
600933,爱柯迪,全球中小件压铸龙头，业务向中大件拓展。明确“新能源汽车+智能
603305,旭升集团,同时掌握压铸、锻造、挤压三大铝合金成型工艺。        
603982,泉峰汽车,布局一体化压铸，实现业务突破。铝合金压铸件业务加速布局。  
605133,嵘泰股份,国内转向压铸件领域的优势企业，产品主要应用于汽车转向系统、传
301307,美利信,主营通信领域和汽车领域铝合金精密压铸件           
301268,铭利达,以精密压铸、精密注塑、型材加工为基础，为客户提供一站式的精密
300926,博俊科技,主业迎来产品、客户、技术、产能四重突破，布局一体压铸，打开长
2085,万丰奥威,镁合金深加工业务全球领导者，全球最大的铝合金轮毂生产基地  
300328,宜安科技,镁铝合金、液态金属、医用镁材齐发力             
301398,星源卓镁,国内镁合金压铸领域的先行者，拥有镁合金压铸业务完整的核心技术
600615,丰华股份,主营镁合金，铝合金制品                   
300415,伊之密,模压成型设备龙头企业，核心产品注塑机竞争力强，率先布局重型压
603917,合力科技,掌握了大型精密铸造工艺设计和铸造模具复杂结构设计技术    
300428,立中集团,一体化压铸上游免热处理合金龙头，受益一体化压铸加速渗透   
605208,永茂泰,铝合金铸造全产业链，产能优势巨大，市场优势推升远期扩产计划 
300206,理邦仪器,国产医疗设备领军企业，病人监护、妇幼健康、心电诊断均处于第一
300246,宝莱特,公司产品涵盖健康监测和血液净化两大领域，产品较多，覆盖面广 
301087,可孚医疗,全生命周期个人健康管理领先企业，产品覆盖健康监测、康复辅具、
688271,联影医疗,国产高端医疗影像设备龙头。是目前国内唯一掌握高端医学影像诊断
300633,开立医疗,开立产品涵盖超声医学影像、内镜诊疗、微创外科和体外诊断等多个
688358,祥生医疗,便携式超声为公司特色，推车式超声向高端升级。        
600055,万东医疗,医用X射线诊断设备和医学影像技术处于全国领先地位      
688212,澳华内镜,A股内窥镜第一梯队企业，公司专注软镜业务，国产替代的逻辑加速
688677,海泰新光,史赛克独家供应商，行业领先的硬性内窥镜解决方案供应商。   
688576,西山科技,自研的手术动力装置成功打破了进口垄断，是为数不多的已获得CE
300314,戴维医疗,电动吻合器龙头企业，联盟集采驱动业绩腾飞          
688277,天智航,国内骨科手术机器人行业的领军企业              
688410,山外山,国产血液净化设备龙头，拥有全产业链优势，具备行业领先的研发能
300529,健帆生物,血液净化全面解决方案的专业提供商              
301097,天益医疗,主要产品体外循环血路，已实现了较高的国产进口替代      
300453,三鑫医疗,专业从事医疗器械研发、制造和销售的国家高新技术企业     
600587,新华医疗,国内医疗器械行业中综合实力强、产品种类齐全的企业之一    
688161,威高骨科,骨科植入医疗器械行业领军企业，布局完善，竞争力强，多产品填补
2901,大博医疗,在骨科植入类耗材领域全产品线覆盖，创伤领域国内第一     
688236,春立医疗,国内领先的骨科医疗器械厂商，主要产品为关节假体产品及脊柱类植
300326,ST凯利,实现骨科脊柱类微创介入医疗器械国产化的领军企业       
688085,三友医疗,公司是骨科脊柱植入产品领域的龙头企业，坚持聚焦骨科主业   
688613,奥精医疗,我国再生医学材料医疗器械领域的领军企业           
301033,迈普医学,公司在国内率先推进生物增材制造技术的产业化，实现可吸收硬脑（
2382,蓝帆医疗,PVC健康防护手套年产销量及市场占有率均为全球第一     
300030,阳普医疗,国内真空采血系统行业龙头企业                
605369,拱东医疗,医用低值耗材领先企业，产能释放叠加定制产品释放成长空间   
300151,昌红科技,国内规模最大的通风与空气处理系统集成的设计和制造企业之一  
301122,采纳股份,专业制造注射针、注射器等其他相关医疗器械的科技型中小企业  
300981,中红医疗,高端医用手套研发、生产和销售引航者             
688626,翔宇医疗,国内少数具有全系列康复医疗器械研生产能力的企业之一     
301234,五洲医疗,主营一次性使用无菌输注类医疗器械出口，主要客户均为国外市场医
2950,奥美医疗,医用敷料等一次性医用耗材行业内少数拥有完整产业链企业之一  
300888,稳健医疗,以“医疗+消费”双轮驱动，持续打造大健康产品体系。     
603301,振德医疗,主营医用敷料的生产、研发与销售，生产规模行业领先水平    
603880,南卫股份,创可贴、胶布胶带及绷带等产品生产技术行业内居于领先水平   
300677,英科医疗,综合型医疗护理产品供应商                  
301283,聚胶股份,卫材胶领域行业龙头，积极拓展海外市场，盈利能力中枢有望得到提
300832,新产业,打破了海外巨头对中国化学发光免疫诊断市场的垄断，专注于体外诊
688468,科美诊断,专注发光诊断检测试剂和仪器，有望实现进口替代        
300642,透景生命,专注细分行业市场份额最大的免疫诊断和增长最快的分子诊断领域 
688656,浩欧博,我国过敏原检测领域的领先者                 
300289,利德曼,“利德曼”和“德赛DiaSys”诊断产品品牌市场占有率前列 
300439,美康生物,我国行业内同时能够提供诊断试剂和诊断仪器的少数供应商之一  
300396,迪瑞医疗,央企国资控股，产品体系可以覆盖体外诊断80%以上需求，特别仪
300018,中元股份,"公司电力故障录波装置、时间同步装置处于细分行业领先地位。
 "
688067,爱威科技,专注于“基于机器视觉技术的医学显微镜形态学检验自动化”关键共
688139,海尔生物,提供生物医疗低温存储综合解决方案              
688767,博拓生物,为全球用户提供POCT服务的国际领军企业，是全球POCT诊断
688253,英诺特,呼吸道病原体联合检测试剂领先企业，拥有流感三联等多个国内独家
300685,艾德生物,知名的肿瘤精准医疗诊断产品研发企业             
688393,安必平,广东省病理诊断工程技术研究中心的依托单位          
710,贝瑞基因,以测序为基础的基因检测服务与设备试剂销售          
688114,华大智造,华大智造是全球具有自主研发并量产临床级高通量基因测序仪能力三
300988,津荣天宇,国内领先的精密金属制造服务高新技术企业           
30,富奥股份,吉林国资委控股的汽车零部件制造商              
1282,三联锻造,国家级专精特新“小巨人”，主营汽车锻造零部件        
603926,铁流股份,全球领先的商用车离合器及新能源车精密零部件研发和智能制造企业
688772,珠海冠宇,以消费为基本盘，有望进入上行趋势，动力储能业务亦进入高速成长
300697,电工合金,中铁电气化局集团的铁路接触网材料特许供应商         
2126,银轮股份,公司聚焦汽车热管理 60 余载，在热管理及后处理业务覆盖全面
2937,兴瑞科技,专注于各类精密零组件的研发、制造和销售，产品主要应用于智能终
600660,福耀玻璃,福耀玻璃是全球规模最大的汽车玻璃供应商之一。        
688529,豪森智能,汽车自动化装备龙头，新能源业务驱动成长           
301186,超达装备,国内领先的汽车内外饰模具供应商               
688113,联测科技,国内新能源汽车动力系统测试领域起步较早的一批厂商之一    
701,厦门信达,厦门国资委控股，国内鞋服零售行业RFID整体解决方案的领先品
603233,大参林,华南地区药店龙头，受益于集中化逻辑，高速扩张开店带来业绩增长
603883,老百姓,全国化布局领先的连锁药店企业                
603939,益丰药房,精细化管理的药店龙头，集中度提升和处方药外流驱动业绩中期稳定
301017,漱玉平民,国内知名连锁药店                      
605266,健之佳,立足云南、拓展西南，走向全国的多业态连锁药店企业。     
301408,华人健康,安徽省最大的零售药店连锁企业。主要从事医药零售、代理及终端集
301126,达嘉维康,湖南省医院流通企业龙头之一+慢病药房、DTP专业药房+涉足生
300937,药易购,专注于“院外市场”的医药流通综合服务商           
600998,九州通,全国医药流通中的民营龙头                  
78,海王生物,已建立了覆盖全国20多个省份的庞大医药商业业务网络体系   
301015,百洋医药,深耕医药品牌运营，创新药商业化新选择            
2788,鹭燕医药,连续三年居福建省医药流通企业第一              
600713,南京医药,国内首家医药流通类上市公司，南京药品市场上拥有40%以上的份
950,重药控股,中国三家经营特殊药品的全国性批发企业之一          
603368,柳药集团,全方位布局中药产业链，打造批零协同             
2462,嘉事堂,央企国资控股医药流通企业，北京地区药品配送龙头企业     
411,英特集团,浙江省医药流通区域龙头企业，在已有杭州、宁波等五个物流中心的
600829,人民同泰,国家大型制药公司，葡萄糖酸钙及酸锌，双黄连口服液行业龙头  
702,正虹科技,生产销售饲料产品行业龙头企业                
600789,鲁抗医药,国家重要的抗生素研发、生产基地               
600965,福成股份,综合性农牧食品加工餐饮一体化生产及服务企业，已形成农牧食品加
300657,弘信电子,综合实力位居一流水平的知名FPC制造企业          
603220,中贝通信,从事通信网络技术服务的高新技术企业，业务以通信网络建设为主 
2771,真视通,拥有信息系统集成一级资质的多媒体视讯综合解决方案提供商   
688158,优刻得,"第三方云计算服务商,致力于为客户打造安全、可信赖的云计算平台"
2929,润建股份,通信网络管维领域龙头企业，信息网络与能源网络业务快速发展  
688327,云从科技,孵化于中科院的纯内资AI企业，曾参与制定多项国家级标准。  
603629,利通电子,国内领先的精密金属结构件生产企业              
600654,中安科,行业领先的安防消防系统集成技术及丰富的行业资质       
600410,华胜天成,具有领先优势的企业级云服务和企业IT系统解决方案提供商   
2298,中电鑫龙,智慧城市、反恐与公共安全的一体化解决方案供应商       
603206,嘉环科技,公司为通信技术服务商，拥有覆盖全国31个省份的综合信息通信技
300344,ST立方,工程数字化云服务商，BIM咨询领域龙头企业         
603110,东方材料,国内最早一批生产环保油墨的企业               
600666,奥瑞德,在蓝宝石单晶生长、研磨抛设备等方面均有较强的研发制造能力  
2730,电光科技,全国行业领先、产品系列完整的矿用防爆电器制造商       
301259,艾布鲁,A股首家农村环境综合治理企业                
603315,福鞍股份,国内大型水电机组铸钢件主要供应商之一            
300167,ST迪威迅,国内领先的具备自主创新能力的专网视频通讯解决方案提供商   
300608,思特奇,业界最早的云计算和大数据服务厂商              
688316,青云科技,技术领先的企业级云服务商与数字化解决方案提供商，无缝打通公有
688776,国光电气,我国微波电子器件主要科研生产基地之一            
603011,合锻智能,国内液压机龙头企业，立足于高端成形机床与智能分选设备双发展模
300963,中洲特材,国内高温耐蚀合金领先生产企业                
600353,旭光电子,氮化铝陶瓷国产化突围，军工电子平台型企业启航        
2564,天沃科技,上海国资委旗下，主营压力容器设备制造和电力工程EPC业务  
601399,国机重装,公司是国内最大的重型机械制造、重大技术装备国产化基地之一  
688167,炬光科技,公司深耕激光产业链上游，积极布局激光应用场景，项目订单推进有
603015,弘讯科技,中国最大的塑料机械自动化控制系统供货商之一         
603280,南方路机,主营工程搅拌设备、原生骨料加工处理设备           
2611,东方精工,综合实力国际领先的瓦楞纸包装装备供应商           
2552,宝鼎科技,生产及销售大型铸锻件的高新技术企业             
301176,逸豪新材,主营电子电路铜箔                      
301020,密封科技,产品发动机密封垫片及金属涂胶板均在国内企业中占据领先地位  
300538,同益股份,国内化工及电子材料应用专业服务的先行者。          
603002,宏昌电子,国内电子级环氧树脂领域龙头公司               
603021,ST华鹏,国内日用玻璃行业的龙头企业，拥有日用玻璃制品生产能力约23万
601208,东材科技,国内唯一的国家绝缘材料工程技术研究中心           
688603,天承科技,主营PCB所需要的专用电子化学品              
2636,金安国纪,中国覆铜板行业国内企业中排名前三强企业           
600183,生益科技,公司专注于高频、高速、封装基板用覆铜板等高端特种类产品突破，
688519,南亚新材,国内率先专业从事覆铜箔板生产的民营企业           
2141,贤丰控股,中国本土企业中规模最大、技术领先的微细漆包线专业制造商   
300936,中英科技,深耕高频通信材料研发领域多年，完全掌握了高频覆铜板系列产品的
2815,崇达技术,以出口为主的印制线路板制造商                
688183,生益电子,中国领先的高品质多层印制电路板制造商            
300739,明阳电路,拥有PCB全制程的生产能力                 
1389,广合科技,中国内资企业中排名第一的服务器PCB供应商         
603386,骏亚科技,拥有PCB+PCBA(SMT)+整机装配的一站式业务流程服务
300814,中富电路,一家专业从事印制电路板研发、生产和销售的高新技术企业。   
300903,科翔股份,全球印制电路板制造百强企业                 
2134,天津普林,公司专注PCB制造业长达30年以上，具有完备的资质认证   
605258,协和电子,国内为数不多的专业生产高频通讯板厂家，专注于汽车电子、高频通
603936,博敏电子,“PCB+元器件+解决方案”一站式服务的解决方案提供商   
600601,方正科技,智慧城市软硬件解决方案的综合服务商             
2579,中京电子,少数兼具刚、柔印制电路板批量生产与较强研发能力的PCB制造商
688655,迅捷兴,内资PCB百强企业，中国电子电路行业协会(CPCA)会员单位
2384,东山精密,东山精密是PCB软硬板龙头，业务现已涵盖电子电路、光电显示和
300852,四会富仕,"内资PCB百强企业中,公司在专业小批量板上市公司的销售收入排"
605058,澳弘电子,印制电路板的研产销为主，产品包括单面板、双面板和多层板等，应
301251,威尔高,国家级专精特新“小巨人”，主营印制电路板，主要用于工业控制和
301200,大族数控,全球PCB专用设备企业中产品线最广泛的企业 之一      
301377,鼎泰高科,全球PCB钻针龙头，专业为PCB等领域企业提供工具、材料、智
688312,燕麦科技,主营业务为自动化、智能化测试设备的研产销          
300191,潜能恒信,提供油气勘探过程中的地震数据处理解释服务的高新技术企业   
2278,神开股份,国内为数不多的具有勘探、钻采、炼化全产业链的油气设备主要供应
300157,新锦动力,油气勘探开发的大型现代高科技硬件和软件服务商        
300164,通源石油,公司美国控股子公司TWG是北美射孔领域龙头企        
603619,中曼石油,国内最具实力的民营钻井工程大包服务承包商和石油装备制造商  
301158,德石股份,公司钻具产品销售规模在国内钻具市场行业排名前三       
2490,山东墨龙,国内唯一一家全产业链一站式石油钻采设备的提供商。      
603036,如通股份,国内最早从事石油钻采井口装备生成和销售的企业之一      
688377,迪威尔,深海油气设备厂商                      
300084,海默科技,国际领先的油气田多相计量和生产优化解决方案的主流提供商，国内
601798,蓝科高新,中国石油、中国石化和中国海洋石油总公司的优秀供应商。公司主要
603325,博隆技术,公司气力输送系统产品在国内合成树脂领域市占率居前      
2353,杰瑞股份,油服设备龙头，新增订单及在手订单双增长，“油气+新能源”双轮
2476,宝莫股份,行业领先的三次采油和水处理重要原材料——聚丙烯酰胺生产供应商
2554,惠博普,国内油气田地面系统装备领域的知名企业            
603727,博迈科,面向海洋油气工程、液化天然气工厂和矿业提供专业模块EPC服务
300135,宝利国际,专注于高等级公路沥青新材料的研产销，主要为客户提供通航运营和
300240,飞力达,二十多年制造供应链领域服务经验，可以为客户提供定制化解决方案
159,国际实业,公司石油石化产品经营资质较为齐全              
652,泰达股份,从事生态环保、区域开发、能源贸易、股权投资的集团化上市公司 
603353,和顺石油,获国家商务部批准取得成品油批发资质的石油企业        
96,广聚能源,深圳市和珠江三角洲地区成品油及液化石油气的主要经销者之一  
300839,博汇股份,燃料油深加工行业龙头，专注于特种油品研发生产，白油产能投放迎
688025,杰普特,国内极少数能够提供激光器、激光加工设备的供应商，下游进军锂电
688379,华光新材,曾获国家科技进步二等奖、制造业单项冠军示范企业称号     
603125,常青科技,主营高分子新材料特种单体及专用助剂，国内二乙烯苯特种单体领域
300398,飞凯材料,我国主要的光纤光缆涂覆材料供应商之一            
603823,百合花,国内有机颜料行业综合竞争力领先的龙头企业          
603324,盛剑科技,国内泛半导体废气治理龙头，在光电显示、集成电路领域具有领先优
859,国风新材,专注于高端薄膜材料的研发与生产20余年           
1358,兴欣新材,占据了全球哌嗪衍生物的主要市场份额             
2453,华软科技,面向银行和企业提供“一键式部署”的金融科技服务       
603004,鼎龙科技,全球主要的染发剂原料生产商之一               
688323,瑞华泰,全球高性能PI薄膜产品种类最丰富的供应商之一        
600835,上海机电,拥有“上海三菱”这一著名电梯品牌              
2222,福晶科技,全球LBO、BBO晶体龙头企业，20年通过车规级认证    
603297,永新光学,国内光学显微镜优质企业，进军新业务顺利，有望持续兑现业绩。 
301421,波长光电,国家级专精特新“小巨人”，主营激光光学产品、红外光学产品  
688376,美埃科技,已成为国内洁净室设备领域中规模较大的企业之一，供应国内外知名
300225,金力泰,国内最早开始研发陶瓷涂料的企业               
688125,安达智能,流体控制设备研发生产的企业，已形成核心零部件研发、运动算法和
603607,京华激光,浙江、湖北中烟公司烟包盒皮细分市场中占有率居同行业前列   
300331,苏大维格,先进微纳结构制造厂商，多元产品布局成长性凸显。       
688409,富创精密,半导体零部件行业龙头。                   
1268,联合精密,高度依赖于美的集团的精密机械零部件厂商，主营产品主要用在空调
300990,同飞股份,国内数控装备制冷领域具备业务规模和产品覆盖面的主要厂商之一 
2750,*ST龙津,公司主要产品包括中成药和化学仿制药，剂型均为冻干粉针剂。  
300194,福安药业,拥有化学制药完整产业链条的集团化制药企业。         
2038,双鹭药业,在肿瘤、肝肾病、糖尿病、心脑血管的治疗领域具有领先优势   
2166,莱茵生物,植物提取行业龙头，深耕植提行业20余年，坚持代糖、工业大麻、
300125,ST聆达,困境反转，转型太阳能电池片，布局完善，向TOPCon靠拢  
300138,晨光生物,植物提取龙头，辣椒红、辣椒精、叶黄素三个品种全球规模第一  
300300,ST峡创,领先的新型智慧城市服务商                  
632,三木集团,以进出口贸易、房地产开发和经营性物业运营管理为主营业务的地方
600734,实达集团,构建“移动互联+物联”战略版图，助力行业物联网应用加速落地 
600493,凤竹纺织,福建省纺织企业，定位于中高端产品市场，以品牌单和中高端校服为
536,华映科技,福建省国资委旗下新型显示企业。公司主要从事LCD显示面板、液
600203,福日电子,4-6英寸芯片制造国内龙头企业，彩显FBT产品产销量全国行业
688010,福光股份,全球光学镜头的重要制造商，安防视频监控镜头市占率全球前三  
600506,统一股份,公司完成重大资产收购，形成形成果品种植、销售及润滑油脂研发、
601869,长飞光纤,光缆行业拐点将至，全球光纤光缆龙头享受涨价周期       
2491,通鼎互联,基于传统的光纤光缆业务，构建了光通信产业较为完整的产业链  
603042,华脉科技,一家信息通信网络基础设施解决方案提供商，为政企客户提供通信网
300710,万隆光电,国内有线电视网络传输设备领域连续综合排名前列        
600345,长江通信,"国家光电子信息产业基地""武汉-中国光谷""的骨干企业之一   "
688143,长盈通,专业从事光纤陀螺核心器件光纤环及其综合解决方案研发、生产、销
300292,吴通控股,国内领先的通信射频连接系统专业供应商            
300597,吉大通信,国内领先的通信网络技术服务商                
300310,宜通世纪,国内领先的通信技术服务商                  
2583,海能达,深耕专网领域稳居龙头地位，公专融合打开成长空间公司业绩可期 
603712,七一二,老牌军企内生突破，军用超短波通信龙头享黄金大列装时代红利  
300711,广哈通信,主营数字与多媒体指挥调度系统及相关产品，占据领先地位    
300213,佳讯飞鸿,提供智慧指挥调度系统及全面解决方案的服务商         
2009,天奇股份,高端智能装备和循环产业双主营，锂电池金属回收率位居行业前列 
688007,光峰科技,全球领先激光显示科技企业，独创ALPD®激光荧光显示技术。 
605151,西上海,国家AAAA级物流企业                   
2516,旷达科技,布局打造国内最优质的SAW滤波器公司，国内汽车内饰面料行业龙
2765,蓝黛科技,国内汽车动力传动系统总成和零部件骨干企业          
541,佛山照明,传统照明业务文件发展，切入汽车照明新兴领域二度成长     
1319,铭科精技,专业从事精密冲压模具和金属结构件的研发、生产和销售。    
2363,隆基机械,国内新能源汽车的主要OEM配套供应商。已实现为广汽新能源、比
757,浩物股份,汽车发动机曲轴的研发、制造，广泛用于中国品牌乘用车发动机  
1328,登康口腔,重庆国资委旗下，牙膏产品线下零售额市场份额本土品牌前二，主打
2731,萃华珠宝,"长江以北地区首饰业唯一的""中华老字号""企业         "
600612,老凤祥,国内黄金首饰龙头                      
600679,上海凤凰,上海国资委下属的老牌自行车企业，旗下品牌在全球有着广泛影响力
2082,万邦德,聚焦制药及器械健康产业，重点打造石杉碱甲、银杏叶滴丸等大单品
2107,沃华医药,国内主要的纯天然植物类心脑血管中成药生产企业，具有百年历史 
504,南华生物,湖南省政府旗下，干细胞存储和节能环保双主业。        
300780,德恩精工,机械用皮带轮传动系列产品出口规模位居国内同行业第一     
300733,西菱动力,主营发动机零部件的研发、设计、制造和销售，拥有大量工艺储备 
301338,凯格精机,锡膏印刷技术全球领先，公司已进入富士康、华为供应链体系   
2346,柘中股份,主营成套开关设备，参与投资设立创投公司，持有容汇锂业部分股权
300838,浙江力诺,国内自动控制阀行业领先企业                 
688320,禾川科技,国内领先的工业自动化企业，产品全面覆盖控制层、驱动层和执行传
301510,固高科技,运动控制技术和产品达到国际先进水平             
300112,万讯自控,专注于工业自动化仪器仪表行业                
2270,华明装备,国内分接开关行业的领军企业，专用数控成套加工设备龙头企业  
603933,睿能科技,国内知名的IC授权分销商。主要供应商有微芯科技、英飞凌、力特
300307,慈星股份,我国电脑针织机械领域领先企业                
600582,天地科技,煤炭全产业链优秀企业，无烟煤资源优势，煤机领域行业第一，煤矿
601717,郑煤机,汽车业务价值需要重估，重卡业务逐步恢复，煤炭机械保持稳健  
2535,林州重机,国内最大的民营煤炭综采机械设备供应商            
2691,冀凯股份,矿山装备的专业供应商与服务商。主营支护机具、安全钻机、掘进设
300818,耐普矿机,主营选矿设备及橡胶制品的研销，曾获“江西省工程技术研究中心”
603112,华翔股份,压铸行业优势企业，下游应用高度景气，汽车零部件、压缩机配件、
300971,博亚精工,公司是国内在钢铁、有色冶金和特种装备相关领域最具竞争力的企业
301028,东亚机械,国内少数掌握螺杆空压机核心技术企业之一           
688092,爱科科技,公司承担了包括“863”计划项目等国家科技部重大科研项目  
603656,泰禾智能,智能检测分选装备和工业机器人及自动化成套装备高新技术企业  
301360,荣旗科技,苹果产业链中无线充电模组检测设备的核心供应商        
688448,磁谷科技,主营磁悬浮离心式鼓风机、磁悬浮空气压缩机          
300276,三丰智能,“智慧工厂系统解决方案”的提供商              
301070,开勒股份,主营产品是 HVLS 风扇，广泛应用于厂房车间、仓储物流及公
300836,佰奥智能,为行业企业提供智能化、模块化、柔性化、信息化整体解决方案的高
688355,明志科技,装备与铸件双轮驱动，高端制芯装备国产替代和海外拓展大有可为。
603855,华荣股份,公司是国内领先的防爆电器，专业照明设备供应商        
688633,星球石墨,石墨制化工设备主要供应商之一                
301528,多浦乐,超声无损检测设备提供商，国内较少能独立研发、生产超声换能器的
603895,天永智能,生产线的自动化、柔性化、智能化和信息化等方面技术领先    
603859,能科科技,国内智能制造与智能电气先进技术提供商，长期面向航空军工客户提
688618,三旺通信,全球领先的工业互联网通信解决方案提供商，是国家工信部专精特新
688188,柏楚电子,国内激光切割运控系统龙头企业。               
1266,宏英智能,移动机械与专用车辆智能电器控制系统及解决方案的提供商，是国家
600560,金自天正,国内率先在自动化领域应用人工神经元网络等智能控制技术的企业 
688060,云涌科技,电力IT领域领军企业，在电力IT、电力安全等领域具有较深积累
300275,梅安森,主营煤矿安全生产监测监控设备及成套安全保障系统的高新技术企业
301195,北路智控,深耕智慧矿山十年，受益于产业政策和产业效率要求，行业格局或将
688695,中创股份,中国基础软件中间件领域市占率国内厂商前二          
301517,陕西华达,陕西国资委旗下电连接器厂商，在军用射频同轴连接器及电缆组件领
301182,凯旺科技,在国内电子精密线缆连接组件行业安防应用领域中拥有一定市场地位
300290,荣科科技,"""中国方案商500强""""十佳医疗行业ISV""        "
301191,菲菱科思,国内领先的网络设备ODM制造商。              
603118,共进股份,聚焦通信制造核心竞争力不断提升，规模优势显现带来业绩基石稳固
2947,恒铭达,公司主营消费电子功能性器件、防护产品，苹果核心供应商之一  
301013,利和兴,致力于成为新一代信息和通信技术领域领先的智能制造决方案提供商
301387,光大同创,主营消费电子保护类、缓冲类、模切类及碳纤维背板等产品    
688260,昀冢科技,国内精密电子零部件产研骨干企业之一             
2217,合力泰,集研发、生产、销售为一体的智能硬件方案商和制造商。服务于京东
688798,艾为电子,国内一家专注于模拟的芯片设计公司。             
2655,共达电声,专业的电声元器件及电声组件制造商和服务商、电声技术解决方案提
688157,松井股份,国内高端3C涂料龙头企业。                 
688371,菲沃泰,主营高性能、多功能纳米薄膜，主要用于手机、耳机等消费电子产品
2635,安洁科技,国内领先的消费电子精密零部件生产商，以功能件起步，逐渐成为一
301326,捷邦科技,消费电子精密功能件及结构件生产商，长期稳定供货苹果，碳纳米管
300951,博硕科技,公司具备多次套位、叠加组合后产品尺寸精密度仍能控制在±0.0
301180,万祥科技,公司是消费电子锂离子电池模组精密零组件市场的有力竞争者之一 
300976,达瑞电子,为消费电子产品及其组件的生产商提供功能性器件的国家高新技术企
603890,春秋电子,国内笔记本电脑精密结构件的行业龙头             
2855,捷荣技术,多家全球知名品牌厂商精密模具和精密结构件的主要供应商    
300968,格林精密,专业从事智能终端精密结构件制造服务的高新技术企业      
300686,智动力,主营消费电子功能性器件、结构性器件，拟布局复合铜箔领域   
300256,星星科技,消费电子视窗防护屏、触控屏模组和高精密结构件的一站式供应商 
301567,贝隆精密,主营的精密结构件主要应用于智能手机、汽车电子、可穿戴设备等领
600130,*ST波导,传统业务是手机和主板，新拓展了IOT模块、车载中控板、人脸识
301285,鸿日达,主营精密连接器                       
301051,信濠光电,公司在第二梯队玻璃防护屏厂商中逐渐建立了核心优势      
603296,华勤技术,全球智能硬件ODM行业第一，智能手机、笔记本电脑、平板电脑出
603341,龙旗科技,智能手机ODM/IDH出货量全球第一，平板电脑ODM出货量位
300735,光弘科技,国内领先的电子制造服务（EMS）服务商           
2369,卓翼科技,国内大型3C产品和IoT的方案提供商，主要产品涉及网络通讯类
2981,朝阳科技,从事电声部件及电声产品研产销                
301383,天键股份,外销为主，主营电声元器件和电声终端产品           
2861,瀛通通讯,致力于电声元器件的研发和制造，行业领先企业         
300545,联得装备,联得装备是国内领先的电子专用设备与解决方案供应商，产品主要为
2957,科瑞技术,主营工业自动化设备以及精密零部件制造业务          
300097,ST智云,国内领先的成套自动化装备方案解决商             
2993,奥海科技,手机充电器行业龙头，是一家专注于智能终端充储电的产品方案和生
300787,海能实业,聚焦海外零售市场，与亚马逊等众多头部零售品牌建立长期合作关系
2023,海特高新,我国现代飞机机载设备的航空维修企业             
600843,上工申贝,国内缝制设备行业历史最悠久、上市最早的企业         
1696,宗申动力,摩托发动机、通机系列产品销量一直稳居国内市场前列      
1283,豪鹏科技,深耕镍氢电池，发力锂电池开拓新增长极            
571,新大洲A,内蒙古呼伦贝尔地区为数不多的生产长焰煤的煤炭企业      
300411,金盾股份,主营地铁、隧道、核电等领域通风系统装备，行业市场占有率第一 
300719,安达维尔,航空航天和防务领域的综合性服务商，公司为直升机抗坠毁座椅细分
603950,长源东谷,拥有十余年专业发动机零部件生产经验             
600580,卧龙电驱,全球工业电机龙头制造商，国内电机产销规模位列第一。     
301091,深城交,深城交是深圳重要的交通决策支持科研机构，          
688631,莱斯信息,中国电科旗下，空管自动化系统国内市占率第一         
2148,北纬科技,公司深耕物联网连接管理与服务领域，为客户提供具有针对性的物联
605056,咸亨国际,深耕电网领域工器具、仪器仪表类产品的MRO，处于行业领先地位
603261,立航科技,深耕航空地面保障装备，机载系统配套取得重大突破。      
2011,盾安环境,全球制冷元器件龙头企业，新能源车热管理打造第二增长曲线   
2454,松芝股份,大中型客车空调行业的龙头                  
688718,唯赛勃,国内膜法分离技术龙头，盐湖提锂业务开启第二成长曲线     
816,智慧农业,外销为主的内燃机及终端产品生产商，深耕农业机械化领域    
603239,浙江仙通,专而精的汽车密封条内资龙头。                
2420,毅昌科技,中国工业和信息化部认可的中国工业设计产业化示范基地领军企业。
2488,金固股份,中国汽车零部件车轮行业龙头企业               
300507,苏奥传感,国内汽车油位传感器领域技术先进、市场占有率较高的高新技术企业
300520,科大国创,以传统软件开发业务为基石，以BMS(电池管理系统)为主的智慧
688306,均普智能,以汽车工业为主的全球化智能制造装备供应商          
300342,天银机电,国内领先的节能节材型冰箱压缩机零部件的研发、生产和销售企业 
2935,天奥电子,国内中高端军用时频核心器件（铷原子钟、晶体器件）、军用时间同
600456,宝钛股份,钛合金龙头，军品+民用飞机+航空发动机三个应用场景增长带来业
2149,西部材料,以钛材为发力点的新材料领军企业               
688333,铂力特,专注于工业级金属增材制造，形成了完整的金属3D打印产业链  
2985,北摩高科,军用民用航空站制动龙头，未来十年需求强劲助推业绩上升    
688543,国科军工,江西省军工集团旗下，国内少数研产导弹(火箭弹)固体发动机动力
300581,晨曦航空,军机产业链核心配套民参军企业                
300447,全信股份,航空航天线缆及光电产品主供应商，FC产品获得超预期发展。  
2560,通达股份,国内架空导线龙头企业，国内最大的超、特高压架空导线生产企业之
2297,博云新材,拥有国内领先的炭/炭复合材料和粉末冶金材料的制备技术    
300034,钢研高纳,国内高端和新型高温合金制品生产规模最大的企业，高温合金龙头，
688539,高华科技,国家级专精特新“小巨人”，主营高可靠性传感器及传感器网络系统
300900,广联航空,专注航空航天装备，产品覆盖军民两用。            
2977,天箭科技,致力于固态微波前端等产品研发，成都市高新技术企业      
301237,和顺科技,专注于差异化、功能性双向拉伸聚酯薄膜（BOPET薄膜）研发、
301133,金钟股份,公司在表面装饰工艺特别是电镀工艺和喷涂工艺形成了自身的独特技
601028,玉龙股份,变更国企控股，开启矿业新篇章。               
600735,新华锦,国际发制品知名企业，境内外拥有众多自主品牌         
603683,晶华新材,各类胶粘材料的研发、生产及销售，掌握了多项核心技术     
300985,致远新能,国内研发实力较强、生产规模较大的车载LNG供气系统制造企业之
688737,中自科技,尾气处理催化剂国内领先企业。                
600841,动力新科,国家特大型高新技术企业，七十多年历史，柴油机行业领先企业  
301270,汉仪股份,字库厂商，无论在企业规模还是用户数量上均位居前列，属于字库软
603189,网达软件,形成融合媒体生态系统、高新视频技术平台、AI视频大数据平台三
301337,亚华电子,国内病房智能通讯交互领域市占率稳居前列           
300884,狄耐克,楼宇对讲领军企业，切入医护对讲、智能家居等智慧物联网领域。 
605365,立达信,全国LED照明行业的领军企业之一              
2421,达实智能,国内领先的物联网产品及解决方案服务商。           
300075,数字政通,国内数字城管龙头深耕智慧城市建设，四大因素共塑成长新动能，助
300785,值得买,“内容+服务+数据”三轮驱动，开启新征程          
2291,遥望科技,国内直播电商龙头公司，互联网广告业务是主要业绩增长来源   
600556,天下秀,深耕红人营销，积极布局Web 3.0路径下的创作者生态   
2127,南极电商,从事品牌授权、电商生态综合服务，拥有丰富的电商运营经验   
3010,若羽臣,全球优质快消品品牌的电子商务综合服务商           
301376,致欧科技,主营自有品牌家居，在法国、德国、西班牙、意大利、美国、英国亚
300805,电声股份,国内领先的以科技驱动的新场景体验营销综合服务供应商     
301110,青木科技,为品牌商在电商平台上提供品牌定位、商品规划、人群及流量运营等
301001,凯淳股份,天猫的五星级服务商，京东咨询服务和售后服务的双料亚军    
603615,茶花股份,国内产品线最丰富、最具规模和品牌影响力的家居塑料用品生产商 
603613,国联股份,工业电商龙头，国内工业B2B电商平台和产业互联网平台的领军企
600228,返利科技,国内领先的全场景导购平台                  
600539,狮头股份,公司主营业务分为电商服务板块和净水龙头（含配件）制造及水环境
301171,易点天下,定位为更贴近跨境广告主的互联网营销公司。          
300058,蓝色光标,拥抱元宇宙，出海营销龙头谱写新篇章             
300209,*ST有树,公司的车辆远程管理信息服务是物联网在商业领域的典型运用   
301381,赛维时代,技术驱动的出口跨境品牌电商                 
601113,华鼎股份,已形成差别化锦纶6长丝、跨境电商双主业发展模式       
301558,三态股份,业内少有的同时布局出口跨境电商零售及物流业务的企业     
300464,星徽股份,专业精密金属连接件供应商，国家高新技术企业，广东省名牌产品 
300729,乐歌股份,国内人体工学产品制造处于领先地位              
603535,嘉诚国际,国内领先的物流综合服务商                  
2315,焦点科技,全链路外贸服务综合平台（中国制造网）+为国内出口型中小企业提
2640,跨境通,跨境电商第一股，稀缺的独立站企业              
2803,吉宏股份,To C端-精准营销跨境电商业务（东南亚地区跨境电商独立站模
300592,华凯易佰,泛品业务筑基，精品+服务平台打造新的增长点         
2137,实益达,主营智能硬件和智慧营销，参股六度人和            
300063,天龙集团,专注于互联网营销服务和精细化工产品制造的现代企业集团    
603602,纵横通信,国内高新技术综合通信服务区域性提供商            
603598,引力传媒,整合营销传播集团，与头条、抖音建立良好合作关系       
605168,三人行,数字营销优质企业，全面推进元宇宙业务，数字藏品和数字虚拟人有
2712,思美传媒,公司形成了以内容为核心的多层次产业化平台          
300088,长信科技,深耕触显行业20余载，内生外延深度布局中游模组产业链。   
688020,方邦股份,深耕电磁屏蔽膜，布局PET铜箔               
603678,火炬电子,特种陶瓷电容专家，耕陶瓷电容产品三十余年，是我国特种MLCC
300843,胜蓝股份,专注于电子连接器及精密零组件的研产销为一体的高新技术企业  
2769,普路通,定位于零时间竞争的以IT行业为主的供应链管理服务商     
300557,理工光科,中国最大的光纤传感安全监测设备提供商            
300232,洲明科技,国内领先的LED应用产品与方案供应企业           
603679,华体科技,深耕道路照明领域，研发+设计+生产+运营全产业链覆盖    
300889,爱克股份,产品成功应用于国内诸多大型城市整体亮化项目         
2638,勤上股份,实现半导体照明产品与教育的双主业布局            
603303,得邦照明,定位专业照明解决方案服务商，产品涵盖通用照明产品及车载产品。
300689,澄天伟业,国际领先的从事智能卡和专用芯片生产、销售及服务的高新技术企业
300560,中富通,第三方通信网络管理服务提供商                
301189,奥尼电子,智能视听软硬件方案商与制造商                
1229,魅视科技,国内领先的分布式视听产品及解决方案提供商，致力于不断提升图像
2355,兴民智通,专注车轮制造，布局智能网联汽车硬件及数据服务        
300270,中威电子,国内数字视频光纤传输产品技术领域的领先者，安防视频行业优秀企
603660,苏州科达,公司深耕视频应用领域，是国内重要的视频应用综合服务商。   
600826,兰生股份,会展全产业链龙头，打造领先会展上市品牌，树立会展业服务标杆。
600530,交大昂立,中国保健品十大最具公信力品牌                
300169,天晟新材,专业的高分子发泡材料生产商                 
300781,因赛集团,营销服务行业第一家以品牌管理为核心主营业务的上市公司，研发应
2354,天娱数科,以电竞游戏和数据流量为主营业务的数字科技公司，加码布局虚拟人
300612,宣亚国际,为众多国内外知名品牌提供全方位的整合营销传播及营销技术服务 
2878,元隆雅图,促销品龙头，公司主要为世界500强公司及国内知名企业提供整合
300071,福石控股,大型数字整合营销集团，为企业客户提供品牌咨询和线上线下全域营
2591,恒大高新,领先工业设备防护服务商，持续聚焦“节能环保+互联网营销”双主
688433,华曙高科,全球极少数同时具备3D打印设备、材料及软件自主研产能力的增材
301061,匠心家居,全球智能电动沙发、智能电动床行业重要ODM供应商      
301004,嘉益股份,国内领先的保温杯壶生产制造商，户外需求爆发催化行业景气上行 
603219,富佳股份,国内最大的吸尘器生产商和出口商之一，是Shark的最大供应商
1206,依依股份,宠物护理用品龙头，深度绑定客户渠道，产能释放推动业绩增长  
1326,联域股份,外销为主的LED灯具厂商，户外照明灯具路灯位居出口企业前三，
301362,民爆光电,国家级专精特新“小巨人”，中国LED灯具出口企业前四    
300650,太龙股份,主营商业照明整体解决方案配套产品，十大优秀供应商      
1222,源飞宠物,宠物牵引用具领先企业，全球化研产销布局保持优势地位。    
300673,佩蒂股份,在宠物食品行业内具有较强的综合竞争力            
2891,中宠股份,主要从事宠物食品的研发、生产和销售，产品覆盖犬用及猫用宠物食
301335,天元宠物,深耕宠物用品二十余年，形成了完善的全球化供应体系，海外市场基
301113,雅艺科技,火盆、气炉行在行业内具有较强的盈利能力和竞争力       
300879,大叶股份,割草机头部厂商                       
300994,久祺股份,自行车行业深耕超20年，ODM业务市占率有望稳步提升，全球8
603558,健盛集团,公司在棉袜、无缝内衣生产制造领域保持领先地位        
603277,银都股份,专业生产商用餐饮设备的高新技术企业             
600128,苏豪弘业,全国最早的外贸及文化行业上市公司之一            
600439,瑞贝卡,我国最大的发制品生产和销售企业               
688229,博睿数据,专注于企业IT应用性能监控管理领域，以APM产品技术为主体，
2835,同为股份,面向全球的视频监控产品、技术和解决方案提供商，是业内极少数具
301042,安联锐视,我国安防视频监控产品的重要制造商之一            
2106,莱宝高科,国内极少数自主完整掌握平板显示前段工艺及触摸屏技术的厂商  
688036,传音控股,全球新兴市场消费者最喜爱的智能终端产品和移动互联服务提供者 
301260,格力博,全球新能源园林机械行业的领先企业之一。公司主营新能源园林机械
697,ST炼石,航空器相关精密零部件、结构件的制造商            
301448,开创电气,国家专精特新“小巨人”，外销为主的DIY型家用级电动工具厂商
301533,威马农机,外销为主的山地丘陵农业机械行业领先企业，微耕机、田园管理机销
688196,卓越新能,再生生物柴油龙头企业                    
688506,百利天恒,开发多款仿制药和中成药制剂并成功商业化，拥有完备的生物大分子
300247,融捷健康,国内较早从事家用桑拿设备的研发生产企业之一         
688300,联瑞新材,国内硅微粉龙头企业，深耕硅微粉行业近40年。        
2436,兴森科技,兴森科技是国内PCB样板、中小批量板龙头企业，同时也是国内领
301366,一博科技,从事PCB的设计与装配制造服务               
1278,一彬科技,主营以塑料件和金属件为主的汽车零部件            
601038,一拖股份,国内领先的拖拉机产品技术和完善的产品系列          
2467,二六三,提供沟通协作服务，协助用户数字化转型，致力成为领先的云服务提
603489,八方股份,电踏车用电机龙头厂商                    
600053,九鼎投资,国内私募股权投资管理领域的领先企业             
300131,英唐智控,元器件分销领先企业，积累了近三万个客户，覆盖各下游行业国际国
605567,春雪食品,公司具有鸡肉深加工产业链集约化系统管控能力，在行业具有较大影
2726,龙大美食,肉食品屠宰与深加工行业的龙头企业              
895,双汇发展,深耕行业六十余载，多个肉制品单品年销量均超过1万吨，高价冻肉
605089,味知香,预制菜行业第一股                      
1215,千味央厨,千味央厨速冻米面制品客户优势、大单品（油条）优势突出，新品持
603079,圣达生物,国内最早开始生物素、乳酸链球菌素等产品生产的企业之一    
600081,东风科技,国内前五大整车生产厂商之一                 
2617,露笑科技,增资合肥露笑半导体，加码布局碳化硅衬底           
603595,东尼电子,逐步发展为横跨半导体、新能源、消费电子的平台型企业     
688234,天岳先进,国内半绝缘型衬底龙头企业，目前发力导电型衬底，需要关注良率和
301129,瑞纳智能,供热节能龙头企业，受益于行业景气度向上           
300656,民德电子,自主研发基于激光扫描和影像扫描技术微型扫描引擎的民族企业  
688039,当虹科技,深度参与超高清设备国产化进程，实现编码器从硬件平台、CPU、
2362,汉王科技,国内人工智能产业的先行者，深耕轨迹识别、大数据与OCR产品、
300229,拓尔思,政府NLP应用龙头企业                   
600986,浙文互联,数字营销行业龙头企业，致力于为客户提供一体化数字营销方案。 
300795,米奥会展,展会龙头优势明显，疫情面对双重应对：推出在线数字展会，加大R
2995,天地在线,全域全链路数字化服务供应商。公司与腾讯、360、爱奇艺、今日
2862,实丰文化,"汕头澄海智能玩具创意设计与制造产业基地""首批骨干企业之一  "
300079,数码视讯,视频安全技术及方案最为全面的公司。             
301078,孩子王,母婴连锁龙头企业，线上线下双渠道运营，流量获取能力领先，深耕
300628,亿联网络,全球SIP话机龙头公司深耕音视频领域20余载，布局打造桌面通
300578,会畅通讯,目前国内最大的企业级多方通信服务商之一           
301318,维海德,我国音视频通讯设备及解决方案的主要供应商之一        
600626,申达股份,在国内汽车配套纺织品行业中居龙头地位            
603329,上海雅仕,主营供应链物流和供应链执行贸易，拥有配套齐全的仓储物流设施 
600848,上海临港,上海国资企业临港集团下属，专业从事园区开发、企业服务和产业投
600284,浦东建设,浦东基建排头兵，资质、研发、资金三大核心优势构筑竞争壁垒  
600820,隧道股份,领先的地下工程业务全产业链综合服务商            
300899,上海凯鑫,拥有30多项专利技术，在技术上处于领先地位         
3004,声迅股份,国内安防行业的先行者，2019-2021年轨道交通安检业务行
2236,大华股份,安防视频监控行业的龙头企业                 
688207,格灵深瞳,国内领先的人工智能科技公司，在AI算法和应用层面均有较强的技
603666,亿嘉和,机器人领域的高新技术企业                  
300956,英力股份,国内笔记本电脑结构件领域的领先企业之一           
301503,智迪科技,外销为主的键盘鼠标厂商                   
300909,汇创达,深耕电子产业，主要产品包括导光结构件及组件、精密按键开关结构
2577,雷柏科技,致力于为全球用户提供智能硬件产品服务的品牌商。主要从事消费电
301329,信音电子,外销为主的连接器厂商，笔记本电脑电源、音频连接器全球市占率较
688521,芯原股份,国内龙头IP供应商，受益于下游需求增长带来业绩持续兑现。  
600725,云维股份,多年从事煤焦化产品生产经营管理，荣获湖北市场畅销产品    
600805,悦达投资,控股悦达智能农装、专用车、智行汽车服务等企业市场竞争力强  
603789,星光农机,我国农机行业的骨干企业                   
300159,新研股份,领先的航空航天飞行器零部件产业化基地和供应链平台      
600099,林海股份,中国机械工业集团旗下小型机械装备制造公司，营业特种车辆（全地
2779,中坚科技,国际领先的园林机械公司                   
301032,新柴股份,公司销售规模属于非道路多缸柴油机市场第一梯队        
570,苏常柴A,国内具有百年历史的柴油机及配件制造企业，农机零部件龙头企业 
2931,锋龙股份,中国内燃机零部件行业排头兵企业               
601100,恒立液压,具有国际影响力高端液压成套设备的提供商以及液压技术方案的提供
2890,弘宇股份,国内首批获得中国农业机械工业协会零部件分会授予的行业龙头企业
300022,吉峰科技,国内农机连锁销售龙头企业                  
688716,中研股份,国内最大、全球前四的PEEK(聚醚醚酮)生产商       
688314,康拓医疗,国内第一个取得PEEK颅骨修补产品注册证的国产厂家     
301591,肯特股份,国家级“专精特新小巨人”，主营高性能工程塑料制品及组配件  
3017,大洋生物,碳酸钾、碳酸氢钾制造行业领域全球领先            
2562,兄弟科技,全球最大的维生素K3供应商，全球皮革化学品的主流供应商   
520,凤凰航运,专营干散货运输                       
603899,晨光股份,不断拓展新业务模式，兼并购战略支撑，向“世界级晨光”迈进。 
2301,齐心集团,卡位办公、云视频蓝海，企业办公服务平台蓄势待发       
300640,德艺文创,国内主要的文化创意家居用品出口商之一            
301011,华立科技,国内游艺设备龙头，打造游戏游艺产业链闭环。         
300220,金运激光,中小功率激光切割行业龙头企业                
301280,珠城科技,专注于电子连接器的研发、生产及销售，并具备电子连接器精密模具
603990,麦迪科技,提供(CIS)系列应用软件和临床信息化整体解决方案高新技术企
688496,清越科技,PMOLED面板出货量全球前二，中国大陆培育并拥有完全自主核
300566,激智科技,光学膜优质企业，消费电子领域看需求改善，光伏背板膜领域需求有
300481,濮阳惠成,目前是国内规模最大、产品线最齐全的顺酐酸酐衍生物生产企业之一
688328,深科达,公司是国内具备平板显示模组全自动组装和检测设备研发和制造能力
301312,智立方,苹果供应链上的自动化检测系统公司              
688115,思林杰,专注于工业自动化检测领域的高新技术企业，是苹果公司模块化仪器
600640,国脉文化,中国电信旗下统一的互联网文娱业务平台            
2587,奥拓电子,全球技术领先的LED应用及金融科技综合解决方案提供商    
605289,罗曼股份,国内领先的城市景观照明整体解决方案提供商，深入推进“一核双翼
300264,佳创视讯,大视频解决方案提供商+专注于广电行业系统集成业务+VR内容服
688612,威迈斯,乘用车车载充电机市占率国内前二               
301489,思泉新材,业内为数不多能提供消费电子产品系统化散热解决方案的提供商  
301512,智信精密,自动化设备、自动化线体及夹治具厂商，主要供货苹果产业链   
300319,麦捷科技,电感行业优质企业，兼顾射频前端业务，一体化电感受益汽车电子需
49,德赛电池,消费级电池龙头，受益需求增长。               
2860,星帅尔,压缩机零部件龙头基本盘稳健，新能源业务放量拓展第二增长曲线 
2328,新朋股份,国内专业的机电产品零部件制造商               
603739,蔚蓝生物,国内较早进入微生态领域的企业                
1366,播恩集团,主营猪饲料，专注于教槽料、乳猪料等猪幼小动物饲料      
952,广济药业,全球主要的维生素B2供应商之一，具备一定的国际竞争力    
300358,楚天科技,国内领先的制药装备制造商，多元化与国际化双管齐下，打开长期成
300412,迦南科技,国内固体制剂工艺装备著名的设计生产厂家           
300813,泰林生物,国内现代微生物检测技术实施与产品开发的先行者，能力处于行业领
300171,东富龙,装备耗材一体化，装备业务中生物工程、复杂制剂提供新增长点，借
600645,中源协和,我国唯一干细胞产业化基地，拥有亚洲最大的脐带血造血干细胞库 
300272,开能健康,全球最具规模的居家全屋水处理核心部件和设备制造商之一    
600682,南京新百,主要业务涉及现代商业、健康养老与生物医疗领域，覆盖百货零售、
688065,凯赛生物,聚焦合成生物学，主要产品有生物法长链二元酸、生物基戊二胺和生
603276,恒兴新材,主营有机酮、酸、酯，3-戊酮全球市占率第一         
603235,天新药业,国内单体维生素领军企业。维生素B6和维生素B1产品市占率全球
688639,华恒生物,全球范围内规模最大的丙氨酸系列产品生产企业之一       
301258,富士莱,全球硫辛酸生产规模最大、产品品种最全的企业之一，下游合作知名
600298,安琪酵母,产销规模国内第一全球第二的酵母龙头             
301301,川宁生物,已建立起国内规模较大、种类较全的抗生素中间体生产体系，合成生
300966,共同药业,甾体药物起始物料领域的领军企业，是国内最大的起始物料供应商之
603139,康惠制药,拥有107个药品生产批准文号，核心产品列入《国家医保目录》 
300239,东宝生物,专业的生物制品国家级高新技术企业              
2481,双塔食品,全国最大的豌豆蛋白生产企业，已研制“人造肉”新品      
600811,东方集团,公司以农产品加工销售为主，同时推进海水提钾项目，以及布局植物
2810,山东赫达,国内纤维素醚行业龙头，也是国内少数产品可以满足植物胶囊、植物
603182,嘉华股份,以大豆蛋白为主要产品的大豆深加工企业，拥有二十余年的大豆深加
603231,索宝蛋白,行业内为数不多的拥有大豆蛋白深加工产业完整产业链的企业   
688089,嘉必优,国产发酵营养素龙头                     
300437,清水源,水处理剂厂家，拥有三氯化磷生产、销售许可资质，三氯化磷设计产
300664,鹏鹞环保,主营环境污染防治设备，水处理设备，玻璃钢制品        
600008,首创环保,专注于城市供水和污水处理两大领域的龙头公司         
685,中山公用,以环保水务为龙头，商业地产和股权投资为两翼的业务架构的公司 
68,华控赛格,海绵城市领域的先入者，子公司清控人居在海绵城市建设领域处于行
2942,新农股份,化学农药原药及制剂、精细化工中间体同行业领先地位      
600078,澄星股份,国内精细化程度高、产品种类多和技术成熟的精细磷化工企业   
600599,*ST熊猫,中国最大的出口鞭炮烟花公司，国际烟花行业唯一的上市公司   
603331,百达精工,拥有金属成形、精密加工、热处理工艺等核心技术的通用设备制造商
301010,晶雪节能,国内领先的冷库节能围护系统整体解决方案提供商        
2818,富森美,成都地区的知名装饰建材家居流通服务商            
2053,云南能投,云南省内最大的食盐、工业盐和氯碱生产企业          
603963,*ST大药,主要产品为“中精牌”醒脑静注射液和参麦注射液，中国驰名商标 
603373,安邦护卫,浙江国资委旗下，业务主要集中在浙江省内，是国内首个全省域覆盖
300203,聚光科技,国内高端分析仪器的领军企业，专注于高端分析仪器产品技术为核心
2658,雪迪龙,由环境监测设备提供商逐渐发展成为环境综合服务商       
300165,ST天瑞,分析检测仪器+环境监测仪器以及生态治理+体外诊断（即时检验（
300862,蓝盾光电,国内智能交通行业领先的产品供应商和系统集成商，我国仪器仪表行
688671,碧兴物联,国家级专精特新“小巨人”，主营水质监测仪器及系统      
300137,ST先河,中国环境监测仪器仪表行业知名品牌              
2322,理工能科,环境监测与治理全产业链的智慧环保综合服务商         
688600,皖仪科技,安徽省精密科学仪器样板平台。工业检漏环节的核心供应商，环境监
301228,实朴检测,以土壤和地下水为专业特色的第三方检测机构          
300800,力合科技,国内环境监测仪器行业中覆盖面相当广泛的销售和服务的供应商之一
600388,龙净环保,五十余年专注发展成就大气污染治理龙头.紫金矿业入主，带来新能
603359,东珠生态,业务聚焦生态修复及市政景观两大业务主线，积极布局林业碳汇  
600076,康欣新材,无锡国资委旗下，拥有林地资源约140万亩，主营集装箱底板、环
300105,龙源技术,世界等离子体点火设备的主要生产厂家，技术水平世界领先    
603275,众辰科技,国家级专精特新“小巨人”，主营低压变频器          
688395,正弦电气,国内工业自动化领域有影响力的企业              
300048,合康新能,集专业研发、生产高压、大功率变频器的高科技企业       
301120,新特电气,国产变频用变压器市占率第一，研制了首台国产变频用变压器   
688398,赛特新材,主营真空绝热材料研产销，两次获得中国家电博览会“艾普兰核芯奖
603214,爱婴室,内生外购扩渠道，精细经营提坪效               
605009,豪悦护理,个人卫生健康护理用品头部企业，三大赛道三大优势，期待国产品牌
301009,可靠股份,主打成人失禁用品，产品还覆盖婴儿护理用品和宠物卫生用品等。 
3006,百亚股份,一次性卫生用品国产品牌，起步川渝、走向全国         
300329,海伦钢琴,全国乐器标准化中心钢琴国家标准的起草和修订者之一，钢琴销售在
2570,贝因美,深耕母婴奶粉行业30年，品牌矩阵丰富，重整管理体系，重新梳理
688273,麦澜德,一家康复类医疗器械公司，主要从事盆底及产后康复领域相关产品的
300006,莱美药业,具有国际领先的纳米药物技术和国内领先水平的药物制备技术   
300816,艾可蓝,主营发动机尾气后处理系统的研发，设有经安徽省科技厅认定研究中
300912,凯龙高科,尾气治理全产业链布局，国产SCR系统市占率第一       
688267,中触媒,国内分子筛催化剂企业龙头，拓展产品实现业绩高速增长。    
688357,建龙微纳,国内少数拥有分子筛原粉、成型分子筛、活化粉全产业链的企业。 
688021,奥福环保,主营业务是蜂窝陶瓷技术的研发与应用             
600168,武汉控股,我国中部特大城市武汉市的自来水供应龙头企业         
544,中原环保,从事城市污水处理和城市集中供热的公司            
300422,博世科,水污染治理整体解决方案提供商，国家高新技术企业       
603797,联泰环保,专注于国内城镇污水处理市场化项目的运作           
603817,海峡环保,水处理业务，主营污水处理设施的投资、运营管理及维护先进企业 
600796,钱江生化,国内规模最大的生物农药生产企业之一，井冈霉素市场占有率领先 
300774,倍杰特,国内领先的水处理方案供应商                 
300692,中环环保,城市污水处理和工业废水治理整体解决方案综合服务商      
301203,国泰环保,专业从事污泥处理的公司                   
688096,京源环保,承担国家火炬计划项目和江苏省火炬计划项目          
688156,路德环境,专注于河湖淤泥、工程泥浆、通沟污泥、白酒糟、厨余垃圾等高含水
301288,清研环境,拥有自主知识产权的RPIR技术，RPIR技术是国际领先的快速
688466,金科环境,膜技术水深度处理和污废水资源化领域专家，掌握膜系统运营技术等
2266,浙富控股,国内危废无害化处置及再生资源回收利用龙头企业        
600323,瀚蓝环境,涵盖供水服务、排水服务、固废处理、能源服务的环境服务商   
603568,伟明环保,国内垃圾焚烧发电行业领军企业，焚烧项目储备充裕，进军高镍三元
601200,上海环境,拥有国内领先的垃圾焚烧发电技术和烟气控制技术        
2034,旺能环境,垃圾焚烧龙头向综合固废资源化服务商转型。          
601330,绿色动力,国内垃圾焚烧发电业内首家获得联合国清洁发展机制认证的企业  
300190,维尔利,垃圾渗滤液业拥有MBR、厌氧、超滤、纳滤、反渗透等核心技术 
301305,朗坤环境,餐饮/厨余垃圾处理总规模、病死畜禽处理总规模均居全国前列  
301109,军信股份,湖南省固废处理领域的龙头企业。               
300779,惠城环保,深耕石化领域资源化十余年，专注催化剂产品多样化及功能性研发，
301068,大地海洋,定增收购优质资产，纵深布局“无废城市”，浙江区域电废+危废龙
826,启迪环境,业务涉及能源环保领域相关的技术研发、设备制造、工程设计、市场
301265,华新环保,专业从事固体废物资源化利用和处理处置业务的高新技术环保企业。
688370,丛麟科技,上海地区危废处理龙头企业                  
301049,超越科技,专注于废物处理和资源化利用、节能环保技术研发的综合型环保企业
300103,达刚控股,行业内技术领先的路面机械生产公司，行业标准的起草者、制定者 
2210,飞马国际,公司是集商流、物流、资金流、信息流为一体的供应链管理综合服务
967,盈峰环境,以环卫机器人为龙头的高端装备制造+环境综合服务商      
300815,玉禾田,主营综合环境服务，广东省著名商标企业            
2973,侨银股份,主营城乡环卫保洁，知名的人居环境综合提升服务商       
1230,劲旅环境,主营环境卫生领域的投资运营管理服务及装备制造业务      
600292,远达环保,中国电力投资集团控股的以电力生产为主业的上市公司      
2573,清新环境,烟气治理龙头，目前已成功转型烟气治理+水务+资源化+节能稳健
603177,德创环保,国内烟气治理领域的综合服务商，拥有火电厂烟气治理的完整产业链
600526,菲达环保,全国最大的环保机械科研生产企业               
3027,同兴科技,合作建立“中国科大-同兴环保储能电池材料及器件联合实验室”，
300385,雪浪环境,垃圾焚烧发电和钢铁冶金领域烟气净化与灰渣处理的龙头企业之一 
300056,中创环保,国内首家成功研制生产100%PTFE针刺滤料        
301127,天源环保,国内环境综合治理及环保装备制造领域的国家级专精特新“小巨人”
688057,金达莱,专门从事污水处理技术开发与应用的高科技环保企业       
688069,德林海,我国湖库蓝藻水华灾害应急处置以及富营养化控制的行业引领者  
300929,华骐环保,公司在国内BAF工艺污水处理领域内处于领先地位       
605081,太和水,水环境修复和生态建设解决方案整体提供商           
301372,科净源,专注于水环境治理领域                    
300958,建工修复,国内最早专业从事环境修复服务的公司之一           
688679,通源环境,专注于固废污染阻隔修复、固废处理处置和水环境修复业务的高新技
2887,绿茵生态,国家高新技术企业和天津市科技小巨人领军企业         
300948,冠中生态,国有资本参股的股份制企业，国内植被恢复技术的领航者     
605069,正和生态,具备大型生态保护和环境治理工程的管理能力          
300854,中兰环保,国内最知名最具实力的环境治理企业之一            
688701,卓锦股份,公司已拥有一系列围绕生态环境保护领域的核心技术       
688480,赛恩斯,国内领先的重金属污染防治综合解决方案提供商。        
2663,普邦股份,以园林产业为基础，切入环境保护、城市生态修复和修补领域   
2717,岭南股份,集生态景观与水土治理、文化与旅游为一体的全国性集团化公司  
1267,汇绿生态,行业内资质齐全的园林绿化企业，能够提供从苗木种植、园林工程设
10,美丽生态,公司园林绿化业务资质可比肩国内一线企业，具有较强的综合竞争力
300237,美晨科技,市政园林业务与地产景观业务协调发展             
603955,大千生态,集中在城市更新、乡村振兴、生态修复等相关领域的生态环境综合服
300649,杭州园林,全国首批风景园林工程设计专项甲级资质单位，代表作杭州西溪湿地
603279,景津装备,压滤机行业龙头，市占率40%以上，下游环保、新能源、砂石领域
688335,复洁环保,致力于生态环境保护和治理的国家高新技术企业         
301081,严牌股份,“严牌”商标称誉国内外过滤布市场              
688501,青达环保,深耕节能环保领域，产品逐渐由炉渣和烟气环保系统扩大至火电灵活
603199,九华旅游,九华山地区主要从事酒店经营的旅游公司            
603155,新亚强,中国氟硅行业十大品牌                    
603529,爱玛科技,电动两轮车先行者，多轮驱动巩固护城河            
603787,新日股份,电动自行车的研发、生产与销售                
689009,九号公司,智能短交通赛道龙头，立足全球市场，深耕智能短交通和服务机器人
301345,涛涛车业,专注于户外休闲娱乐兼具短途交通代步功能的汽动车、电动车及配件
603766,隆鑫通用,"大排量摩托稳放量，拓展园林机械市场
            "
913,钱江摩托,精准卡位大排量赛道，聚焦主业蓄力新成长           
17,深中华A,公司主要业务为自行车及锂电池材料业务、珠宝黄金业务。控股股东
688311,盟升电子,立足于卫星导航和卫星通信两个领域，并且不断向产业链下游拓展 
561,烽火电子,我国研制国防音频通信系统的行业龙头，国家战略通信手段、短波通
688768,容知日新,第三方智能运维效用充分验证，渗透率高速攀升，风电监测市占率超
300466,赛摩智能,主营为散料工厂智能化提供智能装备及系统解决方案，技术国际领先
600579,克劳斯,我国重要的化工、石油化工装备研究开发制造基地        
2877,智能自控,卓越的控制阀工程解决方案提供商。专业化设计、研发、生产和销售
300067,安诺其,国内高端染料行业领跑者                   
688228,开普云,国内领先的智慧政务服务提供商。智慧政务为本，数智商业及元宇宙
603269,海鸥股份,制造业单项冠军示范企业，主要从事各类冷却塔的研发、设计、制造
1387,雪祺电气,大容积冰箱生产制造领域知名的ODM供应商          
300335,迪森股份,清洁能源装备与服务领先企业，公司技术曾获得国家科学技术进步二
2367,康力电梯,全球电梯制造商TOP10                  
603321,梅轮电梯,主营电梯、自动扶梯、自动人行道及相关配套产品，国内领先水平 
2774,快意电梯,全球范围内提供电梯综合解决方案的优秀民族电梯供应商和服务商 
301056,森赫股份,公司整体规模在本土电梯企业中居于前列            
2689,远大智能,主要从事客梯、自动扶梯、自动人行道及配套件的产品研发、生产、
605286,同力日升,电梯零部件领先企业，主要从事电梯部件及电梯金属材料的研发、生
603356,华菱精工,电梯配重产品、钣金产品等电梯配件领域拥有大规模定制化生产优势
603488,展鹏科技,国内拥有自主变频控制核心技术并较早应用于电梯门系统的企业  
300931,通用电梯,国内领先的电梯服务商                    
300669,沪宁股份,业界公认的电梯安全部件领域的技术引领者           
600031,三一重工,国内挖掘机行业市占率A股第一，出海初见成效，产品升级带来结构
425,徐工机械,整体上市后强于同行，拳头业务市场份额稳步提升，股权激励提振股
528,柳工,工程机械行业大型骨干企业                  
157,中联重科,中国工程机械装备制造领军企业                
300230,永利股份,国内轻型输送带龙头，高端精密模塑优质供应商         
603580,艾艾精工,专业从事为轻型输送带的研发、生产及销售的公司。       
2175,东方智造,国内数显量具量仪行业的龙头企业               
603289,泰瑞机器,全电动及两板多物料注塑机在新能源汽车车灯领域替代欧洲日本产品
688056,莱伯泰科,拥有LabTech、CDS、Empore等行业知名品牌   
688622,禾信仪器,专注于质谱仪自主研发国产化的“专精特新”小巨人       
688337,普源精电,国内电子测量仪器龙头，自研芯片驱动公司产品高端化，提升盈利水
688112,鼎阳科技,国内电测仪器龙头，公司四大主力产品全部迈入高端，公司在时域及
688628,优利德,国内仪表行业头部厂商，产品覆盖工业产品生命周期用到的各种专业
688283,坤恒顺维,国内电子测量仪表领先厂商，是专注于研发高端无线电测试仿真仪器
2209,达意隆,国内液态产品包装全面解决方案的综合提供商，致力于为全球客户提
300512,中亚股份,国内领先的液态食品包装机械制造企业             
301446,福事特,国内较早进入液压管路行业的公司之一             
301079,邵阳液压,我国高压油泵研发、生产之鼻祖，国内三大液压产品配套基地之一 
2272,川润股份,我国润滑液压设备领域领先企业                
301161,唯万密封,国内较早进入液压气动密封件制品行业的公司，液压密封件系列产品
600815,厦工股份,国家重点生产轮式装载系列产品的骨干大型一类企业       
603966,法兰泰克,专注且领先的工业起重机龙头。公司致力于成为全球领先的物料搬运
2523,天桥起重,南方地区最大的桥、门式起重设备和钢铁行业专用起重设备提供商 
2204,大连重工,我国重型机械行业的大型重点骨干企业             
600761,安徽合力,叉车产销量连续31年稳居国内第一，完善全产业链布局，电动化、
603298,杭叉集团,国内最大叉车民企，叉车销量国内排名第二。          
301279,金道科技,核心产品为叉车变速箱，是国内少数打入国际知名叉车厂供应链的公
603338,浙江鼎力,高空平台龙头，全球市占率达到三，产品力优秀强势出海     
856,冀东装备,公司主要从事水泥装备制造及维修业务，具备新型干法水泥熟料生产
1225,和泰机电,国内先进的物料输送设备制造商，主要产品包括板链斗式提升机、胶
2651,利君股份,物料粉磨和分选技术应用与研究领域的专家           
680,山推股份,主营工程机械制造，推土机市场占有率行业首位         
1360,南矿集团,国家级“专精特新”小巨人，主营砂石骨料和金属矿山相关的破碎、
300837,浙矿股份,国内技术领先的中高端矿机装备供应商之一           
300865,大宏立,曾被评为“国家知识产权优势企业”              
1226,拓山重工,工程机械零部件生产商，主要供货三一重工和徐工等公司，连续多年
600984,建设机械,国内建筑起重机械租赁行业的龙头企业，高端摊铺机的龙头企业之一
2996,顺博合金,国内再生铝行业领先企业                   
301500,飞南资源,专注有色金属类危废处置利用，危废处置能力广东省内居前    
1296,长江材料,在铸造用覆膜砂领域，公司在产能、市场占有率、研发能力方面均是
301201,诚达药业,公司是全球左旋肉碱系列产品的主要供应商之一         
600276,恒瑞医药,创新药研发A股第一                     
2422,科伦药业,大输液龙头，已成为横跨医药研发、药品制造等领域国内产业生态体
600380,健康元,主营化学制剂、化学原料药、诊断试剂及设备、保健品的公司   
600521,华海药业,借助特色原料药、国内制剂、制剂出口三大驱动力的叠加，公司具备
2755,奥赛康,国内最大的质子泵抑制剂（PPI）注射剂生产企业之一     
688091,上海谊众,国内改良型新药的创新先锋企业                
688235,百济神州,全球性、商业阶段的生物科技公司               
688331,荣昌生物,拥有抗体与融合蛋白、ADC、双功能抗体研发平台，布局肿瘤、自
300558,贝达药业,肺癌创新药先行者，趋于优势转化为拓展阵营，多项创新药填补市场
688428,诺诚健华,核心产品奥布替尼为抗肿瘤和自身免疫性疾病的创新药。全球著名结
688266,泽璟制药,主营对肿瘤、血液、肝胆疾病新药的研发，在全球已申请100多项
688505,复旦张江,公司多次承担“国家重点科技项目（攻关）计划”等国家级专项  
688321,微芯生物,自主研发出中国唯一治疗外周T细胞淋巴瘤的药物西达本胺片   
300683,海特生物,国家一类新药金路捷——注射用鼠神经生长因子为龙头产品    
688192,迪哲医药,一家具备全球竞争力的创新驱动型生物医药公司，致力于发展成为全
688336,三生国健,中国第一批专注于抗体药物的创新型生物医药企业        
688177,百奥泰,主营创新药和生物类似药的研产                
688197,首药控股,临床研究阶段的小分子创新药生产企业，专注于抗肿瘤创新药的研发
688373,盟科药业,一家以治疗感染性疾病为核心，拥有全球自主知识产权和国际竞争力
688578,艾力斯,深入研究非小细胞肺癌治疗领域，研发管线多点布局，伏美替尼商业
688062,迈威生物,创新型生物制药企业                     
688136,科兴制药,聚焦生物药赛道，核心产品市占率居前（赛若金第一，依普定第二）
2550,千红制药,蛋白酶类和多糖类药品的龙头生产经营企业，也是国内为数不多的涵
2940,昂利康,拥有完整的制药业务产业链，在化学制药领域积累了一批核心技术 
688302,海创药业,基于氘代、PROTAC技术的国际化创新药企。        
2294,信立泰,知名的心血管慢病用药企业和先行者，布局植入介入器械产品，实现
688658,悦康药业,首仿且唯一国产银杏叶提取物注射液，拥有九大核心技术平台   
600513,联环药业,具有有效的泌尿系统药、抗组胺药和心血管药          
2653,海思科,稳健成长的综合型药企，早年以肠外营养产品起家，专注首仿和特色
301075,多瑞医药,核心产品醋酸钠林格注射液市占率A股第一，围绕血浆代用品、急抢
2253,*ST智胜,国内领先的空中交通和地面智能交通系统供应商         
300074,华平股份,国内领先的视讯产品与应用提供商               
688070,纵横股份,国内垂直起降固定翼无人机领域领先的工业无人机企业      
688287,*ST观典,国内无人机禁毒服务领域龙头                 
300044,ST赛为,国内领先的人工智能软硬件产品及解决方案提供商。       
2361,神剑股份,专业从事聚酯树脂系列产品的生产销售的企业，安徽省著名品牌  
2625,光启技术,尖端军品核心供应商，超材料技术全球领先。          
2111,威海广泰,国内空港地面设备行业龙头企业，全球空港地面设备品种最全的供应
2526,山东矿机,全国前十大煤炭机械制造企业之列               
300424,航新科技,国内领先的航空服务及装备综合保障供应商           
688237,超卓航科,国内少数掌握冷喷涂增材制造技术并产业化运用在航空器维修再制造
600255,鑫科材料,铜加工和影视剧制作的双主业发展格局             
300563,神宇股份,致力于打造成国内一流、国际知名的射频同轴电缆行业的领先企业。
605277,新亚电子,中国消费电子线材龙头企业，获工信部《制造业单项冠军产品》，为
301123,奕东电子,在精密电子零组件行业处于领先地位              
688800,瑞可达,国内高压连接器头部企业，换电连接器龙头。          
301067,显盈科技,专业从事各类信号转换器和电源适配器产品，与众多世界知名品牌商
300400,劲拓股份,致力于专用设备的研发、生产和销售，国家级高新技术企业    
603516,淳中科技,专业视音频显控技术方案提供商，自研ASIC芯片，应用场景有望
300634,彩讯股份,国内领先的企业数字化技术和服务提供商。           
300065,海兰信,公司是国内唯一具备“智慧海洋+智能航海”实施能力的上市公司。
600981,汇鸿集团,纺织服装、浆纸板材、船舶机电等商品进出口居于行业领先地位  
605305,中际联合,国内风电高空安全作业设备龙头，是国内领先的高空安全作业设备和
688027,国盾量子,率先从事量子通信的企业，为政务、金融、电力、国防等行业和领域
300555,ST路通,专业从事有线宽带网络传输系统及相关产品的民营高科技企业   
300419,ST浩丰,国内领先的营销信息化解决方案提供商             
2054,德美化工,精细化学品领域行业内著名企业                
2626,金达威,全球辅酶Q10最大的生产商，维生素D3全球三大生产商之一，维
603102,百合股份,在营养保健食品领域已具备较强的竞争力            
603968,醋化股份,醋酸及吡啶衍生物细分龙头。                 
2286,保龄宝,"功能糖领域唯一的""中国名牌产品""称号，行业内领先企业    "
605016,百龙创园,国内功能糖产品种类较齐全的生产企业             
301206,三元生物,专注于赤藓糖醇产品的生产研发，历经十余年行业深耕成长为全球赤
605077,华康股份,全球主要的木糖醇和晶体山梨糖醇生产企业之一         
2365,永安药业,全球最大的牛磺酸生产基地                  
300765,新诺威,生产的功能食品主要为咖啡因类产品和保健食品类产品。     
300743,天地数码,我国率先研发并生产条码碳带的企业之一            
2058,*ST威尔,公司主要业务为仪器仪表制造业及汽车检具制造业。汽车检具制造业
851,*ST高鸿,拥有行业企业信息化（车联网、可信（云）计算等业务）、信息服务
688011,新光光电,公司依托自身光电领域研发优势衍生出多类先进的民用智能光电产品
603320,迪贝电气,全国制冷压缩机电机骨干企业之一               
603988,中电电机,国内大中型电机行业独特的工艺控制手段和技术诀窍       
2633,申科股份,国内品种最多，规格最全的厚壁滑动轴承生产厂家之一。     
301023,江南奕帆,国际知名企业及全国各大高压开关厂家的主要电机供应商。微特减速
2274,华昌化工,煤气化为产业链源头的综合性的化工企业            
300254,仟源医药,确定了“以高端制药为核心，精准医疗和保健食品为侧翼”的发展战
300996,普联软件,央企数字化领先厂商，为大型集团提供企业管理信息化方案及应用软
300076,GQY视讯,国内领先的专业视讯产品制造商                
2722,物产金轮,被中国纺织机械协会评定为“针布产品研发中心”。       
688522,纳睿雷达,专注于提供全极化有源相控阵雷达系统解决方案的高新技术企业。 
2214,*ST大立,是国内规模最大、综合实力最强的民用红外热像仪生产厂商之一  
688272,富吉瑞,公司已经拥有红外热成像领域多项核心技术           
300810,中科海讯,公司深耕声纳特种装备领域多年，技术优势明显。        
600198,大唐电信,在集成电路设计领域，公司在可信识别芯片领域保持国内领先地位 
688175,高凌信息,军用电信网通信设备龙头                   
688081,兴图新科,国内优秀的基于网络通信的军队专用视频指挥控制系统提供商   
2231,*ST奥维,从事军队电子信息化、音视频指挥系统、网络通信等并提供专业解决
688132,邦彦技术,军工通信系统级产品优质供应商，为各级指挥所、通信枢纽和通信节
688788,科思科技,国内领先的军工电子信息装备供应商              
688636,智明达,深耕机载领域供货稳定、受益弹载领域需求爆发，有望快速提升市占
301302,华如科技,军事仿真先发优势，国防现代化刚性需求，市占率逐年提高    
603267,鸿远电子,深耕陶瓷电容领域二十年，特种陶瓷电容小巨人，受益航天强国增长
300021,大禹节水,在节水灌溉材料与工程、高标准农田建设方面处于行业领先地位  
600106,重庆路桥,重庆重点市政建设单位                    
603067,振华股份,全球铬盐龙头企业，是全球范围内产能最大、铬化合物产品线最齐全
1316,润贝航科,专注主业，大飞机国产化带来猜想无数             
1379,腾达科技,全球不锈钢紧固件行业重要供应商之一，外销为主        
603100,川仪股份,我国规模最大、产品品类最齐全的自动化仪表龙头        
603278,大业股份,橡胶骨架材料标准研发基地，中国橡胶工业优势品牌奖      
688685,迈信林,同时具备机体零部件、发动机零部件和机载设备零部件综合配套加工
2342,巨力索具,国内最大的索具生产基地，也是国内索具产品规格、型号较为齐全的
2347,泰尔股份,国内冶金行业用联轴器领域龙头企业              
600812,华北制药,抗体生物技术药物技术水平及进度处于国内行业领先地位     
2102,能特科技,"国内大型日用陶瓷生产商和供应商之一，""中国瓷都""德化的龙头企"
788,北大医药,西部地区最重要的医药原料药生产及出口创汇企业        
300146,汤臣倍健,全球膳食营养补充剂（VDS）行业领先企业，大单品策略成长可期
301507,民生健康,专注于维生素与矿物质补充剂领域，拥有主打品牌“21 金维他”
300357,我武生物,国内脱敏治疗绝对龙头，已上市粉尘螨滴剂和黄花蒿滴剂两款国内唯
2007,华兰生物,国内血液制品、疫苗产品行业龙头企业             
2252,上海莱士,国内血液制品龙头企业之一                  
300294,博雅生物,以血液制品业务为主，集生化药、化学药、原料药等为一体的综合性
2880,卫光生物,主要产品为血液制品，各浆站平均采浆量在国内处于领先水平，平果
403,派林生物,公司血浆规模处于行业中上水平，子公司广东双林为广东省最大的血
300111,向日葵,国内少数具有自主技术并能规模生产太阳能电池片及组件的光伏企业
301277,新天地,手性医药中间体生产商，主要生产左旋对羟基苯甘氨酸系列产品，其
605177,东亚药业,中国药企百强，铸造百年东亚                 
300583,赛托生物,应用基因工程技术和微生物转化技术制造甾体药物原料的企业   
2332,仙琚制药,甾体行业龙头                        
600488,津药药业,亚洲最大的甾体皮质激素类药物科研、生产、出口基地      
300702,天宇股份,全球规模最大、品种最为齐全的沙坦类抗高血压药物原料药及中间体
601089,福元医药,国内创新型仿制药领先企业，拥有多款首仿药，复方α-酮酸片市场
603031,安孚科技,安徽中部下属的县乡地区中最大的百货零售连锁企业，控股国内碱性
605378,野马电池,公司是我国大规模的碱性电池生产企业之一           
301222,浙江恒威,以出口为主，与众多国际商业连锁企业有稳定合作关系的高性能环保
600478,科力远,丰田HEV车载动力电池关键材料在华唯一供应商，也是国内搭载H
688819,天能股份,中国新能源动力电池行业领军企业               
601311,骆驼股份,国内铅酸蓄电池主要生产商，布局了锂电池、燃料电池、电池回收 
688090,瑞松科技,八次获广汽丰田设备供应商“品质优良奖”           
688290,景业智能,核工业专用机器人龙头                    
2960,青鸟消防,通用消防报警龙头积极拓展第二增长曲线——储能消防系统，有望带
688165,埃夫特,中国工业机器人行业第一梯队企业               
688218,江苏北人,专注于机器人系统集成和智能化、自动化焊接系统集成的工程公司 
603960,克来机电,专注智能装备和汽零业务两大板块，CO2热管理稀缺标的    
2698,博实股份,国内智能设备供应商龙头，国际上少数几家能够系统完成自主研发、
603135,中重科技,专注于型钢及带钢智能装备及生产线业务，产品主要应用于金属轧制
300099,尤洛卡,国内煤矿顶板灾害防治设备龙头企业              
300382,斯莱克,为金属包装行业客户提供高端装备以及整体解决方案       
688255,凯尔达,国内焊接机器人龙头企业，在工业弧焊机器人领域市占率14.53
600215,派斯林,主营工业自动化设备                     
300154,瑞凌股份,国内逆变焊割设备细分行业市场处于领先地位          
2933,新兴装备,以伺服控制技术为核心的航空装备制造商            
301160,翔楼新材,国内精冲特钢行业龙头                    
300509,新美星,国内液态食品包装机械领域技术创新能力显著的企业之一     
2441,众业达,工业电气产品分销行业龙头企业，以输配电产品和工业自动化产品为
605196,华通线缆,国内线缆行业综合性大中型企业之一              
600527,江南高纤,国内涤纶毛条龙头企业，国际先进的纺丝生产纺丝和成条装置   
603332,苏州龙杰,专注于差别化涤纶长丝、PTT纤维等聚酯纤维长丝领域     
603682,锦和商管,多个项目被认定为“国家文化产业示范基地”          
668,荣丰控股,北京市地区主营房地产开发与销售、物业出租的公司       
301151,冠龙节能,国内给排水阀门领域市占率排名第一              
300861,美畅股份,曾为陕西省首家制造业独角兽企业               
692,惠天热电,沈阳市第二大专业供热上市公司                
600052,东望时代,一流房地产企业集团，三年内转型影视传媒等大文化领域     
300902,国安达,国内交通运输、电力电网行业自动灭火系统的主要供应商之一，拓展
300736,百邦科技,苹果公司在中国最大的授权售后服务商，合作手机商有华为、三星 
688291,金橙子,专业从事激光加工控制领域的数控系统及解决方案供应商。与华工科
300461,田中精机,掌握了源自日本的电子线圈自动化生产成套设备核心技术     
605060,联德股份,国内最大的商用空调压缩机铸件零部件出口企业之一       
603187,海容冷链,专注于商用冷链设备，与国内外知名商业超市建立了良好的合作关系
603339,四方科技,国内领先的冷链设备和特种集装箱制造企业           
688689,银河微电,国内半导体分立器件细分行业的专业供应商           
688589,力合微,国产电力线通信芯片龙头                   
688620,安凯微,外销为主的物联网智能硬件核心SoC芯片厂商，物联网应用处理器
688259,创耀科技,深耕接入网通信芯片技术十余年，是国内较早自主研发并掌握基于V
688391,钜泉科技,国内领先智能电表芯片研发设计企业，多项产品出货位居国内市场第
688230,芯导科技,功率半导体“小巨人”，功率器件与功率IC双轮驱动      
688690,纳微科技,专业从事高精度、高性能和高附加值微球材料研发和生产的国家高新
688121,卓然股份,大型炼油化工专用设备模块化、集成化制造的提供商。      
688052,纳芯微,隔离与信号感知龙头，是一家聚焦高性能、高可靠性模拟集成电路研
600992,贵绳股份,我国钢丝、钢丝绳生产最大专业企业之一。实控人贵州省国资委。 
301577,美信科技,国家级专精特新“小巨人”，主营磁性元器件          
301314,科瑞思,网络变压器小型磁环线圈全自动绕线领域市占率行业第一     
300283,温州宏丰,国内最大的电接触功能复合材料、元件及组件的生产企业之一   
688488,艾迪药业,国内创新药物研发的优秀企业之一               
300607,拓斯达,广东省首家登录创业板的机器人骨干企业            
62,深圳华强,“华强北”品牌全球闻名，打造了电子信息全产业链交易服务平台 
603900,莱绅通灵,钻石和翡翠等珠宝首饰产品的零售业务             
300730,科创信息,国内智慧政务及智慧企业领域的信息化综合服务提供商；全国浮法玻
300245,天玑科技,数据中心IT基础设施专业第三方服务供应商中排名领先的公司  
300662,科锐国际,灵活用工龙头，一站式人力资源服务供应商。          
720,新能泰山,以电力、电线电缆为主业，集生产、经营、科研于一体的公司   
300211,亿通科技,主要从事广播电视设备制造的国家高新技术企业         
639,西王食品,中国最大的玉米胚芽油生产基地                
301559,中集环科,罐式集装箱全球市占率第一                  
300218,安利股份,PU合成革行业龙头                     
2357,富临运业,四川省唯一一家上市客运企业，规模实力等方面位居四川省道路运输
600609,金杯汽车,国内最大的轻型客车制造企业之一               
2832,比音勒芬,国内高端运动休闲服饰龙头，高尔夫服装、T恤连续多年市占率第一
300389,艾比森,全球LED显示领先服务商，布局储能有望打开第二增长曲线   
688278,特宝生物,特宝生物是一家主要从事重组蛋白质及其长效修饰药物研发、生产及
931,中关村,公司所属北京华素制药股份有限公司系国家战备药和国家麻醉药品定
2381,双箭股份,国内橡胶输送带的龙头企业，单体工厂规模位居全球第一。    
590,启迪药业,作为传统中、西药生产与销售的企业，品牌与品种优势突出，是湖南
600770,综艺股份,涵盖“芯片设计、太阳能电站、互联网彩票”的高新技术企业   
300327,中颖电子,在国内小家电MCU领域份额稳居行业前三，锂电池管理芯片已有产
603879,永悦科技,福建地区较大的不饱和聚酯树脂生产企业之一，拥有区位优势   
300024,机器人,国内工业机器人产业先驱                   
2337,赛象科技,国内橡胶机械制造业的龙头企业                
300771,智莱科技,国内较早研发和专业生产智能快件箱的企业           
2376,新北洋,领先的智能设备/装备制造商和创新解决方案提供商之一     
300532,今天国际,智能物流智能仓储代表性企业，新能源+石化+烟草，三大行业高景
300184,力源信息,主营电子元器件分销业务，积极拓展泛在电力物联网解决方案业务 
1298,好上好,国内知名的电子元器件分销商，主要向电子产品制造商销售电子元器
300504,天邑股份,国内领先的光通信和移动通信产品及服务综合供应商       
301578,辰奕智能,主营家电智能遥控器和智能产品                
688282,理工导航,以北京理工大学“惯性导航与控制”团队为主体组建，团队成员先后
300691,联合光电,深耕光学领域17年，盈利能力改善在即，毫米波雷达、激光雷达、
301568,思泰克,国家级专精特新“小巨人”，3D SPI(锡膏印刷检测设备)产
300802,矩子科技,全球领先的AOI、激光雕刻等专业设备制造商         
300868,杰美特,国内著名移动智能终端配件公司之一              
605507,国邦医药,国内硼氢化钠、硼氢化钾、环丙胺等中间体产能最大的企业之一，国
688356,键凯科技,PEG衍生物全球市占率6%，为国内外药企提供PEG衍生物材料
600851,海欣股份,集纺织服装、医药、金融投资和工业地产为一体的多元化投资集团 
688176,亚虹医药,专注于泌尿生殖系统肿瘤及其它重大疾病领域的全球化创新药公司。
688553,汇宇制药,注射用阿扎胞苷产品视同通过一致性评价的国内两家首仿企业之一 
2793,罗欣药业,中国制药工业百强企业、中国十大最具成长力药企        
3015,日久光电,江苏省光学导电薄膜工程技术研究中心             
300521,爱司凯,专注于工业化打印技术的研发及应用，掌握了大量CTP核心技术 
300016,北陆药业,国内医药对比剂行业领跑者                  
2262,恩华药业,国内中枢神经系统用药的领导者                
688580,伟思医疗,康复医疗器械领先企业，电刺激、磁刺激产品应用广泛      
300833,浩洋股份,国内舞台灯光设备龙头                    
301498,乖宝宠物,主营宠物食品                        
688163,赛伦生物,专注于抗血清抗毒素领域的生物医药企业，国内唯一一家抗蛇毒血清
300938,信测标准,国内首家商业运营的第三方检测机构              
711,*ST京蓝,主营生态节水、土壤修复、园林环境、环境治理等生态环保业务  
688657,浩辰软件,旗下浩辰CAD看图王移动版月活跃用户数为CAD领域国内第一 
603848,好太太,中国智能晾晒行业领导者，布局多赛道智能家居         
2219,新里程,主营医疗服务和药品制造，2022年7月1日重组后摘帽    
600327,大东方,无锡市辐射区域的商业零售服务龙头企业，“商业零售+医疗健康”
600594,益佰制药,公司专注于肿瘤、心脑血管、妇科等治疗领域药品的生产与销售  
603669,灵康药业,主导产品涵盖肠外营养、抗感染和消化系统药，市场份额行业前列 
600058,五矿发展,国内领先的金属矿业（以钢筋、铁矿石为主）流通服务商     
300797,钢研纳克,背靠钢研院，受益教育贴息，扫描电子显微镜打开高校市场    
600073,光明肉业,午餐肉和蜂蜜在国内市占率第一，大白兔奶糖深受老百姓欢迎   
688509,正元地信,国内较早开展测绘地理信息技术研究、开发与应用的高新技术企业 
300345,华民股份,高效球磨综合节能、PIP可控离子渗入技术目前均处于国际领先水
300808,久量股份,LED照明行业的知名品牌                  
2700,ST浩源,区域内有独特的资源优势，取得30年的城市燃气特许经营权   
2569,ST步森,"""步森""品牌在国内男装领域具有较高的知名度""        "
669,ST金鸿,国内天然气领域中下游重要的能源运营商            
600462,*ST九有,专注为移动互移网创造更优质的影像集成系统和指纹识别系统   
637,茂化实华,主要从事石油化工产品的生产及销售经营            
300449,汉邦高科,公司围绕智能安防、音视频监测、数字水印技术三大业务，为客户提
600117,西宁特钢,西北地区最大的特殊钢生产企业                
688117,圣诺生物,国内少数几家能够规模化生产多种多肽原料药的企业之一     
2895,川恒股份,饲料级磷酸二氢钙和消防用磷酸一铵的市占率已多年稳居行业首位 
2687,乔治白,公司拥有完善的职业装生产基地                
603515,欧普照明,在照明行业深耕26年，一体的综合型照明企业，渠道优势逐步体现
600261,阳光照明,中国最大的节能灯生产和出口基地之一             
300349,金卡智能,国内智慧燃气系统龙头，行业创新的引领者。          
2391,长青股份,国内主要化学农药生产商，除草剂产能22600吨/年，杀虫剂产
600739,辽宁成大,从事供应链服务(贸易)、医药流通、生物制药、金融投资的大型集
600512,腾达建设,集市政、公路、建筑装饰、轨道交通、房地产一体的综合建设集团 
688590,新致软件,国内领先的保险IT解决方案提供商，推出了适用于金融行业的智能
300623,捷捷微电,国产晶闸管龙头企业                     
300831,派瑞股份,由西电所改制成立，积淀了50年的核心技术和研产能力     
603380,易德龙,面向全球提供全方位的电子制造服务，拥有较高的市场占有率   
688619,罗普特,专注于人工智能的产品研发应用，拥有大量基于“计算机视觉”为核
688088,虹软科技,视觉人工智能技术的研发和应用，可提供一站式视觉人工智能解决方
2630,华西能源,专注于新能源、环保产业、清洁电站的设计制造及投资运营业务  
803,山高环能,全产业链布局“双碳”背景下的高景气细分赛道，二代生物柴油产品
301172,君逸数码,业内资质较齐全且资质级别较高的企业之一，主要为智慧城市领域客
300535,达威股份,国内皮革化学品品种系列最齐备的公司之一，国家级专精特新“小巨
300489,光智科技,红外光学及激光器件业务快速增长               
603922,金鸿顺,国模具工业协会重点骨干企业                 
688549,中巨芯,国内少数同时生产电子湿化学品、电子特种气体及前驱体材料的企业
603119,浙江荣泰,主营耐高温绝缘云母制品，在新能源汽车和家用电器云母应用领域市
301112,信邦智能,以工业机器人为核心的综合服务商               
600590,泰豪科技,专注军工装备及应急装备。                  
301281,科源制药,非胰岛素类降血糖药中领域的二甲双胍制剂、格列齐特制剂市占率居
603088,宁波精达,制造新能源电池、电机、智能家居等装备的国家级高新技术企业  
603559,*ST通脉,通信施工总承包壹级资质的专业施工企业和国内专业的通信技术服务
584,*ST工智,以智能制造和工业机器人为主营业务，人工智能为研究方向    
300615,欣天科技,移动通信产业中射频金属元器件及射频结构件领域国家高新技术企业
2388,ST新亚,国内实力较强的电子制程供应商及配套服务商。公司拥有华为、光宝
600237,铜峰电子,老牌国资薄膜电容器生产企业，拥有电容器薄膜-金属化薄膜-薄膜
2575,群兴玩具,电动童车市场占有率居自主品牌企业第二位，电子电动玩具国内领先
300720,海川智能,主要从事自动衡器领域，建立了较为完整的研发体系       
688178,万德斯,专业化的固废和水务领域全过程服务提供商           
688625,呈和科技,国际技术领先的合成水滑石和复合助剂生产厂商         
301105,鸿铭股份,集研发、生产和销售于一体的包装专用设备生产商，主营产品包括各
301357,北方长龙,国内较早进入军用车辆非金属复合材料配套装备领域的企业，在军用
300534,陇神戎发,止痛类滴丸剂生产销售规模在国内同行业中名列第一       
300200,高盟新材,高性能复合聚氨酯胶粘剂行业的龙头企业            
603978,深圳新星,行业内唯一的拥有完整产业链的铝晶粒细化剂专业制造商     
600563,法拉电子,薄膜电容龙头充分受益于下游新能源发展趋势。         
603868,飞科电器,老牌个护龙头；拥抱潮流，推行“年轻智能“战略谋求新发展   
300817,双飞集团,中国专业生产滑动轴承系列产品的规模企业           
688281,华秦科技,军用隐身材料龙头，兼具伪装材料、防护材料业务        
300227,光韵达,精密激光智能制造服务专业提供商，潜心研究激光技术多年    
603159,上海亚虹,精密模具的适用性、稳定性等指标达国内领先水平        
2224,三力士,国内橡胶V带行业排名第一                  
300304,云意电气,国内领先的车用整流器和调节器生产企业            
2849,威星智能,国内知名的智能燃气整体解决方案供应商，拥有丰富的技术积累  
301248,杰创智能,提供智慧城市综合解决方案+智慧安全综合解决方案，下游客户多为
688591,泰凌微,无线芯片市场细分低功耗蓝牙芯片领域全球市占率前三      
300617,安靠智电,地下输电领域已经成为全球最专业的技术、产品和方案供应商之一 
603861,白云电器,高低压成套开关设备的研发制造商               
300176,鸿特科技,布局智能环保设备制造业务，明星产品有：小黄狗垃圾分类回收箱 
2586,*ST围海,国内现代海堤工程施工专业化水平位居前列的企业        
300311,ST任子行,聚焦网络安全领域，深耕网络空间数据治理           
600320,振华重工,全球知名的重型装备制造企业，岸桥市场占有率连续24年保持世界
601231,环旭电子,电子制造服务行业的全球知名厂商               
300577,开润股份,主营商务，户外休闲包袋，旅行箱，鞋服及相关配件等出行产品  
688475,萤石网络,领先的智能家居服务商及物联网云平台提供商，以开放式云平台服务
603238,诺邦股份,国内水刺非织造材料行业处于领先水平，我国湿巾出口量排名第一名
9,中国宝安,投资控股型企业，搭建了多产业、多层面、多形式的投资平台   
300049,福瑞股份,肝病诊疗龙头企业，公司的Fibroscan肝纤维化诊断设备为
603583,捷昌驱动,经营应用于智慧办公、医疗康护、智能家居领域的线性驱动系统  
300589,江龙船艇,从公务执法船艇、旅游休闲船艇和特种作业船艇向新能源船艇方面迈
688686,奥普特,机器视觉龙头企业，以光源为突破口打破了外资品牌的垄断，实现了
600288,大恒科技,机器视觉领域的领军型企业                  
603203,快克智能,锡焊机龙头业务多点开花，深耕山头客户显业绩弹性       
688343,云天励飞,专注于视觉AI领域，自研芯片DeepEye1000已于201
301165,锐捷网络,行业领先的ICT基础设施及行业解决方案提供商。在交换机、无线
2396,星网锐捷,我国企业级网络通讯系统设备及终端设备的主流厂商       
301589,诺瓦星云,主营LED显示控制系统、视频处理系统            
2345,潮宏基,时尚珠宝和女包业务双轮驱动，年轻化+渠道扩张助力未来成长  
301177,迪阿股份,专注婚恋钻饰赛道，独特内涵助力品牌突围。          
688166,博瑞医药,在肿瘤靶向治疗和免疫治疗领域以及脂肪肝和糖尿病治疗取得了突破
688443,智翔金泰,主营抗体药物，已提交上市申请的赛立奇单抗针对中重度斑块状银屑
688382,益方生物,创新药研发企业，聚焦于肿瘤、代谢疾病等重大疾病领域     
688309,恒誉环保,公司系行业内唯一荣获国家科技进步奖（二等，第一完成单位）企业
688511,天微电子,国内为数不多的具备军用灭火抑爆系统自主研发能力并实现量产的公
688552,航天南湖,中国航天科工集团旗下，国家级专精特新“小巨人”，主营防空预警
688137,近岸蛋白,专注于重组蛋白应用解决方案的生命科学上游企业。       
603815,交建股份,安徽省资质齐全、资质等级较高的公路、市政基础设施施工企业  
300301,*ST长方,我国LED照明光源器件封装领域的龙头企业之一        
603578,三星新材,国内最早专业生产低温储藏设备玻璃门体的企业之一       
880,潍柴重机,山东国资委旗下，国内船舶动力和发电机组行业龙头       
600804,*ST鹏博,拥有跨地区增值电信业务经营许可证和全国一体化全光纤网络优势 
603003,*ST龙宇,我国规模较大的船用燃料油供应服务企业            
300629,新劲刚,射频微波景气高，特种材料成长可期              
605123,派克新材,我国环锻件核心供应商，产品广泛应用于航空、航天、电力石化等领
688239,航宇科技,航空环锻件核心供应商，世界主流航空发动机制造商在亚太地区的主
300775,三角防务,我国航空高附加值大型模锻件的核心供应商，产业链纵深可期   
300696,爱乐达,曾获获得中航工业下属飞机制造单位“优秀供应商”荣誉     
300857,协创数据,专注于物联网智能终端和数据存储设备等消费电子类产品的研产销 
3025,思进智能,国家高端冷成形机示范基地                  
600993,马应龙,痔疮治疗领域的第一药                    
603130,云中马,国内领先的革基布生产商，专注于人造革合成革基层材料——革基布
300756,金马游乐,国内游乐设施龙头，产能扩张、业绩修复，空间可期       
301272,英华特,涡旋压缩机全球市占率前八。其中，热泵应用、冷冻冷藏应用国内市
301525,儒竞科技,主营暖通空调及冷冻冷藏设备、新能源汽车热管理系统      
2867,周大生,国内最具规模的珠宝品牌运营商之一              
605599,菜百股份,公司在黄金珠宝首饰行业具有较高的市场认可度和品牌知名度   
2132,恒星科技,金刚线有机硅齐发力，进入业绩释放期             
300950,德固特,一家国际一流高科技节能环保装备制造商            
1288,运机集团,中国输送机械市场具有创造力和发展的品牌之一         
603070,万控智造,国内规模最大的电气机柜生产制造商              
600710,苏美达,国机集团控股企业，专注于供应链运营、单机产品贸易等业务   
2760,凤形股份,公司是金属铸件领域专业从事耐磨材料研产销和技术服务的高新技术
601366,利群股份,以商业物流、商业零售为主业的大型商业集团          
603989,艾华集团,国内第一、全球第四大铝电解电容器生产厂商，在节能照明及手机快
2666,德联集团,国内汽车精细化学品的龙头                  
600898,*ST美讯,公司具备较为完整的智能终端产品研产销产业链，主营为移动通讯业
600083,*ST博信,智能硬件领域拥有多年从业经验及市场资源           
600070,*ST富润,公司收购数字营销科技企业泰一指尚100%股权，实现向营销科技
609,*ST中迪,主营股权投资和资产投资包括融资租赁、服务行业、房地产业务  
600568,ST中珠,以房地产、医药为主业的双主业经营格局            
300403,汉宇集团,专注于家用电器排水泵产品的研发和生产，产品质量达国际领先水平
603010,万盛股份,国内主要的有机磷系阻燃剂生产企业之一            
688131,皓元医药,国内小分子药物研发/生产领域稀缺的前端/后端一体化企业。  
688315,诺禾致源,基因科技市场中国企业全球发展布局的领先者          
601956,东贝集团,国内冰压行业领头羊，国内产品品种最多、规格最全且功率跨度大的
301193,家联科技,塑料制品龙头，战略布局降解材料               
301355,南王科技,中国印刷包装百强企业，在环保纸袋细分领域市场规模领先    
301469,恒达新材,医疗透析纸及食品包装原纸市占率国内居前           
300397,天和防务,形成了“军工装备”“通信电子”“新一代综合电子信息”三大业务
601890,亚星锚链,全球锚链龙头，船用锚链市占率A股第一，全球第一。      
2206,海利得,车用丝龙头，三大产业链持续增长。              
603811,诚意药业,两大产业链驱动：氨糖集采后持续稳定增长，制剂原料一体化优势明
2724,海洋王,公司发挥LED产品+控制器+服务平台的产品组合优势，为客户提
2589,瑞康医药,在医药和医疗器械配送行业处于领军地位            
300979,华利集团,持续专注，运动鞋履制造龙头                 
605158,华达新材,杭州地区成立最早的新材料生产企业之一            
600768,宁波富邦,一家专门生产工业类铝型材的区域性铝业深加工企业，年生产能力1
603937,丽岛新材,国内长期从事彩涂铝加工制造企业之一，主要客户均为各领域知名企
601677,明泰铝业,国内铝压延加工行业的龙头，低成本构筑竞争优势        
300587,天铁科技,轨交减震边界拓宽，建筑减震发展预期明确，盐湖提锂开启新征程。
301233,盛帮股份,传统燃油汽车零部件供应商，少数可以生产军用飞机及发动机橡胶密
300920,润阳科技,专业从事辐照交联聚烯烃系列产品的研产销为一体的高新技术企业 
301322,绿通科技,一家从事场地电动车研产销的高新技术企业。在场地电动车行业建立
688381,帝奥微,高性能模拟开关国产第一                   
688203,海正生材,专注于聚乳酸研产销，是国内极少数掌握聚乳酸并投产的企业之一 
603351,威尔药业,专注于药用辅料及合成润滑油基础油产品            
603086,先达股份,选择性除草剂细分行业龙头                  
600790,轻纺城,以中国轻纺城市场营业用房的开发、租赁和物业管理为主业    
1209,洪兴股份,公司是一家专注于家居服饰研发、设计、生产与销售的服装品牌。荣
600303,曙光股份,集整车、零部件业务为一体的汽车集团             
300965,*ST恒宇,国内机载领域的一流企业                   
2052,*ST同洲,国际数字视讯行业内知名品牌，首批卫星接收设备定点生产商之一 
2872,ST天圣,天圣制药是国内现代化的医药科技型企业，国家高新技术企业   
300600,ST瑞科,拥有船舶配电系统 、船舶机舱自动化系统行业领先核心技术的企业
889,ST中嘉,主要业务为信息智能传输、通信网络维护和金融服务外包     
603173,福斯达,国内深冷装备行业内的知名企业。是国内少数跨空气分离设备、液化
1367,海森药业,硫糖铝、阿托伐他汀钙等产品国内主要生产厂家之一，且在全球市场
688799,华纳药厂,覆盖中药、化药、生物大分子药物产业链（产品涵盖消化、呼吸、抗
603676,卫信康,国内肠外营养药物龙头企业                  
300095,华伍股份,国内工业制动器行业龙头                   
301518,长华化学,聚醚销售规模位居行业前五左右，POP市占率接近20%    
2907,华森制药,公司是一家集药品研发、公司是一家集药品研发、生产、销售于一体
300995,奇德新材,国内具有自主研发能力并掌握高分子复合材料生产核心技术的制造和
301317,鑫磊股份,国家级专精特新“小巨人”，动力用空气压缩机市占率国内居前  
300257,开山股份,螺杆压缩机的技术水平、能效水平处于国内外行业领先地位    
603703,盛洋科技,公司拥有内导体、屏蔽材料、护套材料、包装材料一体化生产优势 
2909,集泰股份,国内有机硅密封胶和水性涂料行业的龙头企业          
2390,信邦制药,从事纯天然植物类中成药的研发、生产和销售的企业       
603896,寿仙谷,渠道拓展促进业绩增长，打造有机国药第一品牌。        
300791,仙乐健康,深耕营养保健食品行业二十余年，拥有超4000个成熟营养健康食
605288,凯迪股份,线性驱动行业的领先企业                   
301459,丰茂股份,国家级专精特新重点 “小巨人”，主营精密橡胶零部件，多楔带产
2161,远望谷,国内首家RFID行业上市公司，中国物联网产业的代表企业，领先
603681,永冠新材,民用胶带龙头，有望借国产替代机会成长为工业胶带龙头。    
300767,震安科技,品牌渠道构筑核心壁垒，减隔震行业龙头地位稳固、市占率有望持续
301003,江苏博云,在改性塑料行业内形成了较强品牌知名度和市场影响力      
300858,科拓生物,科研优势铸造核心壁垒，益生菌业务高速发展          
603639,海利尔,属国家定点农药生产企业，农药制剂的产值和销售额位居行业前列 
300575,中旗股份,跨国农药公司科迪华、拜耳、先正达、巴斯夫农化的战略供应商  
2566,益盛药业,医药、中药饮片、化妆品、保健食品四大事业综合型企业     
2250,联化科技,生产医药中间体和农药中间体产品，主要销往美国、欧洲和日本  
2998,优彩资源,公司掌握废旧PET聚酯物理化学回收法核心技术        
688307,中润光学,以视觉为核心的精密光学镜头产品和技术开发服务提供商，公司主要
300796,贝斯美,深耕挖掘二甲戊灵产业链近二十年，具备从化工原料到农药制剂全产
603059,倍加洁,主营业务为口腔清洁护理用品以及一次性卫生用品，检测能力国内领
2661,克明食品,挂面全产业链布局，方便食品出圈迎成长            
688103,国力股份,公司深耕电子真空器件，新能源、军工、半导体多点开花     
2675,东诚药业,高成长+高壁垒，双寡头竞争核药市场：核药渗透率低、政策扶持核
600617,国新能源,山西省内规模最大的天然气管网运营企业            
300922,天秦装备,军品防护领域的核心供应商                  
300722,新余国科,军用火工品种类丰富，应用领域涵陆、空、海、火箭军等各军种  
603022,新通联,主要业务为从事轻型包装产品与重型包装产品的生产与销售    
2921,联诚精密,主要产品应领域有汽车制造、机械制造（农机、工程机械）等   
300414,中光防雷,雷电防护行业领先企业;建立了较为完善的军工业务运行体系   
2309,ST中利,光伏新能源电站建设领域的先行者               
603601,再升科技,国内微纤维玻璃棉及制品龙头。                
600319,亚星化学,世界上氯化聚乙烯(CPE)产销量较大、拥有品种较多的企业  
300452,山河药辅,国内排名前列的口服固体制剂药用辅料生产供应商        
600847,万里股份,中国铅酸蓄电池行业首家上市公司               
600608,*ST沪科,芯片设计和服务能力保持在国内同行的领先水平         
2200,*ST交投,园林行业中具有完备的产业链                 
656,*ST金科,全国性大型地产开发公司                   
"111","****","公司是行业内兼具研发实力和规模化生产的高压清洁机主要供应商之"
"111","****","旗下“高飞漆”为中国修补漆主流市场领先品牌"
"111","****","国内规模较大的十字轴万向节总成生产企业"
