"代码","名称","备注","涨幅","时间"
"111","****","公司是行业内兼具研发实力和规模化生产的高压清洁机主要供应商之","-0.26%","20250716"
"111","****","公司是行业内兼具研发实力和规模化生产的高压清洁机主要供应商之","-0.26%","20250716"
"111","****","公司是行业内兼具研发实力和规模化生产的高压清洁机主要供应商之","-0.26%","20250716"
"111","****","公司是行业内兼具研发实力和规模化生产的高压清洁机主要供应商之","-0.26%","20250716"
"111","****","旗下“高飞漆”为中国修补漆主流市场领先品牌","0.38%","20250716"
"111","****","国内规模较大的十字轴万向节总成生产企业","11.91%","20250716"
"111","****","公司是行业内兼具研发实力和规模化生产的高压清洁机主要供应商之","-0.26%","20250716"
"111","****","公司是行业内兼具研发实力和规模化生产的高压清洁机主要供应商之","-0.26%","20250716"
"111","****","旗下“高飞漆”为中国修补漆主流市场领先品牌","0.38%","20250716"
"111","****","国内规模较大的十字轴万向节总成生产企业","11.91%","20250716"
"111","****","环保设备及工程、输变电高压瓷绝缘子、精密轴承行业优秀企业","-0.28%","20250717"
"111","****","专业化、规模化、一体化的综合包装企业","0.55%","20250717"
"111","****","国内生物试剂行业国内领先的科技公司之一","2.55%","20250717"
"111","****","公司是行业内兼具研发实力和规模化生产的高压清洁机主要供应商之","-8.18%","20250717"
"111","****","旗下“高飞漆”为中国修补漆主流市场领先品牌","-0.37%","20250717"
"111","****","国内规模较大的十字轴万向节总成生产企业","-1.54%","20250717"
"111","****","公司在亲水性功能高分子领域处于国内领先水平","20.02%","20250718"
"111","****","公司在亲水性功能高分子领域处于国内领先水平","20.02%","20250718"
"111","****","探索高铁数字媒体新领域，深耕辽宁地区清洁供暖业务","0.17%","20250718"
"111","****","国内生物试剂行业国内领先的科技公司之一","-0.77%","20250718"
"111","****","公司在亲水性功能高分子领域处于国内领先水平","20.02%","20250718"
"111","****","公司在亲水性功能高分子领域处于国内领先水平","20.02%","20250718"
"111","****","探索高铁数字媒体新领域，深耕辽宁地区清洁供暖业务","0.17%","20250718"
"111","****","国内生物试剂行业国内领先的科技公司之一","-0.77%","20250718"
"111","****","公司在亲水性功能高分子领域处于国内领先水平","20.02%","20250718"
"111","****","公司在亲水性功能高分子领域处于国内领先水平","20.02%","20250718"
"111","****","探索高铁数字媒体新领域，深耕辽宁地区清洁供暖业务","0.17%","20250718"
"111","****","国内生物试剂行业国内领先的科技公司之一","-0.77%","20250718"
"111","****","主营煤炭采掘、火力发电的煤电一体化发展企业","1.21%","20250718"
"111","****","环保设备及工程、输变电高压瓷绝缘子、精密轴承行业优秀企业","-0.19%","20250718"
"111","****","专业化、规模化、一体化的综合包装企业","-0.27%","20250718"
"111","****","国内生物试剂行业国内领先的科技公司之一","-0.77%","20250718"
"111","****","公司是行业内兼具研发实力和规模化生产的高压清洁机主要供应商之","-0.5%","20250718"
"111","****","旗下“高飞漆”为中国修补漆主流市场领先品牌","-0.94%","20250718"
"111","****","国内规模较大的十字轴万向节总成生产企业","7.32%","20250718"
"111","****","国内高端外科手术吻合器出口的领先企业","-0.12%","20250718"
"111","****","公司是行业内兼具研发实力和规模化生产的高压清洁机主要供应商之","-0.5%","20250718"
"111","****","公司在亲水性功能高分子领域处于国内领先水平","20.02%","20250718"
"111","****","公司在亲水性功能高分子领域处于国内领先水平","20.02%","20250718"
"111","****","探索高铁数字媒体新领域，深耕辽宁地区清洁供暖业务","0.17%","20250718"
"111","****","国内生物试剂行业国内领先的科技公司之一","-0.77%","20250718"
"111","****","主营煤炭采掘、火力发电的煤电一体化发展企业","1.21%","20250718"
"111","****","环保设备及工程、输变电高压瓷绝缘子、精密轴承行业优秀企业","-0.19%","20250718"
"111","****","专业化、规模化、一体化的综合包装企业","-0.27%","20250718"
"111","****","国内生物试剂行业国内领先的科技公司之一","-0.77%","20250718"
"111","****","公司是行业内兼具研发实力和规模化生产的高压清洁机主要供应商之","-0.5%","20250718"
"111","****","旗下“高飞漆”为中国修补漆主流市场领先品牌","-0.94%","20250718"
"111","****","国内规模较大的十字轴万向节总成生产企业","7.32%","20250718"
"111","****","国内高端外科手术吻合器出口的领先企业","-0.12%","20250718"
"111","****","国内生物试剂行业国内领先的科技公司之一","-0.31%","20250721"
"111","****","国内老牌医药企业，核心品种新活素加速放量","7.82%","20250721"
"111","****","国内藏药龙头生产企业","10.01%","20250721"
"111","****","公司在妇科产品领域深耕多年，核心产品“洁尔阴洗液”在妇科炎症","-0.08%","20250721"
"111","****","从事硬质合金制品及矿用凿岩工具研发与制造的专业化公司","16.5%","20250721"
"111","****","从事硬质合金制品及矿用凿岩工具研发与制造的专业化公司","16.5%","20250721"
"111","****","公司在亲水性功能高分子领域处于国内领先水平","-2.48%","20250721"
"111","****","公司在亲水性功能高分子领域处于国内领先水平","-2.48%","20250721"
"111","****","探索高铁数字媒体新领域，深耕辽宁地区清洁供暖业务","0.99%","20250721"
"111","****","国内生物试剂行业国内领先的科技公司之一","-0.31%","20250721"
"111","****","主营煤炭采掘、火力发电的煤电一体化发展企业","2.4%","20250721"
"111","****","环保设备及工程、输变电高压瓷绝缘子、精密轴承行业优秀企业","3.26%","20250721"
"111","****","专业化、规模化、一体化的综合包装企业","1.1%","20250721"
"111","****","国内生物试剂行业国内领先的科技公司之一","-0.31%","20250721"
"111","****","主营煤炭采掘、火力发电的煤电一体化发展企业","4.3%","20250722"
"111","****","国内生物试剂行业国内领先的科技公司之一","-0.6%","20250722"
"111","****","从事硬质合金制品及矿用凿岩工具研发与制造的专业化公司","13.98%","20250722"
"111","****","从事硬质合金制品及矿用凿岩工具研发与制造的专业化公司","13.98%","20250722"
"111","****","国内少数几家具备防腐防磨堆焊装备规模化生产能力的企业之一，防","12.48%","20250722"
"111","****","国内生物试剂行业国内领先的科技公司之一","-0.6%","20250722"
"111","****","国内老牌医药企业，核心品种新活素加速放量","0.6%","20250722"
"111","****","国内藏药龙头生产企业","0.71%","20250722"
"111","****","公司在妇科产品领域深耕多年，核心产品“洁尔阴洗液”在妇科炎症","-0.83%","20250722"
"111","****","从事硬质合金制品及矿用凿岩工具研发与制造的专业化公司","13.98%","20250722"
"111","****","国内少数几家具备防腐防磨堆焊装备规模化生产能力的企业之一，防","12.48%","20250722"
"111","****","从事硬质合金制品及矿用凿岩工具研发与制造的专业化公司","13.98%","20250722"
"111","****","国内少数几家具备防腐防磨堆焊装备规模化生产能力的企业之一，防","12.48%","20250722"
"111","****","公司在亲水性功能高分子领域处于国内领先水平","-3.47%","20250722"
"111","****","公司在亲水性功能高分子领域处于国内领先水平","-3.47%","20250722"
"111","****","探索高铁数字媒体新领域，深耕辽宁地区清洁供暖业务","0.33%","20250722"
"111","****","国内生物试剂行业国内领先的科技公司之一","-0.6%","20250722"
"111","****","主营煤炭采掘、火力发电的煤电一体化发展企业","4.3%","20250722"
"111","****","国内生物试剂行业国内领先的科技公司之一","-0.6%","20250722"
"111","****","从事硬质合金制品及矿用凿岩工具研发与制造的专业化公司","13.98%","20250722"
"111","****","从事硬质合金制品及矿用凿岩工具研发与制造的专业化公司","13.98%","20250722"
"111","****","国内少数几家具备防腐防磨堆焊装备规模化生产能力的企业之一，防","12.48%","20250722"
"111","****","国内生物试剂行业国内领先的科技公司之一","-0.6%","20250722"
"111","****","国内老牌医药企业，核心品种新活素加速放量","0.6%","20250722"
"111","****","国内藏药龙头生产企业","0.71%","20250722"
"111","****","公司在妇科产品领域深耕多年，核心产品“洁尔阴洗液”在妇科炎症","-0.83%","20250722"
"111","****","从事硬质合金制品及矿用凿岩工具研发与制造的专业化公司","13.98%","20250722"
"111","****","国内少数几家具备防腐防磨堆焊装备规模化生产能力的企业之一，防","12.48%","20250722"
"111","****","从事硬质合金制品及矿用凿岩工具研发与制造的专业化公司","13.98%","20250722"
"111","****","国内少数几家具备防腐防磨堆焊装备规模化生产能力的企业之一，防","12.48%","20250722"
"111","****","公司在亲水性功能高分子领域处于国内领先水平","-3.47%","20250722"
"111","****","公司在亲水性功能高分子领域处于国内领先水平","-3.47%","20250722"
"111","****","探索高铁数字媒体新领域，深耕辽宁地区清洁供暖业务","0.33%","20250722"
"111","****","国内生物试剂行业国内领先的科技公司之一","-0.6%","20250722"
"111","****","主营煤炭采掘、火力发电的煤电一体化发展企业","-0.75%","20250723"
"111","****","从事硬质合金制品及矿用凿岩工具研发与制造的专业化公司","-10.31%","20250723"
"111","****","国内最早推出生殖道、呼吸道和乙肝检测领域以RNA为检测靶标的","8.4%","20250723"
"111","****","国内生物试剂行业国内领先的科技公司之一","-0.62%","20250723"
"111","****","中国大陆地区唯一一家入选亚太临床试验联盟的SMO公司.","3.63%","20250723"
"111","****","主营煤炭采掘、火力发电的煤电一体化发展企业","-0.75%","20250723"
"111","****","从事硬质合金制品及矿用凿岩工具研发与制造的专业化公司","-10.31%","20250723"
"111","****","国内少数几家具备防腐防磨堆焊装备规模化生产能力的企业之一，防","-4.91%","20250723"
"111","****","主营煤炭采掘、火力发电的煤电一体化发展企业","-0.75%","20250723"
"111","****","国内生物试剂行业国内领先的科技公司之一","-0.62%","20250723"
"111","****","从事硬质合金制品及矿用凿岩工具研发与制造的专业化公司","-10.31%","20250723"
"111","****","从事硬质合金制品及矿用凿岩工具研发与制造的专业化公司","-10.31%","20250723"
"111","****","国内少数几家具备防腐防磨堆焊装备规模化生产能力的企业之一，防","-4.91%","20250723"
"111","****","国内规模最大的高压隔离开关专业生产企业之一","-3.02%","20250723"
"111","****","国内生物试剂行业国内领先的科技公司之一","-0.62%","20250723"
"111","****","国内老牌医药企业，核心品种新活素加速放量","-3.99%","20250723"
"111","****","国内藏药龙头生产企业","-2.24%","20250723"
"111","****","公司在妇科产品领域深耕多年，核心产品“洁尔阴洗液”在妇科炎症","-2.66%","20250723"
"111","****","曾获得纺织行业“专精特新”中小企业荣誉","20.02%","20250724"
"111","****","国内最早推出生殖道、呼吸道和乙肝检测领域以RNA为检测靶标的","17.65%","20250724"
"111","****","曾获得纺织行业“专精特新”中小企业荣誉","20.02%","20250724"
"111","****","国内生物试剂行业国内领先的科技公司之一","1.57%","20250724"
"111","****","国内最早推出生殖道、呼吸道和乙肝检测领域以RNA为检测靶标的","17.65%","20250724"
"111","****","主营煤炭采掘、火力发电的煤电一体化发展企业","0.75%","20250724"
"111","****","从事硬质合金制品及矿用凿岩工具研发与制造的专业化公司","1.44%","20250724"
"111","****","国内少数几家具备防腐防磨堆焊装备规模化生产能力的企业之一，防","-1.54%","20250724"
"111","****","主营医用气体装备及系统、医用洁净装备及系统","1.41%","20250724"
"111","****","主营煤炭采掘、火力发电的煤电一体化发展企业","0.75%","20250724"
"111","****","从事硬质合金制品及矿用凿岩工具研发与制造的专业化公司","1.44%","20250724"
"111","****","国内最早推出生殖道、呼吸道和乙肝检测领域以RNA为检测靶标的","17.65%","20250724"
"111","****","国内生物试剂行业国内领先的科技公司之一","1.57%","20250724"
"111","****","中国大陆地区唯一一家入选亚太临床试验联盟的SMO公司.","3.7%","20250724"
"111","****","主营煤炭采掘、火力发电的煤电一体化发展企业","0.75%","20250724"
"111","****","从事硬质合金制品及矿用凿岩工具研发与制造的专业化公司","1.44%","20250724"
"111","****","国内少数几家具备防腐防磨堆焊装备规模化生产能力的企业之一，防","-1.54%","20250724"
"111","****","主营煤炭采掘、火力发电的煤电一体化发展企业","0.75%","20250724"
"111","****","国内生物试剂行业国内领先的科技公司之一","1.57%","20250724"
"111","****","从事硬质合金制品及矿用凿岩工具研发与制造的专业化公司","1.44%","20250724"
"111","****","曾获得纺织行业“专精特新”中小企业荣誉","20.02%","20250724"
"111","****","国内最早推出生殖道、呼吸道和乙肝检测领域以RNA为检测靶标的","17.65%","20250724"
"111","****","曾获得纺织行业“专精特新”中小企业荣誉","20.02%","20250724"
"111","****","国内最早推出生殖道、呼吸道和乙肝检测领域以RNA为检测靶标的","17.65%","20250724"
"111","****","主营煤炭采掘、火力发电的煤电一体化发展企业","0.75%","20250724"
"111","****","主营医用气体装备及系统、医用洁净装备及系统","1.41%","20250724"
"111","****","主营煤炭采掘、火力发电的煤电一体化发展企业","0.75%","20250724"
"111","****","国内最早推出生殖道、呼吸道和乙肝检测领域以RNA为检测靶标的","17.65%","20250724"
"111","****","中国大陆地区唯一一家入选亚太临床试验联盟的SMO公司.","3.7%","20250724"
"111","****","主营煤炭采掘、火力发电的煤电一体化发展企业","0.75%","20250724"
"111","****","主营煤炭采掘、火力发电的煤电一体化发展企业","0.75%","20250724"
"111","****","从事医疗诊断、监护设备的研产销，产品涵盖血氧类、心电类、超声","20.03%","20250725"
"111","****","曾获得纺织行业“专精特新”中小企业荣誉","2.55%","20250725"
"111","****","中国大陆地区唯一一家入选亚太临床试验联盟的SMO公司.","-2.02%","20250725"
"111","****","国内最早推出生殖道、呼吸道和乙肝检测领域以RNA为检测靶标的","-6.45%","20250725"
"111","****","曾获得纺织行业“专精特新”中小企业荣誉","2.55%","20250725"
"111","****","曾获得纺织行业“专精特新”中小企业荣誉","2.55%","20250725"
"111","****","国内最早推出生殖道、呼吸道和乙肝检测领域以RNA为检测靶标的","-6.45%","20250725"
"111","****","曾获得纺织行业“专精特新”中小企业荣誉","2.55%","20250725"
"111","****","国内最早推出生殖道、呼吸道和乙肝检测领域以RNA为检测靶标的","-6.45%","20250725"
"111","****","主营煤炭采掘、火力发电的煤电一体化发展企业","-1.5%","20250725"
"111","****","主营医用气体装备及系统、医用洁净装备及系统","1.26%","20250725"
"111","****","主营煤炭采掘、火力发电的煤电一体化发展企业","-1.5%","20250725"
"111","****","国内最早推出生殖道、呼吸道和乙肝检测领域以RNA为检测靶标的","-6.45%","20250725"
"111","****","中国大陆地区唯一一家入选亚太临床试验联盟的SMO公司.","-2.02%","20250725"
"111","****","从事医疗诊断、监护设备的研产销，产品涵盖血氧类、心电类、超声","20.03%","20250725"
"111","****","曾获得纺织行业“专精特新”中小企业荣誉","2.55%","20250725"
"111","****","曾获得纺织行业“专精特新”中小企业荣誉","2.55%","20250725"
"111","****","曾获得纺织行业“专精特新”中小企业荣誉","2.55%","20250725"
"111","****","曾获得纺织行业“专精特新”中小企业荣誉","2.55%","20250725"
"111","****","主营医用气体装备及系统、医用洁净装备及系统","1.26%","20250725"
"111","****","从事医疗诊断、监护设备的研产销，产品涵盖血氧类、心电类、超声","20.03%","20250725"
"111","****","曾获得纺织行业“专精特新”中小企业荣誉","2.55%","20250725"
"111","****","曾获得纺织行业“专精特新”中小企业荣誉","2.55%","20250725"
"111","****","曾获得纺织行业“专精特新”中小企业荣誉","2.55%","20250725"
"111","****","曾获得纺织行业“专精特新”中小企业荣誉","2.55%","20250725"
"111","****","主营医用气体装备及系统、医用洁净装备及系统","1.26%","20250725"
"111","****","处于医疗净化行业第一阵营，先后承接全国多家三甲以上医院医疗净","19.99%","20250730"
"111","****","处于医疗净化行业第一阵营，先后承接全国多家三甲以上医院医疗净","19.99%","20250730"
"111","****","国内藏药龙头生产企业","10.02%","20250730"
"111","****","专业的航空发动机及医疗骨科领域的高性能零部件制造商","-2.59%","20250730"
"111","****","国内高端外科手术吻合器出口的领先企业","1.13%","20250730"
"111","****","主产特色原料药及医药中间体","0.09%","20250730"
"111","****","主产特色原料药及医药中间体","0.09%","20250730"
"111","****","专业的航空发动机及医疗骨科领域的高性能零部件制造商","-2.59%","20250730"
"111","****","国内高端外科手术吻合器出口的领先企业","1.13%","20250730"
"111","****","公司在亲水性功能高分子领域处于国内领先水平","0.41%","20250730"
"111","****","深耕环保交联聚烯烃泡棉十余年，是国内聚烯烃发泡材料生产企业领","-3.71%","20250730"
"111","****","国内藏药龙头生产企业","10.01%","20250731"
"111","****","主产特色原料药及医药中间体","10.05%","20250731"
"111","****","国内最早从事细胞工程、基因工程的生物制药企业之一","20.02%","20250731"
"111","****","国内藏药龙头生产企业","10.01%","20250731"
"111","****","专业的航空发动机及医疗骨科领域的高性能零部件制造商","-1.71%","20250731"
"111","****","国内最早从事细胞工程、基因工程的生物制药企业之一","20.02%","20250731"
"111","****","以高壁垒原料药中间体为核心，下延外拓打开长期成长空间","0.46%","20250731"
"111","****","专业的航空发动机及医疗骨科领域的高性能零部件制造商","-1.71%","20250731"
"111","****","国内高端外科手术吻合器出口的领先企业","0.03%","20250731"
"111","****","国内最早从事细胞工程、基因工程的生物制药企业之一","20.02%","20250731"
"111","****","处于医疗净化行业第一阵营，先后承接全国多家三甲以上医院医疗净","6.06%","20250731"
"111","****","处于医疗净化行业第一阵营，先后承接全国多家三甲以上医院医疗净","6.06%","20250731"
"111","****","国内藏药龙头生产企业","10.01%","20250731"
"111","****","专业的航空发动机及医疗骨科领域的高性能零部件制造商","-1.71%","20250731"
"111","****","国内高端外科手术吻合器出口的领先企业","0.03%","20250731"
"111","****","国内最早从事细胞工程、基因工程的生物制药企业之一","20.02%","20250731"
"111","****","主产特色原料药及医药中间体","10.05%","20250731"
"111","****","公司拥有两大驰名商标，薄荷素油占国内近一半市场份额","10.03%","20250801"
"111","****","国内藏药龙头生产企业","9.99%","20250801"
"111","****","高温合金迎来拐点，精铸叶片、粉末涡轮盘切入多个航发型号，业绩","9.99%","20250801"
"111","****","公司拥有两大驰名商标，薄荷素油占国内近一半市场份额","10.03%","20250801"
"111","****","国内藏药龙头生产企业","9.99%","20250801"
"111","****","公司拥有两大驰名商标，薄荷素油占国内近一半市场份额","10.03%","20250801"
"111","****","探索高铁数字媒体新领域，深耕辽宁地区清洁供暖业务","0.33%","20250801"
"111","****","专业的航空发动机及医疗骨科领域的高性能零部件制造商","-1.82%","20250801"
"111","****","国内最早从事细胞工程、基因工程的生物制药企业之一","-1.73%","20250801"
"111","****","中国中药名牌产品，主要产品西洋参口服液具有抗疲劳的保健功效","12.76%","20250801"
"111","****","以高壁垒原料药中间体为核心，下延外拓打开长期成长空间","-0.58%","20250801"
"111","****","国内藏药龙头生产企业","9.99%","20250801"
"111","****","主产特色原料药及医药中间体","6.03%","20250801"
"111","****","国内最早从事细胞工程、基因工程的生物制药企业之一","-1.73%","20250801"
"111","****","国内藏药龙头生产企业","9.99%","20250801"
"111","****","专业的航空发动机及医疗骨科领域的高性能零部件制造商","-1.82%","20250801"
"111","****","国内最早从事细胞工程、基因工程的生物制药企业之一","-1.73%","20250801"
"111","****","中国中药名牌产品，主要产品西洋参口服液具有抗疲劳的保健功效","12.76%","20250801"
"111","****","以高壁垒原料药中间体为核心，下延外拓打开长期成长空间","-0.58%","20250801"
"111","****","专业的航空发动机及医疗骨科领域的高性能零部件制造商","-1.82%","20250801"
"111","****","国内高端外科手术吻合器出口的领先企业","0.73%","20250801"
"111","****","国内最早从事细胞工程、基因工程的生物制药企业之一","-1.73%","20250801"
"111","****","处于医疗净化行业第一阵营，先后承接全国多家三甲以上医院医疗净","-5.97%","20250801"
"111","****","处于医疗净化行业第一阵营，先后承接全国多家三甲以上医院医疗净","-5.97%","20250801"
"111","****","国内藏药龙头生产企业","9.99%","20250801"
"111","****","公司拥有两大驰名商标，薄荷素油占国内近一半市场份额","10.03%","20250801"
"111","****","高温合金迎来拐点，精铸叶片、粉末涡轮盘切入多个航发型号，业绩","9.99%","20250801"
"111","****","公司拥有两大驰名商标，薄荷素油占国内近一半市场份额","10.03%","20250801"
"111","****","公司拥有两大驰名商标，薄荷素油占国内近一半市场份额","10.03%","20250801"
"111","****","探索高铁数字媒体新领域，深耕辽宁地区清洁供暖业务","0.33%","20250801"
"111","****","国内最早从事细胞工程、基因工程的生物制药企业之一","-1.73%","20250801"
"111","****","中国中药名牌产品，主要产品西洋参口服液具有抗疲劳的保健功效","12.76%","20250801"
"111","****","以高壁垒原料药中间体为核心，下延外拓打开长期成长空间","-0.58%","20250801"
"111","****","国内最早从事细胞工程、基因工程的生物制药企业之一","-1.73%","20250801"
"111","****","国内最早从事细胞工程、基因工程的生物制药企业之一","-1.73%","20250801"
"111","****","中国中药名牌产品，主要产品西洋参口服液具有抗疲劳的保健功效","12.76%","20250801"
"111","****","以高壁垒原料药中间体为核心，下延外拓打开长期成长空间","-0.58%","20250801"
"111","****","国内最早从事细胞工程、基因工程的生物制药企业之一","-1.73%","20250801"
"111","****","公司拥有两大驰名商标，薄荷素油占国内近一半市场份额","10.03%","20250801"
"111","****","高温合金迎来拐点，精铸叶片、粉末涡轮盘切入多个航发型号，业绩","9.99%","20250801"
"111","****","公司拥有两大驰名商标，薄荷素油占国内近一半市场份额","10.03%","20250801"
"111","****","公司拥有两大驰名商标，薄荷素油占国内近一半市场份额","10.03%","20250801"
"111","****","探索高铁数字媒体新领域，深耕辽宁地区清洁供暖业务","0.33%","20250801"
"111","****","国内最早从事细胞工程、基因工程的生物制药企业之一","-1.73%","20250801"
"111","****","中国中药名牌产品，主要产品西洋参口服液具有抗疲劳的保健功效","12.76%","20250801"
"111","****","以高壁垒原料药中间体为核心，下延外拓打开长期成长空间","-0.58%","20250801"
"111","****","国内最早从事细胞工程、基因工程的生物制药企业之一","-1.73%","20250801"
"111","****","国内最早从事细胞工程、基因工程的生物制药企业之一","-1.73%","20250801"
"111","****","中国中药名牌产品，主要产品西洋参口服液具有抗疲劳的保健功效","12.76%","20250801"
"111","****","以高壁垒原料药中间体为核心，下延外拓打开长期成长空间","-0.58%","20250801"
"111","****","国内最早从事细胞工程、基因工程的生物制药企业之一","-1.73%","20250801"
"111","****","高温合金迎来拐点，精铸叶片、粉末涡轮盘切入多个航发型号，业绩","9.97%","20250804"
"111","****","国内老牌医药企业，核心品种新活素加速放量","10.0%","20250804"
"111","****","高温合金迎来拐点，精铸叶片、粉末涡轮盘切入多个航发型号，业绩","9.97%","20250804"
"111","****","国内老牌医药企业，核心品种新活素加速放量","10.0%","20250804"
"111","****","公司在妇科产品领域深耕多年，核心产品“洁尔阴洗液”在妇科炎症","-1.17%","20250804"
"111","****","构建了新材料和节能环保两大业务板块协同发展的产业格局","7.11%","20250804"
"111","****","高温合金迎来拐点，精铸叶片、粉末涡轮盘切入多个航发型号，业绩","9.97%","20250804"
"111","****","公司拥有两大驰名商标，薄荷素油占国内近一半市场份额","1.3%","20250804"
"111","****","高温合金迎来拐点，精铸叶片、粉末涡轮盘切入多个航发型号，业绩","9.97%","20250804"
"111","****","公司拥有两大驰名商标，薄荷素油占国内近一半市场份额","1.3%","20250804"
"111","****","公司拥有两大驰名商标，薄荷素油占国内近一半市场份额","1.3%","20250804"
"111","****","国内老牌医药企业，核心品种新活素加速放量","10.0%","20250804"
"111","****","探索高铁数字媒体新领域，深耕辽宁地区清洁供暖业务","3.65%","20250804"
"111","****","国内最早从事细胞工程、基因工程的生物制药企业之一","-1.01%","20250804"
"111","****","中国中药名牌产品，主要产品西洋参口服液具有抗疲劳的保健功效","1.26%","20250804"
"111","****","以高壁垒原料药中间体为核心，下延外拓打开长期成长空间","-1.13%","20250804"
"111","****","国内最早从事细胞工程、基因工程的生物制药企业之一","-1.01%","20250804"
"111","****","国内最早从事细胞工程、基因工程的生物制药企业之一","-1.01%","20250804"
"111","****","中国中药名牌产品，主要产品西洋参口服液具有抗疲劳的保健功效","1.26%","20250804"
"111","****","以高壁垒原料药中间体为核心，下延外拓打开长期成长空间","-1.13%","20250804"
"111","****","国内塑料空调风叶的龙头企业，拥有国内顶尖的塑料空调风叶研发能","10.03%","20250805"
"111","****","国内销售规模最大的智能燃气表制造商和系统供应商之一。","10.02%","20250805"
"111","****","公司是行业内兼具研发实力和规模化生产的高压清洁机主要供应商之","0.33%","20250805"
"111","****","旗下“高飞漆”为中国修补漆主流市场领先品牌","-1.19%","20250805"
"111","****","国内规模较大的十字轴万向节总成生产企业","1.64%","20250805"
"111","****","高温合金迎来拐点，精铸叶片、粉末涡轮盘切入多个航发型号，业绩","-2.95%","20250805"
"111","****","国内老牌医药企业，核心品种新活素加速放量","-5.0%","20250805"
"111","****","高温合金迎来拐点，精铸叶片、粉末涡轮盘切入多个航发型号，业绩","-2.95%","20250805"
"111","****","国内老牌医药企业，核心品种新活素加速放量","-5.0%","20250805"
"111","****","公司在妇科产品领域深耕多年，核心产品“洁尔阴洗液”在妇科炎症","-1.43%","20250805"
"111","****","构建了新材料和节能环保两大业务板块协同发展的产业格局","-3.21%","20250805"
"111","****","高温合金迎来拐点，精铸叶片、粉末涡轮盘切入多个航发型号，业绩","-2.95%","20250805"
"111","****","公司拥有两大驰名商标，薄荷素油占国内近一半市场份额","-3.34%","20250805"
"111","****","高温合金迎来拐点，精铸叶片、粉末涡轮盘切入多个航发型号，业绩","-2.95%","20250805"
"111","****","公司拥有两大驰名商标，薄荷素油占国内近一半市场份额","-3.34%","20250805"
"111","****","公司拥有两大驰名商标，薄荷素油占国内近一半市场份额","-3.34%","20250805"
"111","****","国内老牌医药企业，核心品种新活素加速放量","-5.0%","20250805"
"111","****","在电动工具用粉末冶金零件领域内，海昌新材长期排名在全国行业前","20.0%","20250806"
"111","****","国内最早从事细胞工程、基因工程的生物制药企业之一","-3.82%","20250806"
"111","****","国内塑料空调风叶的龙头企业，拥有国内顶尖的塑料空调风叶研发能","6.03%","20250806"
"111","****","国内销售规模最大的智能燃气表制造商和系统供应商之一。","-3.75%","20250806"
"111","****","公司是行业内兼具研发实力和规模化生产的高压清洁机主要供应商之","0.66%","20250806"
"111","****","旗下“高飞漆”为中国修补漆主流市场领先品牌","4.07%","20250806"
"111","****","国内规模较大的十字轴万向节总成生产企业","1.28%","20250806"
"111","****","高温合金迎来拐点，精铸叶片、粉末涡轮盘切入多个航发型号，业绩","-3.81%","20250806"
"111","****","国内老牌医药企业，核心品种新活素加速放量","-4.01%","20250806"
"111","****","高温合金迎来拐点，精铸叶片、粉末涡轮盘切入多个航发型号，业绩","-3.81%","20250806"
"111","****","国内老牌医药企业，核心品种新活素加速放量","-4.01%","20250806"
"111","****","公司在妇科产品领域深耕多年，核心产品“洁尔阴洗液”在妇科炎症","-1.12%","20250806"
"111","****","从事医疗诊断、监护设备的研产销，产品涵盖血氧类、心电类、超声","3.23%","20250807"
"111","****","数字化X射线平板探测器行业内全球知名、国内领先的企业之一","-3.02%","20250807"
"111","****","主营药品制剂、原料药、药用辅料及植物提取物四大类","0.34%","20250807"
"111","****","在电动工具用粉末冶金零件领域内，海昌新材长期排名在全国行业前","6.76%","20250807"
"111","****","国内最早从事细胞工程、基因工程的生物制药企业之一","-1.44%","20250807"
"111","****","国内塑料空调风叶的龙头企业，拥有国内顶尖的塑料空调风叶研发能","4.88%","20250807"
"111","****","国内销售规模最大的智能燃气表制造商和系统供应商之一。","-0.54%","20250807"
"111","****","公司是行业内兼具研发实力和规模化生产的高压清洁机主要供应商之","-0.83%","20250807"
"111","****","旗下“高飞漆”为中国修补漆主流市场领先品牌","-0.11%","20250807"
"111","****","国内规模较大的十字轴万向节总成生产企业","-1.19%","20250807"
"111","****","高温合金迎来拐点，精铸叶片、粉末涡轮盘切入多个航发型号，业绩","10.01%","20250808"
"111","****","从事医疗诊断、监护设备的研产销，产品涵盖血氧类、心电类、超声","-8.63%","20250808"
"111","****","数字化X射线平板探测器行业内全球知名、国内领先的企业之一","1.73%","20250808"
"111","****","第二代居民身份证材料指定生产企业，中高档智能卡基材行业龙头","11.12%","20250808"
"111","****","第二代居民身份证材料指定生产企业，中高档智能卡基材行业龙头","11.12%","20250808"
"111","****","第二代居民身份证材料指定生产企业，中高档智能卡基材行业龙头","11.12%","20250808"
"111","****","从事医疗诊断、监护设备的研产销，产品涵盖血氧类、心电类、超声","-8.63%","20250808"
"111","****","数字化X射线平板探测器行业内全球知名、国内领先的企业之一","1.73%","20250808"
"111","****","主营药品制剂、原料药、药用辅料及植物提取物四大类","0.0%","20250808"
"111","****","在电动工具用粉末冶金零件领域内，海昌新材长期排名在全国行业前","-4.77%","20250808"
"111","****","数字化X射线平板探测器行业内全球知名、国内领先的企业之一","1.73%","20250808"
"111","****","第二代居民身份证材料指定生产企业，中高档智能卡基材行业龙头","11.12%","20250808"
"111","****","第二代居民身份证材料指定生产企业，中高档智能卡基材行业龙头","11.12%","20250808"
"111","****","第二代居民身份证材料指定生产企业，中高档智能卡基材行业龙头","11.12%","20250808"
"111","****","数字化X射线平板探测器行业内全球知名、国内领先的企业之一","1.73%","20250808"
"111","****","主营药品制剂、原料药、药用辅料及植物提取物四大类","0.0%","20250808"
"111","****","数字化X射线平板探测器行业内全球知名、国内领先的企业之一","1.73%","20250808"
"111","****","第二代居民身份证材料指定生产企业，中高档智能卡基材行业龙头","11.12%","20250808"
"111","****","第二代居民身份证材料指定生产企业，中高档智能卡基材行业龙头","11.12%","20250808"
"111","****","第二代居民身份证材料指定生产企业，中高档智能卡基材行业龙头","11.12%","20250808"
"111","****","数字化X射线平板探测器行业内全球知名、国内领先的企业之一","1.73%","20250808"
"111","****","主营药品制剂、原料药、药用辅料及植物提取物四大类","0.0%","20250808"
"111","****","国内实验室一次性塑料耗材领先供应商","4.79%","20250811"
"111","****","功能性涂布胶膜领导者，下游创新带来辽阔发展机遇","20.01%","20250811"
"111","****","电解铜箔设备切入光刻机领域","10.01%","20250811"
"111","****","功能性涂布胶膜领导者，下游创新带来辽阔发展机遇","20.01%","20250811"
"111","****","电解铜箔设备切入光刻机领域","10.01%","20250811"
"111","****","-","2.27%","20250811"
"111","****","自主掌握LED驱动电源的恒功率驱动技术、驱动电源新锐，植物照","0.97%","20250811"
"111","****","第二代居民身份证材料指定生产企业，中高档智能卡基材行业龙头","6.64%","20250811"
"111","****","数字化X射线平板探测器行业内全球知名、国内领先的企业之一","0.32%","20250811"
"111","****","第二代居民身份证材料指定生产企业，中高档智能卡基材行业龙头","6.64%","20250811"
"111","****","第二代居民身份证材料指定生产企业，中高档智能卡基材行业龙头","6.64%","20250811"
"111","****","电解铜箔设备切入光刻机领域","10.01%","20250811"
"111","****","电解铜箔设备切入光刻机领域","7.02%","20250812"
"111","****","第二代居民身份证材料指定生产企业，中高档智能卡基材行业龙头","-4.59%","20250812"
"111","****","国内实验室一次性塑料耗材领先供应商","-0.99%","20250812"
"111","****","国内实验室一次性塑料耗材领先供应商","-0.99%","20250812"
"111","****","功能性涂布胶膜领导者，下游创新带来辽阔发展机遇","-4.75%","20250812"
"111","****","电解铜箔设备切入光刻机领域","7.02%","20250812"
"111","****","功能性涂布胶膜领导者，下游创新带来辽阔发展机遇","-4.75%","20250812"
"111","****","电解铜箔设备切入光刻机领域","7.02%","20250812"
"111","****","-","-0.31%","20250812"
"111","****","自主掌握LED驱动电源的恒功率驱动技术、驱动电源新锐，植物照","-2.16%","20250812"
"111","****","第二代居民身份证材料指定生产企业，中高档智能卡基材行业龙头","-4.59%","20250812"
"111","****","公司拥有两大驰名商标，薄荷素油占国内近一半市场份额","10.0%","20250825"
"111","****","第二代居民身份证材料指定生产企业，中高档智能卡基材行业龙头","0.44%","20250825"
"111","****","金属围护行业领军企业；携手隆基进军BIPV领域","10.01%","20250825"
"111","****","金属围护行业领军企业；携手隆基进军BIPV领域","9.98%","20250826"
"111","****","专心致力于照明产品结构组件领域，系行业内的领先企业","9.99%","20250826"
"111","****","第二代居民身份证材料指定生产企业，中高档智能卡基材行业龙头","-2.0%","20250826"
"111","****","公司拥有两大驰名商标，薄荷素油占国内近一半市场份额","1.72%","20250826"
"111","****","第二代居民身份证材料指定生产企业，中高档智能卡基材行业龙头","-2.0%","20250826"
"111","****","金属围护行业领军企业；携手隆基进军BIPV领域","9.98%","20250826"
"111","****","第二代居民身份证材料指定生产企业，中高档智能卡基材行业龙头","-5.73%","20250827"
"111","****","金属围护行业领军企业；携手隆基进军BIPV领域","-9.81%","20250827"
"111","****","专心致力于照明产品结构组件领域，系行业内的领先企业","-2.54%","20250827"
"111","****","第二代居民身份证材料指定生产企业，中高档智能卡基材行业龙头","-5.73%","20250827"
"111","****","公司拥有两大驰名商标，薄荷素油占国内近一半市场份额","-3.87%","20250827"
"111","****","第二代居民身份证材料指定生产企业，中高档智能卡基材行业龙头","-5.73%","20250827"
"111","****","电解铜箔设备切入光刻机领域","10.0%","20250828"
"111","****","金属围护行业领军企业；携手隆基进军BIPV领域","-1.78%","20250828"
"111","****","专心致力于照明产品结构组件领域，系行业内的领先企业","6.16%","20250828"
"111","****","积极开展游戏、影视、综艺、体育等垂直细分领域的运营与投资","10.15%","20250829"
"111","****","电解铜箔设备切入光刻机领域","-5.47%","20250829"
"111","****","电解铜箔设备切入光刻机领域","-5.47%","20250829"
"111","****","子公司中维国际在绿色建筑领域处于领先地位","2.78%","20250829"
"111","****","国内膜式燃气表和智能燃气表主要生产商，国内五大燃气集团供应商","2.42%","20250829"
"111","****","电解铜箔设备切入光刻机领域","-5.47%","20250829"
"111","****","积极开展游戏、影视、综艺、体育等垂直细分领域的运营与投资","10.15%","20250829"
"111","****","子公司中维国际在绿色建筑领域处于领先地位","2.78%","20250829"
"111","****","国内膜式燃气表和智能燃气表主要生产商，国内五大燃气集团供应商","2.42%","20250829"
"111","****","积极开展游戏、影视、综艺、体育等垂直细分领域的运营与投资","10.15%","20250829"
"111","****","子公司中维国际在绿色建筑领域处于领先地位","2.78%","20250829"
"111","****","国内膜式燃气表和智能燃气表主要生产商，国内五大燃气集团供应商","2.42%","20250829"
"111","****","金属围护行业领军企业；携手隆基进军BIPV领域","0.51%","20250901"
"111","****","以自产医药产品和代理运营医药产品共同发展的综合性医药公司","0.44%","20250901"
"111","****","全球少有具备全系列多肽合成试剂研产能力的公司之一，磷正离子型","4.85%","20250901"
"111","****","积极开展游戏、影视、综艺、体育等垂直细分领域的运营与投资","3.79%","20250901"
"111","****","子公司中维国际在绿色建筑领域处于领先地位","-0.42%","20250901"
"111","****","国内膜式燃气表和智能燃气表主要生产商，国内五大燃气集团供应商","-1.61%","20250901"
"111","****","金属围护行业领军企业；携手隆基进军BIPV领域","-2.59%","20250902"
"111","****","金属围护行业领军企业；携手隆基进军BIPV领域","-2.59%","20250902"
"111","****","以自产医药产品和代理运营医药产品共同发展的综合性医药公司","-3.88%","20250902"
"111","****","全球少有具备全系列多肽合成试剂研产能力的公司之一，磷正离子型","-4.52%","20250902"
"111","****","以自产医药产品和代理运营医药产品共同发展的综合性医药公司","-0.79%","20250903"
"111","****","全球少有具备全系列多肽合成试剂研产能力的公司之一，磷正离子型","-2.33%","20250903"
"111","****","全国煤炭机械工业优秀企业，产量连续三年稳居全国前六位","2.01%","20250904"
"111","****","公司在亲水性功能高分子领域处于国内领先水平","-0.9%","20250904"
"111","****","全国煤炭机械工业优秀企业，产量连续三年稳居全国前六位","0.49%","20250905"
"111","****","公司在亲水性功能高分子领域处于国内领先水平","0.7%","20250905"
"111","****","全国煤炭机械工业优秀企业，产量连续三年稳居全国前六位","0.49%","20250905"
"111","****","全国煤炭机械工业优秀企业，产量连续三年稳居全国前六位","0.49%","20250905"
"111","****","首批专精特新“小巨人”，主营高分子改性保护材料","20.0%","20250908"
"111","****","致力于打造全球轻型锂电龙头企业，产品包括轻型车用锂离子电池、","19.99%","20250908"
"111","****","江苏省太阳能电池硅材料生产与加工设备研发、生产、销售企业","1.0%","20250908"
"111","****","探索高铁数字媒体新领域，深耕辽宁地区清洁供暖业务","0.3%","20250908"
"111","****","全国煤炭机械工业优秀企业，产量连续三年稳居全国前六位","0.49%","20250908"
"111","****","全国煤炭机械工业优秀企业，产量连续三年稳居全国前六位","0.33%","20250910"
"111","****","首批专精特新“小巨人”，主营高分子改性保护材料","5.24%","20250910"
"111","****","致力于打造全球轻型锂电龙头企业，产品包括轻型车用锂离子电池、","-5.25%","20250910"
"111","****","全国煤炭机械工业优秀企业，产量连续三年稳居全国前六位","0.97%","20250911"
"111","****","中国著名的重型机械设备制造商之一","10.08%","20250912"
"111","****","中国著名的重型机械设备制造商之一","10.08%","20250912"
"111","****","中国著名的重型机械设备制造商之一","10.08%","20250912"
"111","****","中国著名的重型机械设备制造商之一","10.08%","20250912"
"111","****","中国著名的重型机械设备制造商之一","10.08%","20250912"
"111","****","中国著名的重型机械设备制造商之一","10.08%","20250912"
"111","****","燃气射钉枪细分领域国内龙头","19.98%","20250915"
"111","****","专注肉制品产业链，转型加码预制菜。","10.1%","20250915"
"111","****","燃气射钉枪细分领域国内龙头","19.98%","20250915"
"111","****","专注肉制品产业链，转型加码预制菜。","10.1%","20250915"
"111","****","中国著名的重型机械设备制造商之一","-0.38%","20250915"
"111","****","中国著名的重型机械设备制造商之一","-0.38%","20250915"
"111","****","专业从事电力电缆附件及配套产品研发、生产、销售的高新技术企业","0.28%","20250916"
"111","****","一家专业的智能物流系统供应商","-0.48%","20250916"
"111","****","燃气射钉枪细分领域国内龙头","-0.94%","20250916"
"111","****","专注肉制品产业链，转型加码预制菜。","-0.18%","20250916"
"111","****","燃气射钉枪细分领域国内龙头","-0.94%","20250916"
"111","****","专注肉制品产业链，转型加码预制菜。","-0.18%","20250916"
"111","****","中国著名的重型机械设备制造商之一","1.15%","20250916"
"111","****","中国著名的重型机械设备制造商之一","1.15%","20250916"
"111","****","世界领先的厨房和浴室配件供应商","10.0%","20250917"
"111","****","专业从事电力电缆附件及配套产品研发、生产、销售的高新技术企业","2.19%","20250917"
"111","****","一家专业的智能物流系统供应商","3.8%","20250917"
"111","****","全球少有具备全系列多肽合成试剂研产能力的公司之一，磷正离子型","-0.72%","20250918"
"111","****","国内专业电动工具业少数能够替代进口同类产品的领先的内资品牌","20.02%","20250918"
"111","****","国内专业电动工具业少数能够替代进口同类产品的领先的内资品牌","20.02%","20250918"
"111","****","专注肉制品产业链，转型加码预制菜。","-4.64%","20250918"
"111","****","药物研发生产企业，产品包括利可君片（口服升白化药市场份额A股","-0.79%","20250918"
"111","****","主营药品制剂、原料药、药用辅料及植物提取物四大类","-0.34%","20250918"
"111","****","主要从事土地一级开发和市政基础配套设施建设及运营业务的企业","0.62%","20250918"
"111","****","世界领先的厨房和浴室配件供应商","2.51%","20250918"
"111","****","中国著名的重型机械设备制造商之一","-4.15%","20250919"
"111","****","国内先进的深冷技术厂商，发挥主业优势布局工业气体，有望成为公","1.31%","20250919"
"111","****","全球少有具备全系列多肽合成试剂研产能力的公司之一，磷正离子型","-1.32%","20250919"
"111","****","国内专业电动工具业少数能够替代进口同类产品的领先的内资品牌","-1.59%","20250919"
"111","****","国内专业电动工具业少数能够替代进口同类产品的领先的内资品牌","-1.59%","20250919"
"111","****","药物研发生产企业，产品包括利可君片（口服升白化药市场份额A股","-1.26%","20250919"
"111","****","主营药品制剂、原料药、药用辅料及植物提取物四大类","-1.65%","20250919"
"111","****","主要从事土地一级开发和市政基础配套设施建设及运营业务的企业","-4.62%","20250919"
"111","****","世界领先的厨房和浴室配件供应商","-2.69%","20250919"
"111","****","国内先进的深冷技术厂商，发挥主业优势布局工业气体，有望成为公","1.31%","20250919"
"111","****","国内专业电动工具业少数能够替代进口同类产品的领先的内资品牌","-1.59%","20250919"
"111","****","国内专业电动工具业少数能够替代进口同类产品的领先的内资品牌","-1.59%","20250919"
"111","****","药物研发生产企业，产品包括利可君片（口服升白化药市场份额A股","-1.26%","20250919"
"111","****","主要从事土地一级开发和市政基础配套设施建设及运营业务的企业","-4.62%","20250919"
"111","****","国内先进的深冷技术厂商，发挥主业优势布局工业气体，有望成为公","1.31%","20250919"
"111","****","国内专业电动工具业少数能够替代进口同类产品的领先的内资品牌","-1.59%","20250919"
"111","****","国内专业电动工具业少数能够替代进口同类产品的领先的内资品牌","-1.59%","20250919"
"111","****","药物研发生产企业，产品包括利可君片（口服升白化药市场份额A股","-1.26%","20250919"
"111","****","主要从事土地一级开发和市政基础配套设施建设及运营业务的企业","-4.62%","20250919"
"111","****","Coolinside全链条液冷解决方案，深度受益AI液冷浪","9.99%","20250922"
"111","****","国内较早烟用接装纸专业生产厂商之一，通过控股子公司合肥集新能","10.04%","20250922"
"111","****","悍高集团股份有限公司（股票代码：001221.SZ）是一家成","10%","20250922"
"111","****","消费电子稳健增长，通讯、汽车业务高增长打开第二曲线","10%","20250922"
"111","****","全球第二大独立气体发生器、全球知名的汽车自动变速器生产商拓展","10.08%","20250922"
"111","****","已构建起涵盖“主控芯片设计—固件开发—模组封装—制造测试”的","10%","20250922"
"111","****","消费电子稳健增长，通讯、汽车业务高增长打开第二曲线","10%","20250922"
"111","****","全球电声制造领先企业，掌握优质客户资源","10.01%","20250922"
"111","****","国内冷却塔领军者，有望受益于液冷及氢能红利","10.02%","20250922"
"111","****","传统信通龙头企业积极转型拥抱算力时代","9.99%","20250922"
"111","****","Coolinside全链条液冷解决方案，深度受益AI液冷浪","9.99%","20250922"
"111","****","国产AI服务器之光，深度绑定海光信息","10%","20250922"
"111","****","公司业务呈现供热和传媒双主业格局，均为运营类现金牛资产","9.97%","20250922"
"111","****","计算机信息系统集成、信息技术服务及应用软件开发商","10%","20250922"
"111","****","公用事业（燃气、交通、环保）与金融创投齐头并进的投资控股型企","9.98%","20250922"
"111","****","边缘计算网络+数据感知应用可视双轮驱动","19.99%","20250922"
"111","****","公司深耕传感器领域，形成覆盖温度、PM2.5、光线及座椅位置","9.99%","20250922"
"111","****","成长向好，盈利平稳","10.01%","20250922"
"111","****","全球第二大独立气体发生器、全球知名的汽车自动变速器生产商拓展","10.08%","20250922"
"111","****","已构建起涵盖“主控芯片设计—固件开发—模组封装—制造测试”的","10%","20250922"
"111","****","悍高集团股份有限公司（股票代码：001221.SZ）是一家成","10%","20250922"
"111","****","消费电子稳健增长，通讯、汽车业务高增长打开第二曲线","10%","20250922"
"111","****","全球电声制造领先企业，掌握优质客户资源","10.01%","20250922"
"111","****","公司深耕传感器领域，形成覆盖温度、PM2.5、光线及座椅位置","9.99%","20250922"
"111","****","全球电声制造领先企业，掌握优质客户资源","10.01%","20250922"
"111","****","Coolinside全链条液冷解决方案，深度受益AI液冷浪","9.99%","20250922"
"111","****","国产AI服务器之光，深度绑定海光信息","10%","20250922"
"111","****","国内冷却塔领军者，有望受益于液冷及氢能红利","10.02%","20250922"
"111","****","国产AI服务器之光，深度绑定海光信息","10%","20250922"
"111","****","全球电声制造领先企业，掌握优质客户资源","10.01%","20250922"
"111","****","消费电子稳健增长，通讯、汽车业务高增长打开第二曲线","10%","20250922"
"111","****","消费电子稳健增长，通讯、汽车业务高增长打开第二曲线","10%","20250922"
"111","****","全球电声制造领先企业，掌握优质客户资源","10.01%","20250922"
"111","****","边缘计算网络+数据感知应用可视双轮驱动","19.99%","20250922"
"111","****","国产AI服务器之光，深度绑定海光信息","10%","20250922"
"111","****","已构建起涵盖“主控芯片设计—固件开发—模组封装—制造测试”的","10%","20250922"
"111","****","公司业务呈现供热和传媒双主业格局，均为运营类现金牛资产","9.97%","20250922"
"111","****","公用事业（燃气、交通、环保）与金融创投齐头并进的投资控股型企","9.98%","20250922"
"111","****","边缘计算网络+数据感知应用可视双轮驱动","19.99%","20250922"
"111","****","计算机信息系统集成、信息技术服务及应用软件开发商","10%","20250922"
"111","****","-","6.02%","20250922"
"111","****","边缘计算网络+数据感知应用可视双轮驱动","19.99%","20250922"
"111","****","计算机信息系统集成、信息技术服务及应用软件开发商","10%","20250922"
"111","****","已构建起涵盖“主控芯片设计—固件开发—模组封装—制造测试”的","10%","20250922"
"111","****","悍高集团股份有限公司（股票代码：001221.SZ）是一家成","10%","20250922"
"111","****","全球第二大独立气体发生器、全球知名的汽车自动变速器生产商拓展","10.08%","20250922"
"111","****","已构建起涵盖“主控芯片设计—固件开发—模组封装—制造测试”的","10%","20250922"
"111","****","消费电子稳健增长，通讯、汽车业务高增长打开第二曲线","10%","20250922"
"111","****","全球电声制造领先企业，掌握优质客户资源","10.01%","20250922"
"111","****","已构建起涵盖“主控芯片设计—固件开发—模组封装—制造测试”的","10%","20250922"
"111","****","边缘计算网络+数据感知应用可视双轮驱动","19.99%","20250922"
"111","****","国产AI服务器之光，深度绑定海光信息","10%","20250922"
"111","****","消费电子稳健增长，通讯、汽车业务高增长打开第二曲线","10%","20250922"
"111","****","国内先进的深冷技术厂商，发挥主业优势布局工业气体，有望成为公","-0.45%","20250922"
"111","****","Coolinside全链条液冷解决方案，深度受益AI液冷浪","9.99%","20250922"
"111","****","全球第二大独立气体发生器、全球知名的汽车自动变速器生产商拓展","10.08%","20250922"
"111","****","国内专业电动工具业少数能够替代进口同类产品的领先的内资品牌","2.32%","20250922"
"111","****","国内冷却塔领军者，有望受益于液冷及氢能红利","10.02%","20250922"
"111","****","国内专业电动工具业少数能够替代进口同类产品的领先的内资品牌","2.32%","20250922"
"111","****","全球第二大独立气体发生器、全球知名的汽车自动变速器生产商拓展","10.08%","20250922"
"111","****","国内冷却塔领军者，有望受益于液冷及氢能红利","10.02%","20250922"
"111","****","全球第二大独立气体发生器、全球知名的汽车自动变速器生产商拓展","10.08%","20250922"
"111","****","国内冷却塔领军者，有望受益于液冷及氢能红利","10.02%","20250922"
"111","****","药物研发生产企业，产品包括利可君片（口服升白化药市场份额A股","-0.06%","20250922"
"111","****","国产AI服务器之光，深度绑定海光信息","-2.37%","20250923"
"111","****","消费电子稳健增长，通讯、汽车业务高增长打开第二曲线","7.79%","20250923"
"111","****","全球电声制造领先企业，掌握优质客户资源","-3.28%","20250923"
"111","****","消费电子稳健增长，通讯、汽车业务高增长打开第二曲线","7.79%","20250923"
"111","****","已构建起涵盖“主控芯片设计—固件开发—模组封装—制造测试”的","10%","20250923"
"111","****","全球第二大独立气体发生器、全球知名的汽车自动变速器生产商拓展","-0.47%","20250923"
"111","****","传统信通龙头企业积极转型拥抱算力时代","10.01%","20250923"
"111","****","公司测试机和分选机在核心性能指标上已达到国内领先、接近国外先","20%","20250923"
"111","****","A股最大的参股上海微电子的企业，产业园区开发与股权投资并行发","10.01%","20250923"
"111","****","已构建起涵盖“主控芯片设计—固件开发—模组封装—制造测试”的","10%","20250923"
"111","****","传统信通龙头企业积极转型拥抱算力时代","10.01%","20250923"
"111","****","2025年9月21日晚公告，公司拟发行股份及支付现金收购兮璞","20%","20250923"
"111","****","公司测试机和分选机在核心性能指标上已达到国内领先、接近国外先","20%","20250923"
"111","****","A股最大的参股上海微电子的企业，产业园区开发与股权投资并行发","10.01%","20250923"
"111","****","国内探针台龙头","20%","20250923"
"111","****","公用事业（燃气、交通、环保）与金融创投齐头并进的投资控股型企","9.98%","20250923"
"111","****","公司业务呈现供热和传媒双主业格局，均为运营类现金牛资产","9.95%","20250923"
"111","****","边缘计算网络+数据感知应用可视双轮驱动","19.99%","20250923"
"111","****","已形成了“电机+电控+氢燃料电池”的完整产业链，市占率全球领","9.97%","20250923"
"111","****","成长向好，盈利平稳","9.99%","20250923"
"111","****","已构建起涵盖“主控芯片设计—固件开发—模组封装—制造测试”的","10%","20250923"
"111","****","公用事业（燃气、交通、环保）与金融创投齐头并进的投资控股型企","9.98%","20250923"
"111","****","公司业务呈现供热和传媒双主业格局，均为运营类现金牛资产","9.95%","20250923"
"111","****","成长向好，盈利平稳","9.99%","20250923"
"111","****","已形成了“电机+电控+氢燃料电池”的完整产业链，市占率全球领","9.97%","20250923"
"111","****","传统信通龙头企业积极转型拥抱算力时代","10.01%","20250923"
"111","****","2025年9月21日晚公告，公司拟发行股份及支付现金收购兮璞","20%","20250923"
"111","****","边缘计算网络+数据感知应用可视双轮驱动","19.99%","20250923"
"111","****","中芯国际是全球第五、中国大陆第一大晶圆代工龙头。全球市占率5","-0.32%","20250923"
"111","****","国产AI服务器之光，深度绑定海光信息","-2.37%","20250923"
"111","****","智算云服务、政府数智化、基建数智化、产业数智化、智慧城市、智","4.14%","20250923"
"111","****","Coolinside全链条液冷解决方案，深度受益AI液冷浪","1%","20250923"
"111","****","已构建起涵盖“主控芯片设计—固件开发—模组封装—制造测试”的","10%","20250923"
"111","****","消费电子稳健增长，通讯、汽车业务高增长打开第二曲线","7.79%","20250923"
"111","****","燃气射钉枪细分领域国内龙头","-4.49%","20250923"
"111","****","公司业务呈现供热和传媒双主业格局，均为运营类现金牛资产","9.95%","20250923"
"111","****","公用事业（燃气、交通、环保）与金融创投齐头并进的投资控股型企","9.98%","20250923"
"111","****","边缘计算网络+数据感知应用可视双轮驱动","19.99%","20250923"
"111","****","计算机信息系统集成、信息技术服务及应用软件开发商","7.41%","20250923"
"111","****","智算云服务、政府数智化、基建数智化、产业数智化、智慧城市、智","4.14%","20250923"
"111","****","-","3.76%","20250923"
"111","****","中芯国际是全球第五、中国大陆第一大晶圆代工龙头。全球市占率5","-0.32%","20250923"
"111","****","国产AI服务器之光，深度绑定海光信息","-2.37%","20250923"
"111","****","智算云服务、政府数智化、基建数智化、产业数智化、智慧城市、智","4.14%","20250923"
"111","****","Coolinside全链条液冷解决方案，深度受益AI液冷浪","1%","20250923"
"111","****","Coolinside全链条液冷解决方案，深度受益AI液冷浪","1%","20250923"
"111","****","Coolinside全链条液冷解决方案，深度受益AI液冷浪","1%","20250923"
"111","****","国内较早烟用接装纸、烟标生产商之一，近年通过控股子公司合肥集","-0.23%","20250923"
"111","****","悍高集团股份有限公司（股票代码：001221.SZ）是一家成","-5.3%","20250923"
"111","****","消费电子稳健增长，通讯、汽车业务高增长打开第二曲线","7.79%","20250923"
"111","****","全球第二大独立气体发生器、全球知名的汽车自动变速器生产商拓展","-0.47%","20250923"
"111","****","已构建起涵盖“主控芯片设计—固件开发—模组封装—制造测试”的","10%","20250923"
"111","****","消费电子稳健增长，通讯、汽车业务高增长打开第二曲线","7.79%","20250923"
"111","****","全球电声制造领先企业，掌握优质客户资源","-3.28%","20250923"
"111","****","国内冷却塔领军者，有望受益于液冷及氢能红利","5.46%","20250923"
"111","****","传统信通龙头企业积极转型拥抱算力时代","10.01%","20250923"
"111","****","Coolinside全链条液冷解决方案，深度受益AI液冷浪","1%","20250923"
"111","****","主营工业自动化设备以及精密零部件制造业务，是裸电芯制作和电芯","-2.25%","20250923"
"111","****","国产AI服务器之光，深度绑定海光信息","-2.37%","20250923"
"111","****","公司业务呈现供热和传媒双主业格局，均为运营类现金牛资产","9.95%","20250923"
"111","****","计算机信息系统集成、信息技术服务及应用软件开发商","7.41%","20250923"
"111","****","公用事业（燃气、交通、环保）与金融创投齐头并进的投资控股型企","9.98%","20250923"
"111","****","边缘计算网络+数据感知应用可视双轮驱动","19.99%","20250923"
"111","****","智算云服务、政府数智化、基建数智化、产业数智化、智慧城市、智","4.14%","20250923"
"111","****","公司深耕传感器领域，形成覆盖温度、PM2.5、光线及座椅位置","-0.26%","20250923"
"111","****","已形成了“电机+电控+氢燃料电池”的完整产业链，市占率全球领","9.97%","20250923"
"111","****","从事电线电缆、高分子材料、汽车充电设备的研发生产。超高压绝缘","0%","20250923"
"111","****","成长向好，盈利平稳","9.99%","20250923"
"111","****","全球第二大独立气体发生器、全球知名的汽车自动变速器生产商拓展","-0.47%","20250923"
"111","****","已构建起涵盖“主控芯片设计—固件开发—模组封装—制造测试”的","10%","20250923"
"111","****","悍高集团股份有限公司（股票代码：001221.SZ）是一家成","-5.3%","20250923"
"111","****","消费电子稳健增长，通讯、汽车业务高增长打开第二曲线","7.79%","20250923"
"111","****","全球电声制造领先企业，掌握优质客户资源","-3.28%","20250923"
"111","****","公司深耕传感器领域，形成覆盖温度、PM2.5、光线及座椅位置","-0.26%","20250923"
"111","****","全球电声制造领先企业，掌握优质客户资源","-3.28%","20250923"
"111","****","Coolinside全链条液冷解决方案，深度受益AI液冷浪","1%","20250923"
"111","****","国产AI服务器之光，深度绑定海光信息","-2.37%","20250923"
"111","****","国内冷却塔领军者，有望受益于液冷及氢能红利","5.46%","20250923"
"111","****","从事电线电缆、高分子材料、汽车充电设备的研发生产。超高压绝缘","0%","20250923"
"111","****","国产AI服务器之光，深度绑定海光信息","-2.37%","20250923"
"111","****","全球电声制造领先企业，掌握优质客户资源","-3.28%","20250923"
"111","****","消费电子稳健增长，通讯、汽车业务高增长打开第二曲线","7.79%","20250923"
"111","****","消费电子稳健增长，通讯、汽车业务高增长打开第二曲线","7.79%","20250923"
"111","****","全球电声制造领先企业，掌握优质客户资源","-3.28%","20250923"
"111","****","智能组装、监测设备供货苹果，苹果占公司营收40%；半导体检测","6.92%","20250923"
"111","****","国产高端处理器龙头，国内为数不多同时具备高端通用处理器（CP","-2.51%","20250923"
"111","****","科创板AI芯片第一股","-3.41%","20250923"
"111","****","边缘计算网络+数据感知应用可视双轮驱动","19.99%","20250923"
"111","****","国产AI服务器之光，深度绑定海光信息","-2.37%","20250923"
"111","****","已构建起涵盖“主控芯片设计—固件开发—模组封装—制造测试”的","10%","20250923"
"111","****","公司业务呈现供热和传媒双主业格局，均为运营类现金牛资产","9.95%","20250923"
"111","****","公用事业（燃气、交通、环保）与金融创投齐头并进的投资控股型企","9.98%","20250923"
"111","****","边缘计算网络+数据感知应用可视双轮驱动","19.99%","20250923"
"111","****","计算机信息系统集成、信息技术服务及应用软件开发商","7.41%","20250923"
"111","****","智算云服务、政府数智化、基建数智化、产业数智化、智慧城市、智","4.14%","20250923"
"111","****","-","3.76%","20250923"
"111","****","边缘计算网络+数据感知应用可视双轮驱动","19.99%","20250923"
"111","****","计算机信息系统集成、信息技术服务及应用软件开发商","7.41%","20250923"
"111","****","已构建起涵盖“主控芯片设计—固件开发—模组封装—制造测试”的","10%","20250923"
"111","****","悍高集团股份有限公司（股票代码：001221.SZ）是一家成","-5.3%","20250923"
"111","****","全球第二大独立气体发生器、全球知名的汽车自动变速器生产商拓展","-0.47%","20250923"
"111","****","已构建起涵盖“主控芯片设计—固件开发—模组封装—制造测试”的","10%","20250923"
"111","****","A股最大的参股上海微电子的企业，产业园区开发与股权投资并行发","10.01%","20250923"
"111","****","消费电子稳健增长，通讯、汽车业务高增长打开第二曲线","7.79%","20250923"
"111","****","全球电声制造领先企业，掌握优质客户资源","-3.28%","20250923"
"111","****","智能组装、监测设备供货苹果，苹果占公司营收40%；半导体检测","6.92%","20250923"
"111","****","公司半导体设备覆盖品类A股第一，电感性等离子体刻蚀ICP设","10%","20250924"
"111","****","国内探针台龙头","12.46%","20250924"
"111","****","全球第二大独立气体发生器、全球知名的汽车自动变速器生产商拓展","-9.91%","20250924"
"111","****","悍高集团股份有限公司（股票代码：001221.SZ）是一家成","9.99%","20250924"
"111","****","半导体硅片市占率第二","9.99%","20250924"
"111","****","集成电路封装测试服务提供商，深度绑定AMD","10%","20250924"
"111","****","2025年9月21日晚公告，公司拟发行股份及支付现金收购兮璞","20.03%","20250924"
"111","****","传统信通龙头企业积极转型拥抱算力时代","0.41%","20250924"
"111","****","公司测试机和分选机在核心性能指标上已达到国内领先、接近国外先","20%","20250924"
"111","****","国内半导体靶材龙头，切入半导体设备零部件领域","20%","20250924"
"111","****","国内唯一实现刻蚀用单晶硅材料量产的国内厂商","20.01%","20250924"
"111","****","从事电线电缆、高分子材料、汽车充电设备的研发生产。超高压绝缘","-9.24%","20250924"
"111","****","智算云服务、政府数智化、基建数智化、产业数智化、智慧城市、智","0.91%","20250924"
"111","****","Coolinside全链条液冷解决方案，深度受益AI液冷浪","-4.46%","20250924"
"111","****","国产AI服务器之光，深度绑定海光信息","2.46%","20250924"
"111","****","智能组装、监测设备供货苹果，苹果占公司营收40%；半导体检测","5.56%","20250924"
"111","****","主营电子元器件产品分销，拥有拥有SK海力士、联发科及","1.98%","20250924"
"111","****","国内领先的IC载板、半导体测试板供应商","-1.33%","20250924"
"111","****","公司业务呈现供热和传媒双主业格局，均为运营类现金牛资产","9.97%","20250924"
"111","****","2025年9月21日晚公告，公司拟发行股份及支付现金收购兮璞","20.03%","20250924"
"111","****","半导体硅片市占率第二","9.99%","20250924"
"111","****","A股最大的参股上海微电子的企业，产业园区开发与股权投资并行发","10.01%","20250924"
"111","****","公司测试机和分选机在核心性能指标上已达到国内领先、接近国外先","20%","20250924"
"111","****","集成电路封装测试服务提供商，深度绑定AMD","10%","20250924"
"111","****","国内唯一实现刻蚀用单晶硅材料量产的国内厂商","20.01%","20250924"
"111","****","国内半导体靶材龙头，切入半导体设备零部件领域","20%","20250924"
"111","****","公司半导体设备覆盖品类A股第一，电感性等离子体刻蚀ICP设","10%","20250924"
"111","****","置入半导体引线框架的研发、设计、生产与销售业务，并置出原有的","10%","20250924"
"111","****","公司业务呈现供热和传媒双主业格局，均为运营类现金牛资产","9.97%","20250924"
"111","****","2025年9月21日晚公告，公司拟发行股份及支付现金收购兮璞","20.03%","20250924"
"111","****","半导体硅片市占率第二","9.99%","20250924"
"111","****","A股最大的参股上海微电子的企业，产业园区开发与股权投资并行发","10.01%","20250924"
"111","****","公司测试机和分选机在核心性能指标上已达到国内领先、接近国外先","20%","20250924"
"111","****","以军工业务为主，在国防光电测控领域领先地位。大股东长春光机所","3.63%","20250924"
"111","****","公司深耕传感器领域，形成覆盖温度、PM2.5、光线及座椅位置","-1.45%","20250924"
"111","****","智算云服务、政府数智化、基建数智化、产业数智化、智慧城市、智","0.91%","20250924"
"111","****","Coolinside全链条液冷解决方案，深度受益AI液冷浪","-4.46%","20250924"
"111","****","国产AI服务器之光，深度绑定海光信息","2.46%","20250924"
"111","****","A股最大的参股上海微电子的企业，产业园区开发与股权投资并行发","10.01%","20250924"
"111","****","离子注入设备国产领军者，公司多元化，切入铋产业","5.58%","20250924"
"111","****","A股最大的参股上海微电子的企业，产业园区开发与股权投资并行发","10.01%","20250924"
"111","****","公司半导体设备覆盖品类A股第一，电感性等离子体刻蚀ICP设","10%","20250924"
"111","****","光伏ALD设备龙头企业，半导体ALD设备关键指标已实现对国际","15.54%","20250924"
"111","****","国内唯一实现刻蚀用单晶硅材料量产的国内厂商","20.01%","20250924"
"111","****","A股最大的参股上海微电子的企业，产业园区开发与股权投资并行发","10.01%","20250924"
"111","****","以军工业务为主，在国防光电测控领域领先地位。大股东长春光机所","3.63%","20250924"
"111","****","智能组装、监测设备供货苹果，苹果占公司营收40%；半导体检测","5.56%","20250924"
"111","****","半导体清洗设备全球第四，市占率8%，半导体电镀设备全球第三，","14.81%","20250924"
"111","****","离子注入设备国产领军者，公司多元化，切入铋产业","5.58%","20250924"
"111","****","公司测试机和分选机在核心性能指标上已达到国内领先、接近国外先","20%","20250924"
"111","****","半导体测试系统国际领先，模拟芯片行业市占率高，8600数字测","5.44%","20250924"
"111","****","国内探针台龙头","12.46%","20250924"
"111","****","半导体测试分选机市占率全球第七","4.71%","20250924"
"111","****","公司半导体设备覆盖品类A股第一，电感性等离子体刻蚀ICP设","10%","20250924"
"111","****","国内唯一实现刻蚀用单晶硅材料量产的国内厂商","20.01%","20250924"
"111","****","集成电路封装测试服务提供商，深度绑定AMD","10%","20250924"
"111","****","半导体硅片市占率第二","9.99%","20250924"
"111","****","国内唯一实现刻蚀用单晶硅材料量产的国内厂商","20.01%","20250924"
"111","****","公司业务呈现供热和传媒双主业格局，均为运营类现金牛资产","9.97%","20250924"
"111","****","公用事业（燃气、交通、环保）与金融创投齐头并进的投资控股型企","4.79%","20250924"
"111","****","边缘计算网络+数据感知应用可视双轮驱动","1.75%","20250924"
"111","****","计算机信息系统集成、信息技术服务及应用软件开发商","-6.08%","20250924"
"111","****","智算云服务、政府数智化、基建数智化、产业数智化、智慧城市、智","0.91%","20250924"
"111","****","-","-3.68%","20250924"
"111","****","边缘计算网络+数据感知应用可视双轮驱动","1.75%","20250924"
"111","****","国内领先的IC载板、半导体测试板供应商","-1.33%","20250924"
"111","****","通信PCB全球市占率第二，3.1%。主营印制电路板、封装基板","-3.81%","20250924"
"111","****","公司在NORFlash领域全球市占率第二，达23%。","2.95%","20250924"
"111","****","佰维存储eMMC及UFS嵌入式存储产品全球第八、国内第二","6.51%","20250924"
"111","****","已构建起涵盖“主控芯片设计—固件开发—模组封装—制造测试”的","6.67%","20250924"
"111","****","中国大陆领先的存储芯片设计公司，中小型NOR、NAND闪存市","-1.65%","20250924"
"111","****","NORFLASH市占率A股第三，全球市占率2.7%。公司是","3.05%","20250924"
"111","****","主营电子元器件产品分销，拥有拥有SK海力士、联发科及","1.98%","20250924"
"111","****","集成电路封装测试服务提供商，深度绑定AMD","10%","20250924"
"111","****","中芯国际是全球第五、中国大陆第一大晶圆代工龙头。全球市占率5","5.03%","20250924"
"111","****","通信PCB全球市占率第二，3.1%。主营印制电路板、封装基板","-3.81%","20250924"
"111","****","国产AI服务器之光，深度绑定海光信息","2.46%","20250924"
"111","****","消费电子稳健增长，通讯、汽车业务高增长打开第二曲线","6.85%","20250924"
"111","****","全球电声制造领先企业，掌握优质客户资源","1.23%","20250924"
"111","****","佰维存储eMMC及UFS嵌入式存储产品全球第八、国内第二","6.51%","20250924"
"111","****","消费电子稳健增长，通讯、汽车业务高增长打开第二曲线","6.85%","20250924"
"111","****","已构建起涵盖“主控芯片设计—固件开发—模组封装—制造测试”的","6.67%","20250924"
"111","****","全球第二大独立气体发生器、全球知名的汽车自动变速器生产商拓展","-9.91%","20250924"
"111","****","传统信通龙头企业积极转型拥抱算力时代","0.41%","20250924"
"111","****","公司测试机和分选机在核心性能指标上已达到国内领先、接近国外先","20%","20250924"
"111","****","A股最大的参股上海微电子的企业，产业园区开发与股权投资并行发","10.01%","20250924"
"111","****","半导体硅片市占率第二","9.99%","20250924"
"111","****","国内唯一实现刻蚀用单晶硅材料量产的国内厂商","20.01%","20250924"
"111","****","已构建起涵盖“主控芯片设计—固件开发—模组封装—制造测试”的","6.67%","20250924"
"111","****","传统信通龙头企业积极转型拥抱算力时代","0.41%","20250924"
"111","****","2025年9月21日晚公告，公司拟发行股份及支付现金收购兮璞","20.03%","20250924"
"111","****","公司测试机和分选机在核心性能指标上已达到国内领先、接近国外先","20%","20250924"
"111","****","半导体硅片市占率第二","9.99%","20250924"
"111","****","A股最大的参股上海微电子的企业，产业园区开发与股权投资并行发","10.01%","20250924"
"111","****","国内探针台龙头","12.46%","20250924"
"111","****","公用事业（燃气、交通、环保）与金融创投齐头并进的投资控股型企","4.79%","20250924"
"111","****","公司业务呈现供热和传媒双主业格局，均为运营类现金牛资产","9.97%","20250924"
"111","****","边缘计算网络+数据感知应用可视双轮驱动","1.75%","20250924"
"111","****","已形成了“电机+电控+氢燃料电池”的完整产业链，市占率全球领","-1.54%","20250924"
"111","****","成长向好，盈利平稳","-6.07%","20250924"
"111","****","已构建起涵盖“主控芯片设计—固件开发—模组封装—制造测试”的","6.67%","20250924"
"111","****","公用事业（燃气、交通、环保）与金融创投齐头并进的投资控股型企","4.79%","20250924"
"111","****","公司业务呈现供热和传媒双主业格局，均为运营类现金牛资产","9.97%","20250924"
"111","****","成长向好，盈利平稳","-6.07%","20250924"
"111","****","已形成了“电机+电控+氢燃料电池”的完整产业链，市占率全球领","-1.54%","20250924"
"111","****","传统信通龙头企业积极转型拥抱算力时代","0.41%","20250924"
"111","****","2025年9月21日晚公告，公司拟发行股份及支付现金收购兮璞","20.03%","20250924"
"111","****","边缘计算网络+数据感知应用可视双轮驱动","1.75%","20250924"
"111","****","中芯国际是全球第五、中国大陆第一大晶圆代工龙头。全球市占率5","5.03%","20250924"
"111","****","国产AI服务器之光，深度绑定海光信息","2.46%","20250924"
"111","****","智算云服务、政府数智化、基建数智化、产业数智化、智慧城市、智","0.91%","20250924"
"111","****","Coolinside全链条液冷解决方案，深度受益AI液冷浪","-4.46%","20250924"
"111","****","国内领先的IC载板、半导体测试板供应商","-1.33%","20250924"
"111","****","通信PCB全球市占率第二，3.1%。主营印制电路板、封装基板","-3.81%","20250924"
"111","****","公司在NORFlash领域全球市占率第二，达23%。","2.95%","20250924"
"111","****","佰维存储eMMC及UFS嵌入式存储产品全球第八、国内第二","6.51%","20250924"
"111","****","已构建起涵盖“主控芯片设计—固件开发—模组封装—制造测试”的","6.67%","20250924"
"111","****","中国大陆领先的存储芯片设计公司，中小型NOR、NAND闪存市","-1.65%","20250924"
"111","****","NORFLASH市占率A股第三，全球市占率2.7%。公司是","3.05%","20250924"
"111","****","主营电子元器件产品分销，拥有拥有SK海力士、联发科及","1.98%","20250924"
"111","****","集成电路封装测试服务提供商，深度绑定AMD","10%","20250924"
"111","****","消费电子稳健增长，通讯、汽车业务高增长打开第二曲线","6.85%","20250924"
"111","****","半导体硅片市占率第二","9.99%","20250924"
"111","****","国内唯一实现刻蚀用单晶硅材料量产的国内厂商","20.01%","20250924"
"111","****","燃气射钉枪细分领域国内龙头","-0.1%","20250924"
"111","****","公司业务呈现供热和传媒双主业格局，均为运营类现金牛资产","9.97%","20250924"
"111","****","公用事业（燃气、交通、环保）与金融创投齐头并进的投资控股型企","4.79%","20250924"
"111","****","边缘计算网络+数据感知应用可视双轮驱动","1.75%","20250924"
"111","****","计算机信息系统集成、信息技术服务及应用软件开发商","-6.08%","20250924"
"111","****","智算云服务、政府数智化、基建数智化、产业数智化、智慧城市、智","0.91%","20250924"
"111","****","-","-3.68%","20250924"
"111","****","中芯国际是全球第五、中国大陆第一大晶圆代工龙头。全球市占率5","5.03%","20250924"
"111","****","国产AI服务器之光，深度绑定海光信息","2.46%","20250924"
"111","****","智算云服务、政府数智化、基建数智化、产业数智化、智慧城市、智","0.91%","20250924"
"111","****","Coolinside全链条液冷解决方案，深度受益AI液冷浪","-4.46%","20250924"
"111","****","通信PCB全球市占率第二，3.1%。主营印制电路板、封装基板","-3.81%","20250924"
"111","****","Coolinside全链条液冷解决方案，深度受益AI液冷浪","-4.46%","20250924"
"111","****","Coolinside全链条液冷解决方案，深度受益AI液冷浪","-4.46%","20250924"
"111","****","国内较早烟用接装纸、烟标生产商之一，近年通过控股子公司合肥集","2.95%","20250924"
"111","****","悍高集团股份有限公司（股票代码：001221.SZ）是一家成","9.99%","20250924"
"111","****","消费电子稳健增长，通讯、汽车业务高增长打开第二曲线","6.85%","20250924"
"111","****","全球第二大独立气体发生器、全球知名的汽车自动变速器生产商拓展","-9.91%","20250924"
"111","****","已构建起涵盖“主控芯片设计—固件开发—模组封装—制造测试”的","6.67%","20250924"
"111","****","消费电子稳健增长，通讯、汽车业务高增长打开第二曲线","6.85%","20250924"
"111","****","全球电声制造领先企业，掌握优质客户资源","1.23%","20250924"
"111","****","国内冷却塔领军者，有望受益于液冷及氢能红利","-5.73%","20250924"
"111","****","传统信通龙头企业积极转型拥抱算力时代","0.41%","20250924"
"111","****","Coolinside全链条液冷解决方案，深度受益AI液冷浪","-4.46%","20250924"
"111","****","主营工业自动化设备以及精密零部件制造业务，是裸电芯制作和电芯","1.33%","20250924"
"111","****","国产AI服务器之光，深度绑定海光信息","2.46%","20250924"
"111","****","公司业务呈现供热和传媒双主业格局，均为运营类现金牛资产","9.97%","20250924"
"111","****","计算机信息系统集成、信息技术服务及应用软件开发商","-6.08%","20250924"
"111","****","公用事业（燃气、交通、环保）与金融创投齐头并进的投资控股型企","4.79%","20250924"
"111","****","边缘计算网络+数据感知应用可视双轮驱动","1.75%","20250924"
"111","****","智算云服务、政府数智化、基建数智化、产业数智化、智慧城市、智","0.91%","20250924"
"111","****","公司深耕传感器领域，形成覆盖温度、PM2.5、光线及座椅位置","-1.45%","20250924"
"111","****","已形成了“电机+电控+氢燃料电池”的完整产业链，市占率全球领","-1.54%","20250924"
"111","****","从事电线电缆、高分子材料、汽车充电设备的研发生产。超高压绝缘","-9.24%","20250924"
"111","****","成长向好，盈利平稳","-6.07%","20250924"
"111","****","全球第二大独立气体发生器、全球知名的汽车自动变速器生产商拓展","-9.91%","20250924"
"111","****","已构建起涵盖“主控芯片设计—固件开发—模组封装—制造测试”的","6.67%","20250924"
"111","****","悍高集团股份有限公司（股票代码：001221.SZ）是一家成","9.99%","20250924"
"111","****","主营电子元器件产品分销，拥有拥有SK海力士、联发科及","1.98%","20250924"
"111","****","集成电路封装测试服务提供商，深度绑定AMD","10%","20250924"
"111","****","通信PCB全球市占率第二，3.1%。主营印制电路板、封装基板","-3.81%","20250924"
"111","****","公司发货量有望达到40-50GWh","-1.46%","20250926"
"111","****","公司在NORFlash领域全球市占率第二，达23%。","-3.65%","20250926"
"111","****","中国大陆领先的存储芯片设计公司，中小型NOR、NAND闪存市","-4.48%","20250926"
"111","****","和而泰、拓邦股份在智能控制器领域形成双龙头格局。参股摩尔线程","-8.4%","20250926"
"111","****","公用事业（燃气、交通、环保）与金融创投齐头并进的投资控股型企","-9.97%","20250926"
"111","****","智算云服务、政府数智化、基建数智化、产业数智化、智慧城市、智","-7.28%","20250926"
"111","****","UPS亚太地区市占率第三，12%；深度布局数据中心UPS、H","-3.77%","20250926"
"111","****","胜宏科技在AIPCB市场已是全球领军","-4.68%","20250926"
"111","****","4个自建自营的数据中心，运营机柜按标准机柜折算超过57","-5.54%","20250926"
"111","****","公司万向节全球规模领先，传动轴国内规模前三，国内配套市场占有","9.97%","20250926"
"111","****","国内汽车动力传动系统总成和零部件骨干企业，公司投资参股无锡泉","10%","20250926"
"111","****","家用屏蔽泵国内龙头，拓展数据中心液冷泵业务","-10%","20250926"
"111","****","HVDC电源领先，HVDC有望逐渐取代UPS","-9.98%","20250926"
"111","****","合肥国资委旗下的晶圆代工商，12英寸晶圆代工产能中国大陆第三","16.63%","20250926"
"111","****","公司万向节全球规模领先，传动轴国内规模前三，国内配套市场占有","9.97%","20250926"
"111","****","国内汽车动力传动系统总成和零部件骨干企业，公司投资参股无锡泉","10%","20250926"
"111","****","成长向好，盈利平稳","10%","20250926"
"111","****","洁净室工程行业技术领先龙头，市占率排名第四，6%","10.01%","20250926"
"111","****","2023年海上风电新增装机第一，占比40.9%","9.99%","20250926"
"111","****","化工工程建设领域龙头企业","10.04%","20250926"
"111","****","上海电气核岛主设备国内综合市场占有率持续居于行业第一，生产世","-3.28%","20250926"
"111","****","化工工程建设领域龙头企业","10.04%","20250926"
"111","****","佰维存储eMMC及UFS嵌入式存储产品全球第八、国内第二","-0.42%","20250926"
"111","****","公司在NORFlash领域全球市占率第二，达23%。","-3.65%","20250926"
"111","****","NORFLASH市占率A股第三，全球市占率2.7%。公司是","-3.15%","20250926"
"111","****","主营电子元器件产品分销，拥有拥有SK海力士、联发科及","-3.39%","20250926"
"111","****","半导体硅片市占率第二","-9.99%","20250926"
"111","****","国内唯一实现刻蚀用单晶硅材料量产的国内厂商","-2.64%","20250926"
"111","****","中芯国际是全球第五、中国大陆第一大晶圆代工龙头。全球市占率5","-1.37%","20250926"
"111","****","合肥国资委旗下的晶圆代工商，12英寸晶圆代工产能中国大陆第三","16.63%","20250926"
"111","****","集成电路封装测试服务提供商，深度绑定AMD","-2.81%","20250926"
"111","****","从事电线电缆、高分子材料、汽车充电设备的研发生产。超高压绝缘","-2.7%","20250926"
"111","****","2025年出海销量持续超预期","-0.2%","20250926"
"111","****","2023年海上风电新增装机第一，占比40.9%","9.99%","20250926"
"111","****","国内较早实现规模化生产差别化有色涤纶长丝的企业之一","0.34%","20250926"
"111","****","国内领先的IC载板、半导体测试板供应商","-1.46%","20250926"
"111","****","通信PCB全球市占率第二，3.1%。主营印制电路板、封装基板","-0.94%","20250926"
"111","****","公司在NORFlash领域全球市占率第二，达23%。","-3.65%","20250926"
"111","****","佰维存储eMMC及UFS嵌入式存储产品全球第八、国内第二","-0.42%","20250926"
"111","****","中国大陆领先的存储芯片设计公司，中小型NOR、NAND闪存市","-4.48%","20250926"
"111","****","NORFLASH市占率A股第三，全球市占率2.7%。公司是","-3.15%","20250926"
"111","****","主营电子元器件产品分销，拥有拥有SK海力士、联发科及","-3.39%","20250926"
"111","****","集成电路封装测试服务提供商，深度绑定AMD","-2.81%","20250926"
"111","****","全球激光打印市场份额第四，业务包含集成电路设计及应用业务","-3.92%","20250926"
"111","****","福布斯全球金属矿业企业第五位、全球黄金企业第一位，铜、金业务","0.48%","20250926"
"111","****","国内领先的软件与信息技术服务商，华为鸿蒙核心合作伙伴","-4.5%","20250926"
"111","****","金融机具龙头地位稳固，金融信创+出海战略同步推进","-2.34%","20250926"
"111","****","智慧防务、智慧税务、智慧城市领域整体解决方案的主流服务商","-7.7%","20250926"
"111","****","福布斯全球金属矿业企业第五位、全球黄金企业第一位，铜、金业务","0.48%","20250926"
"111","****","全球最大的制冷控制元器件和全球领先的汽车空调及热管理系统控制","-2.11%","20250926"
"111","****","人工智能应用领先企业，深度布局AI大模型、AI搜索、AI短剧","-7.48%","20250926"
"111","****","服务器出货量全球第二，存储装机容量全球第三，人工智能服务器销","-5.34%","20250926"
"111","****","上海电气核岛主设备国内综合市场占有率持续居于行业第一，生产世","-3.28%","20250926"
"111","****","武汉国资委旗下，激光产业的知名高科技公司，光模块业务全球第八","-5.61%","20250926"
"111","****","公司电子废物回收市占率第三，无人驾驶清扫车咸宁投入使用","10.09%","20250926"
"111","****","半导体硅片市占率第二","-9.99%","20250926"
"111","****","服务器出货量全球第二，存储装机容量全球第三，人工智能服务器销","-5.34%","20250926"
"111","****","武汉国资委旗下，激光产业的知名高科技公司，光模块业务全球第八","-5.61%","20250926"
"111","****","全球率先开发800G/1.6T光模块的厂商之一，宽带解决方案","6.55%","20250926"
"111","****","上海电气核岛主设备国内综合市场占有率持续居于行业第一，生产世","-3.28%","20250926"
"111","****","全球激光打印市场份额第四，业务包含集成电路设计及应用业务","-3.92%","20250926"
"111","****","福布斯全球金属矿业企业第五位、全球黄金企业第一位，铜、金业务","0.48%","20250926"
"111","****","半导体硅片市占率第二","-9.99%","20250926"
"111","****","武汉国资委旗下，激光产业的知名高科技公司，光模块业务全球第八","-5.61%","20250926"
"111","****","主营建筑业务，实控人控股华鲲振宇有注入预期","-2.25%","20250926"
"111","****","全球唯一集“光通信系统、光纤光缆、光电子器件”光通信三大战略","-3.4%","20250926"
"111","****","神州鲲泰服务器为鲲鹏领先级合作伙伴昇腾优选级合作伙伴","-4.27%","20250926"
"111","****","A股唯一华为“鲲鹏/昇腾AI+开源鸿蒙”软硬一体战略合作伙","-5.47%","20250926"
"111","****","国内领先的软件与信息技术服务商，华为鸿蒙核心合作伙伴","-4.5%","20250926"
"111","****","国内综合规模TOP3的第三方数据中心运营商","-2.63%","20250926"
"111","****","UPS亚太地区市占率第三，12%；深度布局数据中心UPS、H","-3.77%","20250926"
"111","****","国内领先的软件与信息技术服务商，华为鸿蒙核心合作伙伴","-4.5%","20250926"
"111","****","智算云服务、政府数智化、基建数智化、产业数智化、智慧城市、智","-7.28%","20250926"
"111","****","领先的算力基础设施全产业链综合服务商，为腾讯、阿里、金山云等","-3.94%","20250926"
"111","****","神州鲲泰服务器为鲲鹏领先级合作伙伴昇腾优选级合作伙伴","-4.27%","20250926"
"111","****","服务器出货量全球第二，存储装机容量全球第三，人工智能服务器销","-5.34%","20250926"
"111","****","金融机具龙头地位稳固，金融信创+出海战略同步推进","-2.34%","20250926"
"111","****","交换机、无线产品、云桌面等多个领域市场排名靠前","-5.6%","20250926"
"111","****","公司深耕数通、网通、汽车电子及EMS等产品线，相关产品出","-5.47%","20250926"
"111","****","武汉国资委旗下，激光产业的知名高科技公司，光模块业务全球第八","-5.61%","20250926"
"111","****","1.6T上量将进一步提升盈利，光模块全球最佳交付者地位不变","-4.81%","20250926"
"111","****","公司连续十八年入选“中国光器件与辅助设备及原材料最具竞争力企","-5.53%","20250926"
"111","****","锂离子电池及系统、铅蓄电池及系统、氢能关键设备及锂、铅资源再","0.25%","20250926"
"111","****","HVDC电源领先，HVDC有望逐渐取代UPS","-9.98%","20250926"
"111","****","国产高功率服务器电源龙头企业","-7.21%","20250926"
"111","****","英伟达伟大唯一中国大陆电源供货商","-7.85%","20250926"
"111","****","数据中心柴油发电机组市占率全球第六，7%；内河航运中速柴油机","-4.96%","20250926"
"111","****","数据中心用柴油发电机组市占率国内第三，15%","-6.6%","20250926"
"111","****","先后落地“中国移动扬州智算中心项目”与“中国电信江北仪征智算","-3.58%","20250926"
"111","****","上海电气核岛主设备国内综合市场占有率持续居于行业第一，生产世","-3.28%","20250926"
"111","****","A股最大的参股上海微电子的企业，产业园区开发与股权投资并行发","-0.1%","20250926"
"111","****","从事电线电缆、高分子材料、汽车充电设备的研发生产。超高压绝缘","-2.7%","20250926"
"111","****","福布斯全球金属矿业企业第五位、全球黄金企业第一位，铜、金业务","0.48%","20250926"
"111","****","消费电子电池、动力电池、储能电池头部企业","-4.93%","20250926"
"111","****","2021-2024年连续4年储能电池出货量排名全球第一，全","-3.17%","20250926"
"111","****","锂离子电池及系统、铅蓄电池及系统、氢能关键设备及锂、铅资源再","0.25%","20250926"
"111","****","主营建筑业务，实控人控股华鲲振宇有注入预期","-2.25%","20250926"
"111","****","全球唯一集“光通信系统、光纤光缆、光电子器件”光通信三大战略","-3.4%","20250926"
"111","****","神州鲲泰服务器为鲲鹏领先级合作伙伴昇腾优选级合作伙伴","-4.27%","20250926"
"111","****","A股唯一华为“鲲鹏/昇腾AI+开源鸿蒙”软硬一体战略合作伙","-5.47%","20250926"
"111","****","国内领先的软件与信息技术服务商，华为鸿蒙核心合作伙伴","-4.5%","20250926"
"111","****","金融机具龙头地位稳固，金融信创+出海战略同步推进","-2.34%","20250926"
"111","****","服务器出货量全球第二，存储装机容量全球第三，人工智能服务器销","-5.34%","20250926"
"111","****","以太网交换机市场份额31.1%、服务器市场份额12.6%","-5.01%","20250926"
"111","****","全球A1服务器代工市占率第一，35%-40%。全球唯一具备","-5.24%","20250926"
"111","****","中兴通讯在电信市场服务器份额第一，公司拥有全系列服务器产品","-2.9%","20250926"
"111","****","佰维存储eMMC及UFS嵌入式存储产品全球第八、国内第二","-0.42%","20250926"
"111","****","公司在NORFlash领域全球市占率第二，达23%。","-3.65%","20250926"
"111","****","NORFLASH市占率A股第三，全球市占率2.7%。公司是","-3.15%","20250926"
"111","****","主营电子元器件产品分销，拥有拥有SK海力士、联发科及","-3.39%","20250926"
"111","****","半导体硅片市占率第二","-9.99%","20250926"
"111","****","国内唯一实现刻蚀用单晶硅材料量产的国内厂商","-2.64%","20250926"
"111","****","中芯国际是全球第五、中国大陆第一大晶圆代工龙头。全球市占率5","-1.37%","20250926"
"111","****","合肥国资委旗下的晶圆代工商，12英寸晶圆代工产能中国大陆第三","16.63%","20250926"
"111","****","集成电路封装测试服务提供商，深度绑定AMD","-2.81%","20250926"
"111","****","热管理龙头企业，液冷打造第二成长曲线","-6.44%","20250926"
"111","****","边缘计算、边缘算力调度龙头企业","-3.91%","20250926"
"111","****","工业特种空调领域龙头，深度布局数据中心液冷业务","-6.87%","20250926"
"111","****","主营高速通讯连接器及汽车连接器，已成为连接器模组行业龙头企业","-5.21%","20250926"
"111","****","英伟达液冷测试设备供货商；专业视音频显控技术方案提供商，自研","-2.85%","20250926"
"111","****","高分子材料、热管理系统领先企业，收购东莞兆科布局热界面材料","-7.87%","20250926"
"111","****","UPS亚太地区市占率第三，12%；深度布局数据中心UPS、H","-3.77%","20250926"
"111","****","家用屏蔽泵国内龙头，拓展数据中心液冷泵业务","-10%","20250926"
"111","****","数字基础设施全生命周期绿色解决方案服务商","-6.01%","20250926"
"111","****","神州鲲泰服务器为鲲鹏领先级合作伙伴昇腾优选级合作伙伴","-4.27%","20250926"
"111","****","国内领先的软件与信息技术服务商，华为鸿蒙核心合作伙伴","-4.5%","20250926"
"111","****","全球A1服务器代工市占率第一，35%-40%。全球唯一具备","-5.24%","20250926"
"111","****","1.6T上量将进一步提升盈利，光模块全球最佳交付者地位不变","-4.81%","20250926"
"111","****","铅酸锂电龙头企业，深度受益AI浪潮数据中心业务","-3.2%","20250926"
"111","****","边缘计算、边缘算力调度龙头企业","-3.91%","20250926"
"111","****","国内综合规模TOP3的第三方数据中心运营商","-2.63%","20250926"
"111","****","4个自建自营的数据中心，运营机柜按标准机柜折算超过57","-5.54%","20250926"
"111","****","A股唯一华为“鲲鹏/昇腾AI+开源鸿蒙”软硬一体战略合作伙","-5.47%","20250926"
"111","****","人工智能应用领先企业，深度布局AI大模型、AI搜索、AI短剧","-7.48%","20250926"
"111","****","1.6T上量将进一步提升盈利，光模块全球最佳交付者地位不变","-4.81%","20250926"
"111","****","新型镀锡铜带全球市场占有率排名前十，国内市场占有率排名第一","-3.9%","20250926"
"111","****","高速通信线深度受益英伟达高速铜缆放量","-4.97%","20250926"
"111","****","主营高速通讯连接器及汽车连接器，已成为连接器模组行业龙头企业","-5.21%","20250926"
"111","****","公司高速传输电缆单通道最高传输速率224Gb/s","-5.76%","20250926"
"111","****","中国第一家同时主导制定线缆及连接器国际标准的民营企业","-6.19%","20250926"
"111","****","国产连接器龙头，产品矩阵丰富+产能布局全面","-7.44%","20250926"
"111","****","800G、1.6T模块加速释放","-0.53%","20250926"
"111","****","全球前十大厂商占据光纤光缆市场88.2%的市场份额，其中长飞","-4.7%","20250926"
"111","****","人工智能应用领先企业，深度布局AI大模型、AI搜索、AI短剧","-7.48%","20250926"
"111","****","鼎芯光电建成国内稀缺的IDM激光器芯片工厂，100GEM","-3.28%","20250926"
"111","****","上海电气核岛主设备国内综合市场占有率持续居于行业第一，生产世","-3.28%","20250926"
"111","****","福布斯全球金属矿业企业第五位、全球黄金企业第一位，铜、金业务","0.48%","20250926"
"111","****","国内综合规模TOP3的第三方数据中心运营商","-2.63%","20250926"
"111","****","UPS亚太地区市占率第三，12%；深度布局数据中心UPS、H","-3.77%","20250926"
"111","****","国内领先的软件与信息技术服务商，华为鸿蒙核心合作伙伴","-4.5%","20250926"
"111","****","智算云服务、政府数智化、基建数智化、产业数智化、智慧城市、智","-7.28%","20250926"
"111","****","领先的算力基础设施全产业链综合服务商，为腾讯、阿里、金山云等","-3.94%","20250926"
"111","****","神州鲲泰服务器为鲲鹏领先级合作伙伴昇腾优选级合作伙伴","-4.27%","20250926"
"111","****","服务器出货量全球第二，存储装机容量全球第三，人工智能服务器销","-5.34%","20250926"
"111","****","金融机具龙头地位稳固，金融信创+出海战略同步推进","-2.34%","20250926"
"111","****","交换机、无线产品、云桌面等多个领域市场排名靠前","-5.6%","20250926"
"111","****","公司深耕数通、网通、汽车电子及EMS等产品线，相关产品出","-5.47%","20250926"
"111","****","武汉国资委旗下，激光产业的知名高科技公司，光模块业务全球第八","-5.61%","20250926"
"111","****","1.6T上量将进一步提升盈利，光模块全球最佳交付者地位不变","-4.81%","20250926"
"111","****","公司连续十八年入选“中国光器件与辅助设备及原材料最具竞争力企","-5.53%","20250926"
"111","****","锂离子电池及系统、铅蓄电池及系统、氢能关键设备及锂、铅资源再","0.25%","20250926"
"111","****","HVDC电源领先，HVDC有望逐渐取代UPS","-9.98%","20250926"
"111","****","国产高功率服务器电源龙头企业","-7.21%","20250926"
"111","****","英伟达伟大唯一中国大陆电源供货商","-7.85%","20250926"
"111","****","数据中心柴油发电机组市占率全球第六，7%；内河航运中速柴油机","-4.96%","20250926"
"111","****","数据中心用柴油发电机组市占率国内第三，15%","-6.6%","20250926"
"111","****","先后落地“中国移动扬州智算中心项目”与“中国电信江北仪征智算","-3.58%","20250926"
"111","****","中国建材旗下上市公司，宁夏地区水泥、商品混凝土龙头企业。华鲲","0.15%","20250926"
"111","****","公司半导体设备覆盖品类A股第一，电感性等离子体刻蚀ICP设","-0.19%","20250926"
"111","****","国内探针台龙头","-6.22%","20250926"
"111","****","半导体硅片市占率第二","-9.99%","20250926"
"111","****","集成电路封装测试服务提供商，深度绑定AMD","-2.81%","20250926"
"111","****","2025年9月21日晚公告，公司拟发行股份及支付现金收购兮璞","-13%","20250926"
"111","****","公司测试机和分选机在核心性能指标上已达到国内领先、接近国外先","1.07%","20250926"
"111","****","国内半导体靶材龙头，切入半导体设备零部件领域","4.94%","20250926"
"111","****","国内唯一实现刻蚀用单晶硅材料量产的国内厂商","-2.64%","20250926"
"111","****","和而泰、拓邦股份在智能控制器领域形成双龙头格局。参股摩尔线程","-8.4%","20250926"
"111","****","从事电线电缆、高分子材料、汽车充电设备的研发生产。超高压绝缘","-2.7%","20250926"
"111","****","国内综合规模TOP3的第三方数据中心运营商","-2.63%","20250926"
"111","****","UPS亚太地区市占率第三，12%；深度布局数据中心UPS、H","-3.77%","20250926"
"111","****","国内领先的软件与信息技术服务商，华为鸿蒙核心合作伙伴","-4.5%","20250926"
"111","****","智算云服务、政府数智化、基建数智化、产业数智化、智慧城市、智","-7.28%","20250926"
"111","****","领先的算力基础设施全产业链综合服务商，为腾讯、阿里、金山云等","-3.94%","20250926"
"111","****","神州鲲泰服务器为鲲鹏领先级合作伙伴昇腾优选级合作伙伴","-4.27%","20250926"
"111","****","服务器出货量全球第二，存储装机容量全球第三，人工智能服务器销","-5.34%","20250926"
"111","****","金融机具龙头地位稳固，金融信创+出海战略同步推进","-2.34%","20250926"
"111","****","交换机、无线产品、云桌面等多个领域市场排名靠前","-5.6%","20250926"
"111","****","公司深耕数通、网通、汽车电子及EMS等产品线，相关产品出","-5.47%","20250926"
"111","****","武汉国资委旗下，激光产业的知名高科技公司，光模块业务全球第八","-5.61%","20250926"
"111","****","1.6T上量将进一步提升盈利，光模块全球最佳交付者地位不变","-4.81%","20250926"
"111","****","公司连续十八年入选“中国光器件与辅助设备及原材料最具竞争力企","-5.53%","20250926"
"111","****","锂离子电池及系统、铅蓄电池及系统、氢能关键设备及锂、铅资源再","0.25%","20250926"
"111","****","HVDC电源领先，HVDC有望逐渐取代UPS","-9.98%","20250926"
"111","****","国产高功率服务器电源龙头企业","-7.21%","20250926"
"111","****","英伟达伟大唯一中国大陆电源供货商","-7.85%","20250926"
"111","****","数据中心柴油发电机组市占率全球第六，7%；内河航运中速柴油机","-4.96%","20250926"
"111","****","数据中心用柴油发电机组市占率国内第三，15%","-6.6%","20250926"
"111","****","先后落地“中国移动扬州智算中心项目”与“中国电信江北仪征智算","-3.58%","20250926"
"111","****","智能组装、监测设备供货苹果，苹果占公司营收40%；半导体检测","-2.51%","20250926"
"111","****","主营电子元器件产品分销，拥有拥有SK海力士、联发科及","-3.39%","20250926"
"111","****","国内领先的IC载板、半导体测试板供应商","-1.46%","20250926"
"111","****","2025年9月21日晚公告，公司拟发行股份及支付现金收购兮璞","-13%","20250926"
"111","****","半导体硅片市占率第二","-9.99%","20250926"
"111","****","A股最大的参股上海微电子的企业，产业园区开发与股权投资并行发","-0.1%","20250926"
"111","****","公司测试机和分选机在核心性能指标上已达到国内领先、接近国外先","1.07%","20250926"
"111","****","集成电路封装测试服务提供商，深度绑定AMD","-2.81%","20250926"
"111","****","国内唯一实现刻蚀用单晶硅材料量产的国内厂商","-2.64%","20250926"
"111","****","国内半导体靶材龙头，切入半导体设备零部件领域","4.94%","20250926"
"111","****","公司半导体设备覆盖品类A股第一，电感性等离子体刻蚀ICP设","-0.19%","20250926"
"111","****","置入半导体引线框架的研发、设计、生产与销售业务，并置出原有的","1.82%","20250926"
"111","****","2025年9月21日晚公告，公司拟发行股份及支付现金收购兮璞","-13%","20250926"
"111","****","半导体硅片市占率第二","-9.99%","20250926"
"111","****","A股最大的参股上海微电子的企业，产业园区开发与股权投资并行发","-0.1%","20250926"
"111","****","公司测试机和分选机在核心性能指标上已达到国内领先、接近国外先","1.07%","20250926"
"111","****","全球最大的制冷控制元器件和全球领先的汽车空调及热管理系统控制","-2.11%","20250926"
"111","****","以军工业务为主，在国防光电测控领域领先地位。大股东长春光机所","-1.75%","20250926"
"111","****","化工工程建设领域龙头企业","10.02%","20250929"
"111","****","国内汽车动力传动系统总成和零部件骨干企业，公司投资参股无锡泉","-7.31%","20250929"
"111","****","公司万向节全球规模领先，传动轴国内规模前三，国内配套市场占有","10%","20250929"
"111","****","公司跨境电商平台营收规模A股第二，采用“货找人”的商业模式开","-9.94%","20250929"
"111","****","化工工程建设领域龙头企业","10.02%","20250929"
"111","****","公司万向节全球规模领先，传动轴国内规模前三，国内配套市场占有","10%","20250929"
"111","****","化工工程建设领域龙头企业","10.02%","20250929"
"111","****","公司万向节全球规模领先，传动轴国内规模前三，国内配套市场占有","10%","20250929"
"111","****","“现金奶牛”收益稳健，数据资源入表带来估值提升空间","-0.15%","20250929"
"111","****","半导体硅片市占率第二","1.35%","20250929"
"111","****","公司是全球网络规模第一、客户规模第一、收入规模第一的通信信息","-0.49%","20250929"
"111","****","全球A1服务器代工市占率第一，35%-40%。全球唯一具备","2.64%","20250929"
"111","****","科创板AI芯片第一股","-1.16%","20250929"
"111","****","1.6T上量将进一步提升盈利，光模块全球最佳交付者地位不变","0.74%","20250929"
"111","****","800G、1.6T模块加速释放","3.82%","20250929"
"111","****","胜宏科技在AIPCB市场已是全球领军","1.89%","20250929"
"111","****","仕佳光子PLC分路器芯片全球市场占有率第二。国内稀缺的同时具","1.48%","20250929"
"111","****","鼎芯光电建成国内稀缺的IDM激光器芯片工厂，100GEM","0.81%","20250929"
"111","****","800G、1.6T模块加速释放","3.82%","20250929"
"111","****","胜宏科技在AIPCB市场已是全球领军","1.89%","20250929"
"111","****","国内领先的半导体分立器件测试系统供应商，半导体行业后道封装测","-3.11%","20250929"
"111","****","公司测试机和分选机在核心性能指标上已达到国内领先、接近国外先","8.91%","20250929"
"111","****","半导体测试分选机市占率全球第七","-1.12%","20250929"
"111","****","从事电线电缆、高分子材料、汽车充电设备的研发生产。超高压绝缘","1.92%","20250929"
"111","****","公司半导体设备覆盖品类A股第一，电感性等离子体刻蚀ICP设","1.37%","20250929"
"111","****","光伏ALD设备龙头企业，半导体ALD设备关键指标已实现对国际","7.1%","20250929"
"111","****","国内唯一实现刻蚀用单晶硅材料量产的国内厂商","-0.22%","20250929"
"111","****","A股最大的参股上海微电子的企业，产业园区开发与股权投资并行发","-1.71%","20250929"
"111","****","以军工业务为主，在国防光电测控领域领先地位。大股东长春光机所","-0.14%","20250929"
"111","****","智能组装、监测设备供货苹果，苹果占公司营收40%；半导体检测","0.25%","20250929"
"111","****","半导体清洗设备全球第四，市占率8%，半导体电镀设备全球第三，","9.99%","20250929"
"111","****","离子注入设备国产领军者，公司多元化，切入铋产业","8.99%","20250929"
"111","****","公司测试机和分选机在核心性能指标上已达到国内领先、接近国外先","8.91%","20250929"
"111","****","半导体测试系统国际领先，模拟芯片行业市占率高，8600数字测","2.17%","20250929"
"111","****","国内探针台龙头","-1.19%","20250929"
"111","****","半导体测试分选机市占率全球第七","-1.12%","20250929"
"111","****","国内领先的半导体分立器件测试系统供应商，半导体行业后道封装测","-3.11%","20250929"
"111","****","福布斯全球金属矿业企业第五位、全球黄金企业第一位，铜、金业务","5%","20250929"
"111","****","外销为主的笔记本、平板电脑等消费电子产品ODM厂商","0%","20250929"
"111","****","以吻合器为代表的外科手术医疗器械生产商","4.86%","20250929"
"111","****","全球最大的制冷控制元器件和全球领先的汽车空调及热管理系统控制","8.07%","20250929"
"111","****","公司发货量有望达到40-50GWh","4.76%","20250929"
"111","****","UPS亚太地区市占率第三，12%；深度布局数据中心UPS、H","0.05%","20250929"
"111","****","公司发货量有望达到40-50GWh","4.76%","20250929"
"111","****","UPS亚太地区市占率第三，12%；深度布局数据中心UPS、H","0.05%","20250929"
"111","****","锂离子电池及系统、铅蓄电池及系统、氢能关键设备及锂、铅资源再","1.06%","20250929"
"111","****","2025年出海销量持续超预期","1.23%","20250929"
"111","****","化工工程建设领域龙头企业","10.02%","20250929"
"111","****","燃气射钉枪细分领域国内龙头","0.31%","20250929"
"111","****","2021-2024年连续4年储能电池出货量排名全球第一，全","4.46%","20250929"
"111","****","消费电子电池、动力电池、储能电池头部企业","8.3%","20250929"
"111","****","国内领先的IC载板、半导体测试板供应商","0.58%","20250929"
"111","****","通信PCB全球市占率第二，3.1%。主营印制电路板、封装基板","7.14%","20250929"
"111","****","公司在NORFlash领域全球市占率第二，达23%。","3.64%","20250929"
"111","****","佰维存储eMMC及UFS嵌入式存储产品全球第八、国内第二","5.85%","20250929"
"111","****","中国大陆领先的存储芯片设计公司，中小型NOR、NAND闪存市","5.4%","20250929"
"111","****","NORFLASH市占率A股第三，全球市占率2.7%。公司是","2.73%","20250929"
"111","****","主营电子元器件产品分销，拥有拥有SK海力士、联发科及","8.23%","20250929"
"111","****","集成电路封装测试服务提供商，深度绑定AMD","1.25%","20250929"
"111","****","全球激光打印市场份额第四，业务包含集成电路设计及应用业务","-1.69%","20250929"
"111","****","全球纸质载带龙头企业，市占率全球第一，纸质载带为基，塑料载带","4.36%","20250929"
"111","****","2025年出海销量持续超预期","1.23%","20250929"
"111","****","2021-2024年连续4年储能电池出货量排名全球第一，全","4.46%","20250929"
"111","****","消费电子电池、动力电池、储能电池头部企业","8.3%","20250929"
"111","****","致力于打造全球轻型锂电龙头企业，产品包括轻型车用锂离子电池、","3.19%","20250929"
"111","****","上海电气核岛主设备国内综合市场占有率持续居于行业第一，生产世","-1.91%","20250929"
"111","****","化工工程建设领域龙头企业","10.02%","20250929"
"111","****","福布斯全球金属矿业企业第五位、全球黄金企业第一位，铜、金业务","5%","20250929"
"111","****","离子注入设备国产领军者，公司多元化，切入铋产业","8.99%","20250929"
"111","****","和而泰、拓邦股份在智能控制器领域形成双龙头格局。参股摩尔线程","4.69%","20250929"
"111","****","智算云服务、政府数智化、基建数智化、产业数智化、智慧城市、智","0.79%","20250929"
"111","****","UPS亚太地区市占率第三，12%；深度布局数据中心UPS、H","0.05%","20250929"
"111","****","胜宏科技在AIPCB市场已是全球领军","1.89%","20250929"
"111","****","4个自建自营的数据中心，运营机柜按标准机柜折算超过57","1.46%","20250929"
"111","****","公司发货量有望达到40-50GWh","4.76%","20250929"
"111","****","公司在NORFlash领域全球市占率第二，达23%。","3.64%","20250929"
"111","****","中国大陆领先的存储芯片设计公司，中小型NOR、NAND闪存市","5.4%","20250929"
"111","****","和而泰、拓邦股份在智能控制器领域形成双龙头格局。参股摩尔线程","4.69%","20250929"
"111","****","智算云服务、政府数智化、基建数智化、产业数智化、智慧城市、智","0.79%","20250929"
"111","****","UPS亚太地区市占率第三，12%；深度布局数据中心UPS、H","0.05%","20250929"
"111","****","胜宏科技在AIPCB市场已是全球领军","1.89%","20250929"
"111","****","4个自建自营的数据中心，运营机柜按标准机柜折算超过57","1.46%","20250929"
"111","****","公司万向节全球规模领先，传动轴国内规模前三，国内配套市场占有","10%","20250929"
"111","****","国内汽车动力传动系统总成和零部件骨干企业，公司投资参股无锡泉","-7.31%","20250929"
"111","****","家用屏蔽泵国内龙头，拓展数据中心液冷泵业务","2.3%","20250929"
"111","****","HVDC电源领先，HVDC有望逐渐取代UPS","-1.56%","20250929"
"111","****","合肥国资委旗下的晶圆代工商，12英寸晶圆代工产能中国大陆第三","2.34%","20250929"
"111","****","公司万向节全球规模领先，传动轴国内规模前三，国内配套市场占有","10%","20250929"
"111","****","国内汽车动力传动系统总成和零部件骨干企业，公司投资参股无锡泉","-7.31%","20250929"
"111","****","成长向好，盈利平稳","-5.31%","20250929"
"111","****","洁净室工程行业技术领先龙头，市占率排名第四，6%","-2.34%","20250929"
"111","****","2023年海上风电新增装机第一，占比40.9%","4.25%","20250929"
"111","****","化工工程建设领域龙头企业","10.02%","20250929"
"111","****","上海电气核岛主设备国内综合市场占有率持续居于行业第一，生产世","-1.91%","20250929"
"111","****","化工工程建设领域龙头企业","10.02%","20250929"
"111","****","佰维存储eMMC及UFS嵌入式存储产品全球第八、国内第二","5.85%","20250929"
"111","****","公司在NORFlash领域全球市占率第二，达23%。","3.64%","20250929"
"111","****","NORFLASH市占率A股第三，全球市占率2.7%。公司是","2.73%","20250929"
"111","****","主营电子元器件产品分销，拥有拥有SK海力士、联发科及","8.23%","20250929"
"111","****","半导体硅片市占率第二","1.35%","20250929"
"111","****","国内唯一实现刻蚀用单晶硅材料量产的国内厂商","-0.22%","20250929"
"111","****","中芯国际是全球第五、中国大陆第一大晶圆代工龙头。全球市占率5","2.84%","20250929"
"111","****","合肥国资委旗下的晶圆代工商，12英寸晶圆代工产能中国大陆第三","2.34%","20250929"
"111","****","集成电路封装测试服务提供商，深度绑定AMD","1.25%","20250929"
"111","****","从事电线电缆、高分子材料、汽车充电设备的研发生产。超高压绝缘","1.92%","20250929"
"111","****","2025年出海销量持续超预期","1.23%","20250929"
"111","****","2023年海上风电新增装机第一，占比40.9%","4.25%","20250929"
"111","****","国内较早实现规模化生产差别化有色涤纶长丝的企业之一","-1.37%","20250929"
"111","****","国内领先的IC载板、半导体测试板供应商","0.58%","20250929"
"111","****","通信PCB全球市占率第二，3.1%。主营印制电路板、封装基板","7.14%","20250929"
"111","****","公司在NORFlash领域全球市占率第二，达23%。","3.64%","20250929"
"111","****","佰维存储eMMC及UFS嵌入式存储产品全球第八、国内第二","5.85%","20250929"
"111","****","中国大陆领先的存储芯片设计公司，中小型NOR、NAND闪存市","5.4%","20250929"
"111","****","NORFLASH市占率A股第三，全球市占率2.7%。公司是","2.73%","20250929"
"111","****","主营电子元器件产品分销，拥有拥有SK海力士、联发科及","8.23%","20250929"
"111","****","集成电路封装测试服务提供商，深度绑定AMD","1.25%","20250929"
"111","****","全球激光打印市场份额第四，业务包含集成电路设计及应用业务","-1.69%","20250929"
"111","****","福布斯全球金属矿业企业第五位、全球黄金企业第一位，铜、金业务","5%","20250929"
"111","****","国内领先的软件与信息技术服务商，华为鸿蒙核心合作伙伴","0.53%","20250929"
"111","****","金融机具龙头地位稳固，金融信创+出海战略同步推进","1.31%","20250929"
"111","****","智慧防务、智慧税务、智慧城市领域整体解决方案的主流服务商","-0.46%","20250929"
"111","****","福布斯全球金属矿业企业第五位、全球黄金企业第一位，铜、金业务","5%","20250929"
"111","****","全球最大的制冷控制元器件和全球领先的汽车空调及热管理系统控制","8.07%","20250929"
"111","****","人工智能应用领先企业，深度布局AI大模型、AI搜索、AI短剧","0.27%","20250929"
"111","****","服务器出货量全球第二，存储装机容量全球第三，人工智能服务器销","0.85%","20250929"
"111","****","上海电气核岛主设备国内综合市场占有率持续居于行业第一，生产世","-1.91%","20250929"
"111","****","武汉国资委旗下，激光产业的知名高科技公司，光模块业务全球第八","7.54%","20250929"
"111","****","公司电子废物回收市占率第三，无人驾驶清扫车咸宁投入使用","-0.4%","20250929"
"111","****","半导体硅片市占率第二","1.35%","20250929"
"111","****","服务器出货量全球第二，存储装机容量全球第三，人工智能服务器销","0.85%","20250929"
"111","****","武汉国资委旗下，激光产业的知名高科技公司，光模块业务全球第八","7.54%","20250929"
"111","****","全球率先开发800G/1.6T光模块的厂商之一，宽带解决方案","-0.59%","20250929"
"111","****","上海电气核岛主设备国内综合市场占有率持续居于行业第一，生产世","-1.91%","20250929"
"111","****","全球激光打印市场份额第四，业务包含集成电路设计及应用业务","-1.69%","20250929"
"111","****","福布斯全球金属矿业企业第五位、全球黄金企业第一位，铜、金业务","5%","20250929"
"111","****","半导体硅片市占率第二","1.35%","20250929"
"111","****","武汉国资委旗下，激光产业的知名高科技公司，光模块业务全球第八","7.54%","20250929"
"111","****","主营建筑业务，实控人控股华鲲振宇有注入预期","-1.11%","20250929"
"111","****","全球唯一集“光通信系统、光纤光缆、光电子器件”光通信三大战略","-0.6%","20250929"
"111","****","神州鲲泰服务器为鲲鹏领先级合作伙伴昇腾优选级合作伙伴","-0.38%","20250929"
"111","****","A股唯一华为“鲲鹏/昇腾AI+开源鸿蒙”软硬一体战略合作伙","0.73%","20250929"
"111","****","国内领先的软件与信息技术服务商，华为鸿蒙核心合作伙伴","0.53%","20250929"
"111","****","国内综合规模TOP3的第三方数据中心运营商","-2.23%","20250929"
"111","****","UPS亚太地区市占率第三，12%；深度布局数据中心UPS、H","0.05%","20250929"
"111","****","国内领先的软件与信息技术服务商，华为鸿蒙核心合作伙伴","0.53%","20250929"
"111","****","智算云服务、政府数智化、基建数智化、产业数智化、智慧城市、智","0.79%","20250929"
"111","****","领先的算力基础设施全产业链综合服务商，为腾讯、阿里、金山云等","0.09%","20250929"
"111","****","神州鲲泰服务器为鲲鹏领先级合作伙伴昇腾优选级合作伙伴","-0.38%","20250929"
"111","****","服务器出货量全球第二，存储装机容量全球第三，人工智能服务器销","0.85%","20250929"
"111","****","金融机具龙头地位稳固，金融信创+出海战略同步推进","1.31%","20250929"
"111","****","交换机、无线产品、云桌面等多个领域市场排名靠前","-1.11%","20250929"
"111","****","公司深耕数通、网通、汽车电子及EMS等产品线，相关产品出","1.49%","20250929"
"111","****","武汉国资委旗下，激光产业的知名高科技公司，光模块业务全球第八","7.54%","20250929"
"111","****","1.6T上量将进一步提升盈利，光模块全球最佳交付者地位不变","0.74%","20250929"
"111","****","公司连续十八年入选“中国光器件与辅助设备及原材料最具竞争力企","1.92%","20250929"
"111","****","锂离子电池及系统、铅蓄电池及系统、氢能关键设备及锂、铅资源再","1.06%","20250929"
"111","****","HVDC电源领先，HVDC有望逐渐取代UPS","-1.56%","20250929"
"111","****","国产高功率服务器电源龙头企业","4.16%","20250929"
"111","****","英伟达伟大唯一中国大陆电源供货商","4.96%","20250929"
"111","****","数据中心柴油发电机组市占率全球第六，7%；内河航运中速柴油机","0.78%","20250929"
"111","****","数据中心用柴油发电机组市占率国内第三，15%","1.19%","20250929"
"111","****","先后落地“中国移动扬州智算中心项目”与“中国电信江北仪征智算","0.24%","20250929"
"111","****","上海电气核岛主设备国内综合市场占有率持续居于行业第一，生产世","-1.91%","20250929"
"111","****","A股最大的参股上海微电子的企业，产业园区开发与股权投资并行发","-1.71%","20250929"
"111","****","从事电线电缆、高分子材料、汽车充电设备的研发生产。超高压绝缘","1.92%","20250929"
"111","****","福布斯全球金属矿业企业第五位、全球黄金企业第一位，铜、金业务","5%","20250929"
"111","****","消费电子电池、动力电池、储能电池头部企业","8.3%","20250929"
"111","****","2021-2024年连续4年储能电池出货量排名全球第一，全","4.46%","20250929"
"111","****","锂离子电池及系统、铅蓄电池及系统、氢能关键设备及锂、铅资源再","1.06%","20250929"
"111","****","全球最大的制冷控制元器件和全球领先的汽车空调及热管理系统控制","3.93%","20250930"
"111","****","离子注入设备国产领军者，公司多元化，切入铋产业","10%","20250930"
"111","****","物联网AIOT系统级(SOC)芯片排名第一，旗舰芯片RK3","4.96%","20250930"
"111","****","国内音视频SoC主控芯片领域的领导者，扫地机器人SoC核心","4.24%","20250930"
"111","****","乐鑫在分支领域Wi-FiMCU市场中出货量第一，在大","8.82%","20250930"
"111","****","公司为国内智能机顶盒芯片龙头厂商，公司Wi-Fi芯片发","5.39%","20250930"
"111","****","全球智能音频SoC芯片领域的龙头，S0C芯片产品数量第四","7.25%","20250930"
"111","****","公司蓝牙SOC芯片市占率第一，公司推出全球首颗应用于物联网领","3.13%","20250930"
"111","****","公司蜂窝IoT芯片市占率约为10.4%。公司是国内少数","6.11%","20250930"
"111","****","外销为主的笔记本、平板电脑等消费电子产品ODM厂商","0%","20250930"
"111","****","全球最大的制冷控制元器件和全球领先的汽车空调及热管理系统控制","3.93%","20250930"
"111","****","以军工业务为主，在国防光电测控领域领先地位。大股东长春光机所","1.59%","20250930"
"111","****","全国领先的新媒体业务运营商","0.98%","20250930"
"111","****","2025年出海销量持续超预期","0.55%","20250930"
"111","****","佰维存储eMMC及UFS嵌入式存储产品全球第八、国内第二","9.34%","20250930"
"111","****","公司在NORFlash领域全球市占率第二，达23%。","8.2%","20250930"
"111","****","NORFLASH市占率A股第三，全球市占率2.7%。公司是","11.88%","20250930"
"111","****","主营电子元器件产品分销，拥有拥有SK海力士、联发科及","8.31%","20250930"
"111","****","国内唯一实现刻蚀用单晶硅材料量产的国内厂商","12.32%","20250930"
"111","****","中芯国际是全球第五、中国大陆第一大晶圆代工龙头。全球市占率5","3.02%","20250930"
"111","****","合肥国资委旗下的晶圆代工商，12英寸晶圆代工产能中国大陆第三","3.5%","20250930"
"111","****","福布斯全球金属矿业企业第五位、全球黄金企业第一位，铜、金业务","3.12%","20250930"
"111","****","鼎芯光电建成国内稀缺的IDM激光器芯片工厂，100GEM","1.76%","20250930"
"111","****","上海电气核岛主设备国内综合市场占有率持续居于行业第一，生产世","1.94%","20250930"
"111","****","数据中心柴油发电机组市占率全球第六，7%；内河航运中速柴油机","-1.41%","20250930"
"111","****","专注军工装备及应急装备，数据中心用柴油发电机组市占率国内第四","2.2%","20250930"
"111","****","以军工业务为主，在国防光电测控领域领先地位。大股东长春光机所","1.59%","20250930"
"111","****","拥有蓝宝石生长-初加工-深加工全套设备及工艺能力，软磁行业的","-2.07%","20250930"
"111","****","公司发货量有望达到40-50GWh","-1.83%","20250930"
"111","****","UPS亚太地区市占率第三，12%；深度布局数据中心UPS、H","-3.56%","20250930"
"111","****","锂离子电池及系统、铅蓄电池及系统、氢能关键设备及锂、铅资源再","2.59%","20250930"
"111","****","2025年出海销量持续超预期","0.55%","20250930"
"111","****","化工工程建设领域龙头企业","-5.19%","20250930"
"111","****","燃气射钉枪细分领域国内龙头","-2.69%","20250930"
"111","****","2021-2024年连续4年储能电池出货量排名全球第一，全","1.17%","20250930"
"111","****","消费电子电池、动力电池、储能电池头部企业","8.75%","20250930"
"111","****","福布斯全球金属矿业企业第五位、全球黄金企业第一位，铜、金业务","3.12%","20250930"
"111","****","福布斯全球金属矿业企业第五位、全球黄金企业第一位，铜、金业务","3.12%","20250930"
"111","****","消费电子电池、动力电池、储能电池头部企业","8.75%","20250930"
"111","****","2021-2024年连续4年储能电池出货量排名全球第一，全","1.17%","20250930"
"111","****","锂离子电池及系统、铅蓄电池及系统、氢能关键设备及锂、铅资源再","2.59%","20250930"
"111","****","福布斯全球金属矿业企业第五位、全球黄金企业第一位，铜、金业务","3.12%","20250930"
"111","****","国内领先的IC载板、半导体测试板供应商","-1.16%","20250930"
"111","****","通信PCB全球市占率第二，3.1%。主营印制电路板、封装基板","-2.1%","20250930"
"111","****","公司在NORFlash领域全球市占率第二，达23%。","8.2%","20250930"
"111","****","佰维存储eMMC及UFS嵌入式存储产品全球第八、国内第二","9.34%","20250930"
"111","****","中国大陆领先的存储芯片设计公司，中小型NOR、NAND闪存市","-3.29%","20250930"
"111","****","NORFLASH市占率A股第三，全球市占率2.7%。公司是","11.88%","20250930"
"111","****","主营电子元器件产品分销，拥有拥有SK海力士、联发科及","8.31%","20250930"
"111","****","全球激光打印市场份额第四，业务包含集成电路设计及应用业务","-1.63%","20250930"
"111","****","“现金奶牛”收益稳健，数据资源入表带来估值提升空间","0%","20250930"
"111","****","公司是全球网络规模第一、客户规模第一、收入规模第一的通信信息","-0.57%","20250930"
"111","****","服务器出货量全球第二，存储装机容量全球第三，人工智能服务器销","2.51%","20250930"
"111","****","武汉国资委旗下，激光产业的知名高科技公司，光模块业务全球第八","-6.73%","20250930"
"111","****","国内领先的软件与信息技术服务商，华为鸿蒙核心合作伙伴","0.91%","20250930"
"111","****","神州鲲泰服务器为鲲鹏领先级合作伙伴昇腾优选级合作伙伴","0.83%","20250930"
"111","****","边缘计算、边缘算力调度龙头企业","0.35%","20250930"
"111","****","国内综合规模TOP3的第三方数据中心运营商","-1.98%","20250930"
"111","****","4个自建自营的数据中心，运营机柜按标准机柜折算超过57","-0.94%","20250930"
"111","****","A股唯一华为“鲲鹏/昇腾AI+开源鸿蒙”软硬一体战略合作伙","1.32%","20250930"
"111","****","主营建筑业务，实控人控股华鲲振宇有注入预期","0.08%","20250930"
"111","****","全球唯一集“光通信系统、光纤光缆、光电子器件”光通信三大战略","-1.89%","20250930"
"111","****","金融机具龙头地位稳固，金融信创+出海战略同步推进","-0.43%","20250930"
"111","****","全球蜂窝物联网模组龙头，份额全球第一，布局物联网解决方案及车","2.86%","20250930"
"111","****","行业领先的人工智能物联网服务提供商，珠海国资委旗下","0.84%","20250930"
"111","****","全球最大的制冷控制元器件和全球领先的汽车空调及热管理系统控制","3.93%","20250930"
"111","****","化工工程建设领域龙头企业","-5.19%","20250930"
"111","****","国内汽车动力传动系统总成和零部件骨干企业，公司投资参股无锡泉","-2.33%","20250930"
"111","****","公司万向节全球规模领先，传动轴国内规模前三，国内配套市场占有","-2.47%","20250930"
"111","****","公司跨境电商平台营收规模A股第二，采用“货找人”的商业模式开","-0.96%","20250930"
"111","****","化工工程建设领域龙头企业","-5.19%","20250930"
"111","****","公司万向节全球规模领先，传动轴国内规模前三，国内配套市场占有","-2.47%","20250930"
"111","****","化工工程建设领域龙头企业","-5.19%","20250930"
"111","****","公司万向节全球规模领先，传动轴国内规模前三，国内配套市场占有","-2.47%","20250930"
"111","****","“现金奶牛”收益稳健，数据资源入表带来估值提升空间","0%","20250930"
"111","****","公司是全球网络规模第一、客户规模第一、收入规模第一的通信信息","-0.57%","20250930"
"111","****","全球A1服务器代工市占率第一，35%-40%。全球唯一具备","-0.86%","20250930"
"111","****","科创板AI芯片第一股","0.11%","20250930"
"111","****","1.6T上量将进一步提升盈利，光模块全球最佳交付者地位不变","-3.14%","20250930"
"111","****","800G、1.6T模块加速释放","-5.8%","20250930"
"111","****","胜宏科技在AIPCB市场已是全球领军","-1.82%","20250930"
"111","****","仕佳光子PLC分路器芯片全球市场占有率第二。国内稀缺的同时具","-0.77%","20250930"
"111","****","鼎芯光电建成国内稀缺的IDM激光器芯片工厂，100GEM","1.76%","20250930"
"111","****","800G、1.6T模块加速释放","-5.8%","20250930"
"111","****","胜宏科技在AIPCB市场已是全球领军","-1.82%","20250930"
"111","****","国内领先的半导体分立器件测试系统供应商，半导体行业后道封装测","-0.89%","20250930"
"111","****","公司测试机和分选机在核心性能指标上已达到国内领先、接近国外先","-4.32%","20250930"
"111","****","半导体测试分选机市占率全球第七","-2.34%","20250930"
"111","****","从事电线电缆、高分子材料、汽车充电设备的研发生产。超高压绝缘","0.5%","20250930"
"111","****","公司半导体设备覆盖品类A股第一，电感性等离子体刻蚀ICP设","-1.45%","20250930"
"111","****","光伏ALD设备龙头企业，半导体ALD设备关键指标已实现对国际","4.25%","20250930"
"111","****","国内唯一实现刻蚀用单晶硅材料量产的国内厂商","12.32%","20250930"
"111","****","A股最大的参股上海微电子的企业，产业园区开发与股权投资并行发","7.3%","20250930"
"111","****","以军工业务为主，在国防光电测控领域领先地位。大股东长春光机所","1.59%","20250930"
"111","****","智能组装、监测设备供货苹果，苹果占公司营收40%；半导体检测","-1.64%","20250930"
"111","****","半导体清洗设备全球第四，市占率8%，半导体电镀设备全球第三，","-0.53%","20250930"
"111","****","离子注入设备国产领军者，公司多元化，切入铋产业","10%","20250930"
"111","****","公司测试机和分选机在核心性能指标上已达到国内领先、接近国外先","-4.32%","20250930"
"111","****","半导体测试系统国际领先，模拟芯片行业市占率高，8600数字测","-0.35%","20250930"
"111","****","国内探针台龙头","-3.55%","20250930"
"111","****","半导体测试分选机市占率全球第七","-2.34%","20250930"
"111","****","国内领先的半导体分立器件测试系统供应商，半导体行业后道封装测","-0.89%","20250930"
"111","****","福布斯全球金属矿业企业第五位、全球黄金企业第一位，铜、金业务","3.12%","20250930"
"111","****","外销为主的笔记本、平板电脑等消费电子产品ODM厂商","0%","20250930"
"111","****","以吻合器为代表的外科手术医疗器械生产商","-1.6%","20250930"
"111","****","全球最大的制冷控制元器件和全球领先的汽车空调及热管理系统控制","3.93%","20250930"
"111","****","公司发货量有望达到40-50GWh","-1.83%","20250930"
"111","****","UPS亚太地区市占率第三，12%；深度布局数据中心UPS、H","-3.56%","20250930"
"111","****","公司发货量有望达到40-50GWh","-1.83%","20250930"
"111","****","UPS亚太地区市占率第三，12%；深度布局数据中心UPS、H","-3.56%","20250930"
"111","****","锂离子电池及系统、铅蓄电池及系统、氢能关键设备及锂、铅资源再","2.59%","20250930"
"111","****","2025年出海销量持续超预期","0.55%","20250930"
"111","****","化工工程建设领域龙头企业","-5.19%","20250930"
"111","****","燃气射钉枪细分领域国内龙头","-2.69%","20250930"
"111","****","2021-2024年连续4年储能电池出货量排名全球第一，全","1.17%","20250930"
"111","****","消费电子电池、动力电池、储能电池头部企业","8.75%","20250930"
"111","****","国内领先的IC载板、半导体测试板供应商","-1.16%","20250930"
"111","****","通信PCB全球市占率第二，3.1%。主营印制电路板、封装基板","-2.1%","20250930"
"111","****","公司在NORFlash领域全球市占率第二，达23%。","8.2%","20250930"
"111","****","佰维存储eMMC及UFS嵌入式存储产品全球第八、国内第二","9.34%","20250930"
"111","****","中国大陆领先的存储芯片设计公司，中小型NOR、NAND闪存市","-3.29%","20250930"
"111","****","NORFLASH市占率A股第三，全球市占率2.7%。公司是","11.88%","20250930"
"111","****","主营电子元器件产品分销，拥有拥有SK海力士、联发科及","8.31%","20250930"
"111","****","全球激光打印市场份额第四，业务包含集成电路设计及应用业务","-1.63%","20250930"
"111","****","全球纸质载带龙头企业，市占率全球第一，纸质载带为基，塑料载带","3.3%","20250930"
"111","****","2025年出海销量持续超预期","0.55%","20250930"
"111","****","2021-2024年连续4年储能电池出货量排名全球第一，全","1.17%","20250930"
"111","****","消费电子电池、动力电池、储能电池头部企业","8.75%","20250930"
"111","****","致力于打造全球轻型锂电龙头企业，产品包括轻型车用锂离子电池、","3.41%","20250930"
"111","****","上海电气核岛主设备国内综合市场占有率持续居于行业第一，生产世","1.94%","20250930"
"111","****","化工工程建设领域龙头企业","-5.19%","20250930"
"111","****","福布斯全球金属矿业企业第五位、全球黄金企业第一位，铜、金业务","3.12%","20250930"
"111","****","离子注入设备国产领军者，公司多元化，切入铋产业","10%","20250930"
"111","****","和而泰、拓邦股份在智能控制器领域形成双龙头格局。参股摩尔线程","-1.21%","20250930"
"111","****","智算云服务、政府数智化、基建数智化、产业数智化、智慧城市、智","-1.49%","20250930"
"111","****","UPS亚太地区市占率第三，12%；深度布局数据中心UPS、H","-3.56%","20250930"
"111","****","胜宏科技在AIPCB市场已是全球领军","-1.82%","20250930"
"111","****","4个自建自营的数据中心，运营机柜按标准机柜折算超过57","-0.94%","20250930"
"111","****","公司发货量有望达到40-50GWh","-1.83%","20250930"
"111","****","公司在NORFlash领域全球市占率第二，达23%。","8.2%","20250930"
"111","****","中国大陆领先的存储芯片设计公司，中小型NOR、NAND闪存市","-3.29%","20250930"
"111","****","和而泰、拓邦股份在智能控制器领域形成双龙头格局。参股摩尔线程","-1.21%","20250930"
"111","****","智算云服务、政府数智化、基建数智化、产业数智化、智慧城市、智","-1.49%","20250930"
"111","****","UPS亚太地区市占率第三，12%；深度布局数据中心UPS、H","-3.56%","20250930"
"111","****","胜宏科技在AIPCB市场已是全球领军","-1.82%","20250930"
"111","****","4个自建自营的数据中心，运营机柜按标准机柜折算超过57","-0.94%","20250930"
"111","****","公司万向节全球规模领先，传动轴国内规模前三，国内配套市场占有","-2.47%","20250930"
"111","****","国内汽车动力传动系统总成和零部件骨干企业，公司投资参股无锡泉","-2.33%","20250930"
"111","****","家用屏蔽泵国内龙头，拓展数据中心液冷泵业务","-1.92%","20250930"
"111","****","HVDC电源领先，HVDC有望逐渐取代UPS","-2.89%","20250930"
"111","****","合肥国资委旗下的晶圆代工商，12英寸晶圆代工产能中国大陆第三","3.5%","20250930"
"111","****","公司万向节全球规模领先，传动轴国内规模前三，国内配套市场占有","-2.47%","20250930"
"111","****","国内汽车动力传动系统总成和零部件骨干企业，公司投资参股无锡泉","-2.33%","20250930"
"111","****","成长向好，盈利平稳","-2.28%","20250930"
"111","****","洁净室工程行业技术领先龙头，市占率排名第四，6%","-2.8%","20250930"
"111","****","2023年海上风电新增装机第一，占比40.9%","-0.19%","20250930"
"111","****","化工工程建设领域龙头企业","-5.19%","20250930"
"111","****","上海电气核岛主设备国内综合市场占有率持续居于行业第一，生产世","1.94%","20250930"
"111","****","化工工程建设领域龙头企业","-5.19%","20250930"
"111","****","佰维存储eMMC及UFS嵌入式存储产品全球第八、国内第二","9.34%","20250930"
"111","****","公司在NORFlash领域全球市占率第二，达23%。","8.2%","20250930"
"111","****","NORFLASH市占率A股第三，全球市占率2.7%。公司是","11.88%","20250930"
"111","****","主营电子元器件产品分销，拥有拥有SK海力士、联发科及","8.31%","20250930"
"111","****","国内唯一实现刻蚀用单晶硅材料量产的国内厂商","12.32%","20250930"
"111","****","中芯国际是全球第五、中国大陆第一大晶圆代工龙头。全球市占率5","3.02%","20250930"
"111","****","合肥国资委旗下的晶圆代工商，12英寸晶圆代工产能中国大陆第三","3.5%","20250930"
"111","****","全球最大的制冷控制元器件和全球领先的汽车空调及热管理系统控制","3.93%","20250930"
"111","****","物联网AIOT系统级(SOC)芯片排名第一，旗舰芯片RK3","4.96%","20250930"
"111","****","国内音视频SoC主控芯片领域的领导者，扫地机器人SoC核心","4.24%","20250930"
"111","****","乐鑫在分支领域Wi-FiMCU市场中出货量第一，在大","8.82%","20250930"
"111","****","公司为国内智能机顶盒芯片龙头厂商，公司Wi-Fi芯片发","5.39%","20250930"
"111","****","全球智能音频SoC芯片领域的龙头，S0C芯片产品数量第四","7.25%","20250930"
"111","****","公司蓝牙SOC芯片市占率第一，公司推出全球首颗应用于物联网领","3.13%","20250930"
"111","****","公司蜂窝IoT芯片市占率约为10.4%。公司是国内少数","6.11%","20250930"
"111","****","外销为主的笔记本、平板电脑等消费电子产品ODM厂商","0%","20250930"
"111","****","全球最大的制冷控制元器件和全球领先的汽车空调及热管理系统控制","3.93%","20250930"
"111","****","以军工业务为主，在国防光电测控领域领先地位。大股东长春光机所","1.59%","20250930"
"111","****","全国领先的新媒体业务运营商","0.98%","20250930"
"111","****","2025年出海销量持续超预期","0.55%","20250930"
"111","****","佰维存储eMMC及UFS嵌入式存储产品全球第八、国内第二","9.34%","20250930"
"111","****","公司在NORFlash领域全球市占率第二，达23%。","8.2%","20250930"
"111","****","NORFLASH市占率A股第三，全球市占率2.7%。公司是","11.88%","20250930"
"111","****","主营电子元器件产品分销，拥有拥有SK海力士、联发科及","8.31%","20250930"
"111","****","国内唯一实现刻蚀用单晶硅材料量产的国内厂商","12.32%","20250930"
"111","****","中芯国际是全球第五、中国大陆第一大晶圆代工龙头。全球市占率5","3.02%","20250930"
"111","****","福布斯全球金属矿业企业第五位、全球黄金企业第一位，铜、金业务","3.12%","20250930"
"111","****","鼎芯光电建成国内稀缺的IDM激光器芯片工厂，100GEM","1.76%","20250930"
"111","****","上海电气核岛主设备国内综合市场占有率持续居于行业第一，生产世","1.94%","20250930"
"111","****","数据中心柴油发电机组市占率全球第六，7%；内河航运中速柴油机","-1.41%","20250930"
"111","****","专注军工装备及应急装备，数据中心用柴油发电机组市占率国内第四","2.2%","20250930"
"111","****","以军工业务为主，在国防光电测控领域领先地位。大股东长春光机所","1.59%","20250930"
"111","****","拥有蓝宝石生长-初加工-深加工全套设备及工艺能力，软磁行业的","-2.07%","20250930"
"111","****","公司发货量有望达到40-50GWh","-1.83%","20250930"
"111","****","锂离子电池及系统、铅蓄电池及系统、氢能关键设备及锂、铅资源再","2.59%","20250930"
"111","****","2025年出海销量持续超预期","0.55%","20250930"
"111","****","2021-2024年连续4年储能电池出货量排名全球第一，全","1.17%","20250930"
"111","****","福布斯全球金属矿业企业第五位、全球黄金企业第一位，铜、金业务","3.12%","20250930"
"111","****","福布斯全球金属矿业企业第五位、全球黄金企业第一位，铜、金业务","3.12%","20250930"
"111","****","2021-2024年连续4年储能电池出货量排名全球第一，全","1.17%","20250930"
"111","****","锂离子电池及系统、铅蓄电池及系统、氢能关键设备及锂、铅资源再","2.59%","20250930"
"111","****","福布斯全球金属矿业企业第五位、全球黄金企业第一位，铜、金业务","3.12%","20250930"
"111","****","国内领先的IC载板、半导体测试板供应商","-1.16%","20250930"
"111","****","通信PCB全球市占率第二，3.1%。主营印制电路板、封装基板","-2.1%","20250930"
"111","****","公司在NORFlash领域全球市占率第二，达23%。","8.2%","20250930"
"111","****","佰维存储eMMC及UFS嵌入式存储产品全球第八、国内第二","9.34%","20250930"
"111","****","中国大陆领先的存储芯片设计公司，中小型NOR、NAND闪存市","-3.29%","20250930"
"111","****","NORFLASH市占率A股第三，全球市占率2.7%。公司是","11.88%","20250930"
"111","****","主营电子元器件产品分销，拥有拥有SK海力士、联发科及","8.31%","20250930"
"111","****","全球激光打印市场份额第四，业务包含集成电路设计及应用业务","-1.63%","20250930"
"111","****","“现金奶牛”收益稳健，数据资源入表带来估值提升空间","0%","20250930"
"111","****","公司是全球网络规模第一、客户规模第一、收入规模第一的通信信息","-0.57%","20250930"
"111","****","服务器出货量全球第二，存储装机容量全球第三，人工智能服务器销","2.51%","20250930"
"111","****","武汉国资委旗下，激光产业的知名高科技公司，光模块业务全球第八","-6.73%","20250930"
"111","****","国内领先的软件与信息技术服务商，华为鸿蒙核心合作伙伴","0.91%","20250930"
"111","****","神州鲲泰服务器为鲲鹏领先级合作伙伴昇腾优选级合作伙伴","0.83%","20250930"
"111","****","边缘计算、边缘算力调度龙头企业","0.35%","20250930"
"111","****","国内综合规模TOP3的第三方数据中心运营商","-1.98%","20250930"
"111","****","4个自建自营的数据中心，运营机柜按标准机柜折算超过57","-0.94%","20250930"
"111","****","主营建筑业务，实控人控股华鲲振宇有注入预期","0.08%","20250930"
"111","****","全球唯一集“光通信系统、光纤光缆、光电子器件”光通信三大战略","-1.89%","20250930"
"111","****","金融机具龙头地位稳固，金融信创+出海战略同步推进","-0.43%","20250930"
"111","****","全球蜂窝物联网模组龙头，份额全球第一，布局物联网解决方案及车","2.86%","20250930"
"111","****","行业领先的人工智能物联网服务提供商，珠海国资委旗下","0.84%","20250930"
"111","****","全球最大的制冷控制元器件和全球领先的汽车空调及热管理系统控制","3.93%","20250930"
"111","****","国内汽车动力传动系统总成和零部件骨干企业，公司投资参股无锡泉","-2.33%","20250930"
"111","****","公司万向节全球规模领先，传动轴国内规模前三，国内配套市场占有","-2.47%","20250930"
"111","****","公司跨境电商平台营收规模A股第二，采用“货找人”的商业模式开","-0.96%","20250930"
"111","****","公司万向节全球规模领先，传动轴国内规模前三，国内配套市场占有","-2.47%","20250930"
"111","****","公司万向节全球规模领先，传动轴国内规模前三，国内配套市场占有","-2.47%","20250930"
"111","****","“现金奶牛”收益稳健，数据资源入表带来估值提升空间","0%","20250930"
"111","****","公司是全球网络规模第一、客户规模第一、收入规模第一的通信信息","-0.57%","20250930"
"111","****","全球A1服务器代工市占率第一，35%-40%。全球唯一具备","-0.86%","20250930"
"111","****","1.6T上量将进一步提升盈利，光模块全球最佳交付者地位不变","-3.14%","20250930"
"111","****","800G、1.6T模块加速释放","-5.8%","20250930"
"111","****","胜宏科技在AIPCB市场已是全球领军","-1.82%","20250930"
"111","****","仕佳光子PLC分路器芯片全球市场占有率第二。国内稀缺的同时具","-0.77%","20250930"
"111","****","鼎芯光电建成国内稀缺的IDM激光器芯片工厂，100GEM","1.76%","20250930"
"111","****","800G、1.6T模块加速释放","-5.8%","20250930"
"111","****","胜宏科技在AIPCB市场已是全球领军","-1.82%","20250930"
"111","****","国内领先的半导体分立器件测试系统供应商，半导体行业后道封装测","-0.89%","20250930"
"111","****","公司测试机和分选机在核心性能指标上已达到国内领先、接近国外先","-4.32%","20250930"
"111","****","从事电线电缆、高分子材料、汽车充电设备的研发生产。超高压绝缘","0.5%","20250930"
"111","****","公司半导体设备覆盖品类A股第一，电感性等离子体刻蚀ICP设","-1.45%","20250930"
"111","****","国内唯一实现刻蚀用单晶硅材料量产的国内厂商","12.32%","20250930"
"111","****","A股最大的参股上海微电子的企业，产业园区开发与股权投资并行发","7.3%","20250930"
"111","****","以军工业务为主，在国防光电测控领域领先地位。大股东长春光机所","1.59%","20250930"
"111","****","智能组装、监测设备供货苹果，苹果占公司营收40%；半导体检测","-1.64%","20250930"
"111","****","公司测试机和分选机在核心性能指标上已达到国内领先、接近国外先","-4.32%","20250930"
"111","****","半导体测试系统国际领先，模拟芯片行业市占率高，8600数字测","-0.35%","20250930"
"111","****","国内探针台龙头","-3.55%","20250930"
"111","****","国内领先的半导体分立器件测试系统供应商，半导体行业后道封装测","-0.89%","20250930"
"111","****","福布斯全球金属矿业企业第五位、全球黄金企业第一位，铜、金业务","3.12%","20250930"
"111","****","外销为主的笔记本、平板电脑等消费电子产品ODM厂商","0%","20250930"
"111","****","以吻合器为代表的外科手术医疗器械生产商","-1.6%","20250930"
"111","****","全球最大的制冷控制元器件和全球领先的汽车空调及热管理系统控制","3.93%","20250930"
"111","****","公司发货量有望达到40-50GWh","-1.83%","20250930"
"111","****","公司发货量有望达到40-50GWh","-1.83%","20250930"
"111","****","锂离子电池及系统、铅蓄电池及系统、氢能关键设备及锂、铅资源再","2.59%","20250930"
"111","****","2025年出海销量持续超预期","0.55%","20250930"
"111","****","2021-2024年连续4年储能电池出货量排名全球第一，全","1.17%","20250930"
"111","****","国内领先的IC载板、半导体测试板供应商","-1.16%","20250930"
"111","****","通信PCB全球市占率第二，3.1%。主营印制电路板、封装基板","-2.1%","20250930"
"111","****","公司在NORFlash领域全球市占率第二，达23%。","8.2%","20250930"
"111","****","佰维存储eMMC及UFS嵌入式存储产品全球第八、国内第二","9.34%","20250930"
"111","****","中国大陆领先的存储芯片设计公司，中小型NOR、NAND闪存市","-3.29%","20250930"
"111","****","NORFLASH市占率A股第三，全球市占率2.7%。公司是","11.88%","20250930"
"111","****","主营电子元器件产品分销，拥有拥有SK海力士、联发科及","8.31%","20250930"
"111","****","全球激光打印市场份额第四，业务包含集成电路设计及应用业务","-1.63%","20250930"
"111","****","全球纸质载带龙头企业，市占率全球第一，纸质载带为基，塑料载带","3.3%","20250930"
"111","****","2025年出海销量持续超预期","0.55%","20250930"
"111","****","2021-2024年连续4年储能电池出货量排名全球第一，全","1.17%","20250930"
"111","****","上海电气核岛主设备国内综合市场占有率持续居于行业第一，生产世","1.94%","20250930"
"111","****","福布斯全球金属矿业企业第五位、全球黄金企业第一位，铜、金业务","3.12%","20250930"
"111","****","和而泰、拓邦股份在智能控制器领域形成双龙头格局。参股摩尔线程","-1.21%","20250930"
"111","****","智算云服务、政府数智化、基建数智化、产业数智化、智慧城市、智","-1.49%","20250930"
"111","****","胜宏科技在AIPCB市场已是全球领军","-1.82%","20250930"
"111","****","4个自建自营的数据中心，运营机柜按标准机柜折算超过57","-0.94%","20250930"
"111","****","公司发货量有望达到40-50GWh","-1.83%","20250930"
"111","****","公司在NORFlash领域全球市占率第二，达23%。","8.2%","20250930"
"111","****","中国大陆领先的存储芯片设计公司，中小型NOR、NAND闪存市","-3.29%","20250930"
"111","****","和而泰、拓邦股份在智能控制器领域形成双龙头格局。参股摩尔线程","-1.21%","20250930"
"111","****","智算云服务、政府数智化、基建数智化、产业数智化、智慧城市、智","-1.49%","20250930"
"111","****","胜宏科技在AIPCB市场已是全球领军","-1.82%","20250930"
"111","****","4个自建自营的数据中心，运营机柜按标准机柜折算超过57","-0.94%","20250930"
"111","****","公司万向节全球规模领先，传动轴国内规模前三，国内配套市场占有","-2.47%","20250930"
"111","****","国内汽车动力传动系统总成和零部件骨干企业，公司投资参股无锡泉","-2.33%","20250930"
"111","****","家用屏蔽泵国内龙头，拓展数据中心液冷泵业务","-1.92%","20250930"
"111","****","HVDC电源领先，HVDC有望逐渐取代UPS","-2.89%","20250930"
"111","****","公司万向节全球规模领先，传动轴国内规模前三，国内配套市场占有","-2.47%","20250930"
"111","****","国内汽车动力传动系统总成和零部件骨干企业，公司投资参股无锡泉","-2.33%","20250930"
"111","****","成长向好，盈利平稳","-2.28%","20250930"
"111","****","洁净室工程行业技术领先龙头，市占率排名第四，6%","-2.8%","20250930"
"111","****","2023年海上风电新增装机第一，占比40.9%","-0.19%","20250930"
"111","****","上海电气核岛主设备国内综合市场占有率持续居于行业第一，生产世","1.94%","20250930"
"111","****","佰维存储eMMC及UFS嵌入式存储产品全球第八、国内第二","9.34%","20250930"
"111","****","公司在NORFlash领域全球市占率第二，达23%。","8.2%","20250930"
"111","****","NORFLASH市占率A股第三，全球市占率2.7%。公司是","11.88%","20250930"
"111","****","主营电子元器件产品分销，拥有拥有SK海力士、联发科及","8.31%","20250930"
"111","****","国内唯一实现刻蚀用单晶硅材料量产的国内厂商","12.32%","20250930"
"111","****","中芯国际是全球第五、中国大陆第一大晶圆代工龙头。全球市占率5","3.02%","20250930"
"111","****","全球最大的制冷控制元器件和全球领先的汽车空调及热管理系统控制","3.93%","20250930"
"111","****","物联网AIOT系统级(SOC)芯片排名第一，旗舰芯片RK3","4.96%","20250930"
"111","****","国内音视频SoC主控芯片领域的领导者，扫地机器人SoC核心","4.24%","20250930"
"111","****","乐鑫在分支领域Wi-FiMCU市场中出货量第一，在大","8.82%","20250930"
"111","****","公司为国内智能机顶盒芯片龙头厂商，公司Wi-Fi芯片发","5.39%","20250930"
"111","****","全球智能音频SoC芯片领域的龙头，S0C芯片产品数量第四","7.25%","20250930"
"111","****","公司蓝牙SOC芯片市占率第一，公司推出全球首颗应用于物联网领","3.13%","20250930"
"111","****","公司蜂窝IoT芯片市占率约为10.4%。公司是国内少数","6.11%","20250930"
"111","****","外销为主的笔记本、平板电脑等消费电子产品ODM厂商","0%","20250930"
"111","****","全球最大的制冷控制元器件和全球领先的汽车空调及热管理系统控制","3.93%","20250930"
"111","****","以军工业务为主，在国防光电测控领域领先地位。大股东长春光机所","1.59%","20250930"
"111","****","全国领先的新媒体业务运营商","0.98%","20250930"
"111","****","2025年出海销量持续超预期","0.55%","20250930"
"111","****","佰维存储eMMC及UFS嵌入式存储产品全球第八、国内第二","9.34%","20250930"
"111","****","公司在NORFlash领域全球市占率第二，达23%。","8.2%","20250930"
"111","****","NORFLASH市占率A股第三，全球市占率2.7%。公司是","11.88%","20250930"
"111","****","主营电子元器件产品分销，拥有拥有SK海力士、联发科及","8.31%","20250930"
"111","****","国内唯一实现刻蚀用单晶硅材料量产的国内厂商","12.32%","20250930"
"111","****","中芯国际是全球第五、中国大陆第一大晶圆代工龙头。全球市占率5","3.02%","20250930"
"111","****","福布斯全球金属矿业企业第五位、全球黄金企业第一位，铜、金业务","3.12%","20250930"
"111","****","鼎芯光电建成国内稀缺的IDM激光器芯片工厂，100GEM","1.76%","20250930"
"111","****","上海电气核岛主设备国内综合市场占有率持续居于行业第一，生产世","1.94%","20250930"
"111","****","数据中心柴油发电机组市占率全球第六，7%；内河航运中速柴油机","-1.41%","20250930"
"111","****","专注军工装备及应急装备，数据中心用柴油发电机组市占率国内第四","2.2%","20250930"
"111","****","以军工业务为主，在国防光电测控领域领先地位。大股东长春光机所","1.59%","20250930"
"111","****","拥有蓝宝石生长-初加工-深加工全套设备及工艺能力，软磁行业的","-2.07%","20250930"
"111","****","公司发货量有望达到40-50GWh","-1.83%","20250930"
"111","****","锂离子电池及系统、铅蓄电池及系统、氢能关键设备及锂、铅资源再","2.59%","20250930"
"111","****","2025年出海销量持续超预期","0.55%","20250930"
"111","****","2021-2024年连续4年储能电池出货量排名全球第一，全","1.17%","20250930"
"111","****","福布斯全球金属矿业企业第五位、全球黄金企业第一位，铜、金业务","3.12%","20250930"
"111","****","福布斯全球金属矿业企业第五位、全球黄金企业第一位，铜、金业务","3.12%","20250930"
"111","****","2021-2024年连续4年储能电池出货量排名全球第一，全","1.17%","20250930"
"111","****","锂离子电池及系统、铅蓄电池及系统、氢能关键设备及锂、铅资源再","2.59%","20250930"
"111","****","福布斯全球金属矿业企业第五位、全球黄金企业第一位，铜、金业务","3.12%","20250930"
"111","****","国内领先的IC载板、半导体测试板供应商","-1.16%","20250930"
"111","****","通信PCB全球市占率第二，3.1%。主营印制电路板、封装基板","-2.1%","20250930"
"111","****","公司在NORFlash领域全球市占率第二，达23%。","8.2%","20250930"
"111","****","佰维存储eMMC及UFS嵌入式存储产品全球第八、国内第二","9.34%","20250930"
"111","****","中国大陆领先的存储芯片设计公司，中小型NOR、NAND闪存市","-3.29%","20250930"
"111","****","NORFLASH市占率A股第三，全球市占率2.7%。公司是","11.88%","20250930"
"111","****","主营电子元器件产品分销，拥有拥有SK海力士、联发科及","8.31%","20250930"
"111","****","全球激光打印市场份额第四，业务包含集成电路设计及应用业务","-1.63%","20250930"
"111","****","“现金奶牛”收益稳健，数据资源入表带来估值提升空间","0%","20250930"
"111","****","公司是全球网络规模第一、客户规模第一、收入规模第一的通信信息","-0.57%","20250930"
"111","****","服务器出货量全球第二，存储装机容量全球第三，人工智能服务器销","2.51%","20250930"
"111","****","武汉国资委旗下，激光产业的知名高科技公司，光模块业务全球第八","-6.73%","20250930"
"111","****","国内领先的软件与信息技术服务商，华为鸿蒙核心合作伙伴","0.91%","20250930"
"111","****","神州鲲泰服务器为鲲鹏领先级合作伙伴昇腾优选级合作伙伴","0.83%","20250930"
"111","****","边缘计算、边缘算力调度龙头企业","0.35%","20250930"
"111","****","国内综合规模TOP3的第三方数据中心运营商","-1.98%","20250930"
"111","****","4个自建自营的数据中心，运营机柜按标准机柜折算超过57","-0.94%","20250930"
"111","****","主营建筑业务，实控人控股华鲲振宇有注入预期","0.08%","20250930"
"111","****","全球唯一集“光通信系统、光纤光缆、光电子器件”光通信三大战略","-1.89%","20250930"
"111","****","金融机具龙头地位稳固，金融信创+出海战略同步推进","-0.43%","20250930"
"111","****","全球蜂窝物联网模组龙头，份额全球第一，布局物联网解决方案及车","2.86%","20250930"
"111","****","行业领先的人工智能物联网服务提供商，珠海国资委旗下","0.84%","20250930"
"111","****","全球最大的制冷控制元器件和全球领先的汽车空调及热管理系统控制","3.93%","20250930"
"111","****","国内汽车动力传动系统总成和零部件骨干企业，公司投资参股无锡泉","-2.33%","20250930"
"111","****","公司万向节全球规模领先，传动轴国内规模前三，国内配套市场占有","-2.47%","20250930"
"111","****","公司跨境电商平台营收规模A股第二，采用“货找人”的商业模式开","-0.96%","20250930"
"111","****","公司万向节全球规模领先，传动轴国内规模前三，国内配套市场占有","-2.47%","20250930"
"111","****","公司万向节全球规模领先，传动轴国内规模前三，国内配套市场占有","-2.47%","20250930"
"111","****","“现金奶牛”收益稳健，数据资源入表带来估值提升空间","0%","20250930"
"111","****","公司是全球网络规模第一、客户规模第一、收入规模第一的通信信息","-0.57%","20250930"
"111","****","全球A1服务器代工市占率第一，35%-40%。全球唯一具备","-0.86%","20250930"
"111","****","800G、1.6T模块加速释放","-5.8%","20250930"
"111","****","胜宏科技在AIPCB市场已是全球领军","-1.82%","20250930"
"111","****","仕佳光子PLC分路器芯片全球市场占有率第二。国内稀缺的同时具","-0.77%","20250930"
"111","****","鼎芯光电建成国内稀缺的IDM激光器芯片工厂，100GEM","1.76%","20250930"
"111","****","800G、1.6T模块加速释放","-5.8%","20250930"
"111","****","胜宏科技在AIPCB市场已是全球领军","-1.82%","20250930"
"111","****","国内领先的半导体分立器件测试系统供应商，半导体行业后道封装测","-0.89%","20250930"
"111","****","公司测试机和分选机在核心性能指标上已达到国内领先、接近国外先","-4.32%","20250930"
"111","****","从事电线电缆、高分子材料、汽车充电设备的研发生产。超高压绝缘","0.5%","20250930"
"111","****","公司半导体设备覆盖品类A股第一，电感性等离子体刻蚀ICP设","-1.45%","20250930"
"111","****","国内唯一实现刻蚀用单晶硅材料量产的国内厂商","12.32%","20250930"
"111","****","A股最大的参股上海微电子的企业，产业园区开发与股权投资并行发","7.3%","20250930"
"111","****","以军工业务为主，在国防光电测控领域领先地位。大股东长春光机所","1.59%","20250930"
"111","****","智能组装、监测设备供货苹果，苹果占公司营收40%；半导体检测","-1.64%","20250930"
"111","****","公司测试机和分选机在核心性能指标上已达到国内领先、接近国外先","-4.32%","20250930"
"111","****","半导体测试系统国际领先，模拟芯片行业市占率高，8600数字测","-0.35%","20250930"
"111","****","国内探针台龙头","-3.55%","20250930"
"111","****","国内领先的半导体分立器件测试系统供应商，半导体行业后道封装测","-0.89%","20250930"
"111","****","福布斯全球金属矿业企业第五位、全球黄金企业第一位，铜、金业务","3.12%","20250930"
"111","****","外销为主的笔记本、平板电脑等消费电子产品ODM厂商","0%","20250930"
"111","****","以吻合器为代表的外科手术医疗器械生产商","-1.6%","20250930"
"111","****","全球最大的制冷控制元器件和全球领先的汽车空调及热管理系统控制","3.93%","20250930"
"111","****","公司发货量有望达到40-50GWh","-1.83%","20250930"
"111","****","公司发货量有望达到40-50GWh","-1.83%","20250930"
"111","****","锂离子电池及系统、铅蓄电池及系统、氢能关键设备及锂、铅资源再","2.59%","20250930"
"111","****","2025年出海销量持续超预期","0.55%","20250930"
"111","****","2021-2024年连续4年储能电池出货量排名全球第一，全","1.17%","20250930"
"111","****","国内领先的IC载板、半导体测试板供应商","-1.16%","20250930"
"111","****","通信PCB全球市占率第二，3.1%。主营印制电路板、封装基板","-2.1%","20250930"
"111","****","公司在NORFlash领域全球市占率第二，达23%。","8.2%","20250930"
"111","****","佰维存储eMMC及UFS嵌入式存储产品全球第八、国内第二","9.34%","20250930"
"111","****","中国大陆领先的存储芯片设计公司，中小型NOR、NAND闪存市","-3.29%","20250930"
"111","****","NORFLASH市占率A股第三，全球市占率2.7%。公司是","11.88%","20250930"
"111","****","主营电子元器件产品分销，拥有拥有SK海力士、联发科及","8.31%","20250930"
"111","****","全球激光打印市场份额第四，业务包含集成电路设计及应用业务","-1.63%","20250930"
"111","****","全球纸质载带龙头企业，市占率全球第一，纸质载带为基，塑料载带","3.3%","20250930"
"111","****","2025年出海销量持续超预期","0.55%","20250930"
"111","****","2021-2024年连续4年储能电池出货量排名全球第一，全","1.17%","20250930"
"111","****","上海电气核岛主设备国内综合市场占有率持续居于行业第一，生产世","1.94%","20250930"
"111","****","福布斯全球金属矿业企业第五位、全球黄金企业第一位，铜、金业务","3.12%","20250930"
"111","****","和而泰、拓邦股份在智能控制器领域形成双龙头格局。参股摩尔线程","-1.21%","20250930"
"111","****","智算云服务、政府数智化、基建数智化、产业数智化、智慧城市、智","-1.49%","20250930"
"111","****","胜宏科技在AIPCB市场已是全球领军","-1.82%","20250930"
"111","****","4个自建自营的数据中心，运营机柜按标准机柜折算超过57","-0.94%","20250930"
"111","****","公司发货量有望达到40-50GWh","-1.83%","20250930"
"111","****","公司在NORFlash领域全球市占率第二，达23%。","8.2%","20250930"
"111","****","中国大陆领先的存储芯片设计公司，中小型NOR、NAND闪存市","-3.29%","20250930"
"111","****","和而泰、拓邦股份在智能控制器领域形成双龙头格局。参股摩尔线程","-1.21%","20250930"
"111","****","智算云服务、政府数智化、基建数智化、产业数智化、智慧城市、智","-1.49%","20250930"
"111","****","胜宏科技在AIPCB市场已是全球领军","-1.82%","20250930"
"111","****","4个自建自营的数据中心，运营机柜按标准机柜折算超过57","-0.94%","20250930"
"111","****","公司万向节全球规模领先，传动轴国内规模前三，国内配套市场占有","-2.47%","20250930"
"111","****","国内汽车动力传动系统总成和零部件骨干企业，公司投资参股无锡泉","-2.33%","20250930"
"111","****","家用屏蔽泵国内龙头，拓展数据中心液冷泵业务","-1.92%","20250930"
"111","****","HVDC电源领先，HVDC有望逐渐取代UPS","-2.89%","20250930"
"111","****","公司万向节全球规模领先，传动轴国内规模前三，国内配套市场占有","-2.47%","20250930"
"111","****","国内汽车动力传动系统总成和零部件骨干企业，公司投资参股无锡泉","-2.33%","20250930"
"111","****","成长向好，盈利平稳","-2.28%","20250930"
"111","****","洁净室工程行业技术领先龙头，市占率排名第四，6%","-2.8%","20250930"
"111","****","2023年海上风电新增装机第一，占比40.9%","-0.19%","20250930"
"111","****","上海电气核岛主设备国内综合市场占有率持续居于行业第一，生产世","1.94%","20250930"
"111","****","佰维存储eMMC及UFS嵌入式存储产品全球第八、国内第二","9.34%","20250930"
"111","****","公司在NORFlash领域全球市占率第二，达23%。","8.2%","20250930"
"111","****","NORFLASH市占率A股第三，全球市占率2.7%。公司是","11.88%","20250930"
"111","****","主营电子元器件产品分销，拥有拥有SK海力士、联发科及","8.31%","20250930"
"111","****","国内唯一实现刻蚀用单晶硅材料量产的国内厂商","12.32%","20250930"
"111","****","中芯国际是全球第五、中国大陆第一大晶圆代工龙头。全球市占率5","3.02%","20250930"
"111","****","全球最大的制冷控制元器件和全球领先的汽车空调及热管理系统控制","3.93%","20250930"
"111","****","物联网AIOT系统级(SOC)芯片排名第一，旗舰芯片RK3","4.96%","20250930"
"111","****","国内音视频SoC主控芯片领域的领导者，扫地机器人SoC核心","4.24%","20250930"
"111","****","乐鑫在分支领域Wi-FiMCU市场中出货量第一，在大","8.82%","20250930"
"111","****","公司为国内智能机顶盒芯片龙头厂商，公司Wi-Fi芯片发","5.39%","20250930"
"111","****","全球智能音频SoC芯片领域的龙头，S0C芯片产品数量第四","7.25%","20250930"
"111","****","公司蓝牙SOC芯片市占率第一，公司推出全球首颗应用于物联网领","3.13%","20250930"
"111","****","公司蜂窝IoT芯片市占率约为10.4%。公司是国内少数","6.11%","20250930"
"111","****","外销为主的笔记本、平板电脑等消费电子产品ODM厂商","0%","20250930"
"111","****","全球最大的制冷控制元器件和全球领先的汽车空调及热管理系统控制","3.93%","20250930"
"111","****","以军工业务为主，在国防光电测控领域领先地位。大股东长春光机所","1.59%","20250930"
"111","****","全国领先的新媒体业务运营商","0.98%","20250930"
"111","****","2025年出海销量持续超预期","0.55%","20250930"
"111","****","佰维存储eMMC及UFS嵌入式存储产品全球第八、国内第二","9.34%","20250930"
"111","****","公司在NORFlash领域全球市占率第二，达23%。","8.2%","20250930"
"111","****","NORFLASH市占率A股第三，全球市占率2.7%。公司是","11.88%","20250930"
"111","****","主营电子元器件产品分销，拥有拥有SK海力士、联发科及","8.31%","20250930"
"111","****","国内唯一实现刻蚀用单晶硅材料量产的国内厂商","12.32%","20250930"
"111","****","中芯国际是全球第五、中国大陆第一大晶圆代工龙头。全球市占率5","3.02%","20250930"
"111","****","福布斯全球金属矿业企业第五位、全球黄金企业第一位，铜、金业务","3.12%","20250930"
"111","****","鼎芯光电建成国内稀缺的IDM激光器芯片工厂，100GEM","1.76%","20250930"
"111","****","上海电气核岛主设备国内综合市场占有率持续居于行业第一，生产世","1.94%","20250930"
"111","****","数据中心柴油发电机组市占率全球第六，7%；内河航运中速柴油机","-1.41%","20250930"
"111","****","专注军工装备及应急装备，数据中心用柴油发电机组市占率国内第四","2.2%","20250930"
"111","****","以军工业务为主，在国防光电测控领域领先地位。大股东长春光机所","1.59%","20250930"
"111","****","拥有蓝宝石生长-初加工-深加工全套设备及工艺能力，软磁行业的","-2.07%","20250930"
"111","****","公司发货量有望达到40-50GWh","-1.83%","20250930"
"111","****","锂离子电池及系统、铅蓄电池及系统、氢能关键设备及锂、铅资源再","2.59%","20250930"
"111","****","2025年出海销量持续超预期","0.55%","20250930"
"111","****","2021-2024年连续4年储能电池出货量排名全球第一，全","1.17%","20250930"
"111","****","福布斯全球金属矿业企业第五位、全球黄金企业第一位，铜、金业务","3.12%","20250930"
"111","****","福布斯全球金属矿业企业第五位、全球黄金企业第一位，铜、金业务","3.12%","20250930"
"111","****","2021-2024年连续4年储能电池出货量排名全球第一，全","1.17%","20250930"
"111","****","锂离子电池及系统、铅蓄电池及系统、氢能关键设备及锂、铅资源再","2.59%","20250930"
"111","****","福布斯全球金属矿业企业第五位、全球黄金企业第一位，铜、金业务","3.12%","20250930"
"111","****","国内领先的IC载板、半导体测试板供应商","-1.16%","20250930"
"111","****","通信PCB全球市占率第二，3.1%。主营印制电路板、封装基板","-2.1%","20250930"
"111","****","公司在NORFlash领域全球市占率第二，达23%。","8.2%","20250930"
"111","****","佰维存储eMMC及UFS嵌入式存储产品全球第八、国内第二","9.34%","20250930"
"111","****","中国大陆领先的存储芯片设计公司，中小型NOR、NAND闪存市","-3.29%","20250930"
"111","****","NORFLASH市占率A股第三，全球市占率2.7%。公司是","11.88%","20250930"
"111","****","主营电子元器件产品分销，拥有拥有SK海力士、联发科及","8.31%","20250930"
"111","****","全球激光打印市场份额第四，业务包含集成电路设计及应用业务","-1.63%","20250930"
"111","****","“现金奶牛”收益稳健，数据资源入表带来估值提升空间","0%","20250930"
"111","****","公司是全球网络规模第一、客户规模第一、收入规模第一的通信信息","-0.57%","20250930"
"111","****","服务器出货量全球第二，存储装机容量全球第三，人工智能服务器销","2.51%","20250930"
"111","****","武汉国资委旗下，激光产业的知名高科技公司，光模块业务全球第八","-6.73%","20250930"
"111","****","国内领先的软件与信息技术服务商，华为鸿蒙核心合作伙伴","0.91%","20250930"
"111","****","神州鲲泰服务器为鲲鹏领先级合作伙伴昇腾优选级合作伙伴","0.83%","20250930"
"111","****","边缘计算、边缘算力调度龙头企业","0.35%","20250930"
"111","****","国内综合规模TOP3的第三方数据中心运营商","-1.98%","20250930"
"111","****","4个自建自营的数据中心，运营机柜按标准机柜折算超过57","-0.94%","20250930"
"111","****","主营建筑业务，实控人控股华鲲振宇有注入预期","0.08%","20250930"
"111","****","全球唯一集“光通信系统、光纤光缆、光电子器件”光通信三大战略","-1.89%","20250930"
"111","****","金融机具龙头地位稳固，金融信创+出海战略同步推进","-0.43%","20250930"
"111","****","全球蜂窝物联网模组龙头，份额全球第一，布局物联网解决方案及车","2.86%","20250930"
"111","****","行业领先的人工智能物联网服务提供商，珠海国资委旗下","0.84%","20250930"
"111","****","全球最大的制冷控制元器件和全球领先的汽车空调及热管理系统控制","3.93%","20250930"
"111","****","国内汽车动力传动系统总成和零部件骨干企业，公司投资参股无锡泉","-2.33%","20250930"
"111","****","公司万向节全球规模领先，传动轴国内规模前三，国内配套市场占有","-2.47%","20250930"
"111","****","公司跨境电商平台营收规模A股第二，采用“货找人”的商业模式开","-0.96%","20250930"
"111","****","公司万向节全球规模领先，传动轴国内规模前三，国内配套市场占有","-2.47%","20250930"
"111","****","公司万向节全球规模领先，传动轴国内规模前三，国内配套市场占有","-2.47%","20250930"
"111","****","“现金奶牛”收益稳健，数据资源入表带来估值提升空间","0%","20250930"
"111","****","公司是全球网络规模第一、客户规模第一、收入规模第一的通信信息","-0.57%","20250930"
"111","****","全球A1服务器代工市占率第一，35%-40%。全球唯一具备","-0.86%","20250930"
"111","****","800G、1.6T模块加速释放","-5.8%","20250930"
"111","****","胜宏科技在AIPCB市场已是全球领军","-1.82%","20250930"
"111","****","仕佳光子PLC分路器芯片全球市场占有率第二。国内稀缺的同时具","-0.77%","20250930"
"111","****","鼎芯光电建成国内稀缺的IDM激光器芯片工厂，100GEM","1.76%","20250930"
"111","****","800G、1.6T模块加速释放","-5.8%","20250930"
"111","****","胜宏科技在AIPCB市场已是全球领军","-1.82%","20250930"
"111","****","国内领先的半导体分立器件测试系统供应商，半导体行业后道封装测","-0.89%","20250930"
"111","****","公司测试机和分选机在核心性能指标上已达到国内领先、接近国外先","-4.32%","20250930"
"111","****","从事电线电缆、高分子材料、汽车充电设备的研发生产。超高压绝缘","0.5%","20250930"
"111","****","公司半导体设备覆盖品类A股第一，电感性等离子体刻蚀ICP设","-1.45%","20250930"
"111","****","国内唯一实现刻蚀用单晶硅材料量产的国内厂商","12.32%","20250930"
"111","****","A股最大的参股上海微电子的企业，产业园区开发与股权投资并行发","7.3%","20250930"
"111","****","以军工业务为主，在国防光电测控领域领先地位。大股东长春光机所","1.59%","20250930"
"111","****","智能组装、监测设备供货苹果，苹果占公司营收40%；半导体检测","-1.64%","20250930"
"111","****","公司测试机和分选机在核心性能指标上已达到国内领先、接近国外先","-4.32%","20250930"
"111","****","半导体测试系统国际领先，模拟芯片行业市占率高，8600数字测","-0.35%","20250930"
"111","****","国内探针台龙头","-3.55%","20250930"
"111","****","国内领先的半导体分立器件测试系统供应商，半导体行业后道封装测","-0.89%","20250930"
"111","****","福布斯全球金属矿业企业第五位、全球黄金企业第一位，铜、金业务","3.12%","20250930"
"111","****","外销为主的笔记本、平板电脑等消费电子产品ODM厂商","0%","20250930"
"111","****","以吻合器为代表的外科手术医疗器械生产商","-1.6%","20250930"
"111","****","全球最大的制冷控制元器件和全球领先的汽车空调及热管理系统控制","3.93%","20250930"
"111","****","公司发货量有望达到40-50GWh","-1.83%","20250930"
"111","****","公司发货量有望达到40-50GWh","-1.83%","20250930"
"111","****","锂离子电池及系统、铅蓄电池及系统、氢能关键设备及锂、铅资源再","2.59%","20250930"
"111","****","2025年出海销量持续超预期","0.55%","20250930"
"111","****","2021-2024年连续4年储能电池出货量排名全球第一，全","1.17%","20250930"
"111","****","国内领先的IC载板、半导体测试板供应商","-1.16%","20250930"
"111","****","通信PCB全球市占率第二，3.1%。主营印制电路板、封装基板","-2.1%","20250930"
"111","****","公司在NORFlash领域全球市占率第二，达23%。","8.2%","20250930"
"111","****","佰维存储eMMC及UFS嵌入式存储产品全球第八、国内第二","9.34%","20250930"
"111","****","中国大陆领先的存储芯片设计公司，中小型NOR、NAND闪存市","-3.29%","20250930"
"111","****","NORFLASH市占率A股第三，全球市占率2.7%。公司是","11.88%","20250930"
"111","****","主营电子元器件产品分销，拥有拥有SK海力士、联发科及","8.31%","20250930"
"111","****","全球激光打印市场份额第四，业务包含集成电路设计及应用业务","-1.63%","20250930"
"111","****","全球纸质载带龙头企业，市占率全球第一，纸质载带为基，塑料载带","3.3%","20250930"
"111","****","2025年出海销量持续超预期","0.55%","20250930"
"111","****","2021-2024年连续4年储能电池出货量排名全球第一，全","1.17%","20250930"
"111","****","上海电气核岛主设备国内综合市场占有率持续居于行业第一，生产世","1.94%","20250930"
"111","****","福布斯全球金属矿业企业第五位、全球黄金企业第一位，铜、金业务","3.12%","20250930"
"111","****","和而泰、拓邦股份在智能控制器领域形成双龙头格局。参股摩尔线程","-1.21%","20250930"
"111","****","胜宏科技在AIPCB市场已是全球领军","-1.82%","20250930"
"111","****","4个自建自营的数据中心，运营机柜按标准机柜折算超过57","-0.94%","20250930"
"111","****","公司发货量有望达到40-50GWh","-1.83%","20250930"
"111","****","公司在NORFlash领域全球市占率第二，达23%。","8.2%","20250930"
"111","****","中国大陆领先的存储芯片设计公司，中小型NOR、NAND闪存市","-3.29%","20250930"
"111","****","和而泰、拓邦股份在智能控制器领域形成双龙头格局。参股摩尔线程","-1.21%","20250930"
"111","****","胜宏科技在AIPCB市场已是全球领军","-1.82%","20250930"
"111","****","4个自建自营的数据中心，运营机柜按标准机柜折算超过57","-0.94%","20250930"
"111","****","公司万向节全球规模领先，传动轴国内规模前三，国内配套市场占有","-2.47%","20250930"
"111","****","国内汽车动力传动系统总成和零部件骨干企业，公司投资参股无锡泉","-2.33%","20250930"
"111","****","家用屏蔽泵国内龙头，拓展数据中心液冷泵业务","-1.92%","20250930"
"111","****","HVDC电源领先，HVDC有望逐渐取代UPS","-2.89%","20250930"
"111","****","公司万向节全球规模领先，传动轴国内规模前三，国内配套市场占有","-2.47%","20250930"
"111","****","国内汽车动力传动系统总成和零部件骨干企业，公司投资参股无锡泉","-2.33%","20250930"
"111","****","成长向好，盈利平稳","-2.28%","20250930"
"111","****","洁净室工程行业技术领先龙头，市占率排名第四，6%","-2.8%","20250930"
"111","****","2023年海上风电新增装机第一，占比40.9%","-0.19%","20250930"
"111","****","上海电气核岛主设备国内综合市场占有率持续居于行业第一，生产世","1.94%","20250930"
"111","****","佰维存储eMMC及UFS嵌入式存储产品全球第八、国内第二","9.34%","20250930"
"111","****","公司在NORFlash领域全球市占率第二，达23%。","8.2%","20250930"
"111","****","NORFLASH市占率A股第三，全球市占率2.7%。公司是","11.88%","20250930"
"111","****","主营电子元器件产品分销，拥有拥有SK海力士、联发科及","8.31%","20250930"
"111","****","国内唯一实现刻蚀用单晶硅材料量产的国内厂商","12.32%","20250930"
"111","****","中芯国际是全球第五、中国大陆第一大晶圆代工龙头。全球市占率5","3.02%","20250930"
"111","****","全球最大的制冷控制元器件和全球领先的汽车空调及热管理系统控制","3.93%","20250930"
"111","****","物联网AIOT系统级(SOC)芯片排名第一，旗舰芯片RK3","4.96%","20250930"
"111","****","国内音视频SoC主控芯片领域的领导者，扫地机器人SoC核心","4.24%","20250930"
"111","****","乐鑫在分支领域Wi-FiMCU市场中出货量第一，在大","8.82%","20250930"
"111","****","公司为国内智能机顶盒芯片龙头厂商，公司Wi-Fi芯片发","5.39%","20250930"
"111","****","全球智能音频SoC芯片领域的龙头，S0C芯片产品数量第四","7.25%","20250930"
"111","****","公司蓝牙SOC芯片市占率第一，公司推出全球首颗应用于物联网领","3.13%","20250930"
"111","****","公司蜂窝IoT芯片市占率约为10.4%。公司是国内少数","6.11%","20250930"
"111","****","外销为主的笔记本、平板电脑等消费电子产品ODM厂商","0%","20250930"
"111","****","全球最大的制冷控制元器件和全球领先的汽车空调及热管理系统控制","3.93%","20250930"
"111","****","以军工业务为主，在国防光电测控领域领先地位。大股东长春光机所","1.59%","20250930"
"111","****","全国领先的新媒体业务运营商","0.98%","20250930"
"111","****","2025年出海销量持续超预期","0.55%","20250930"
"111","****","佰维存储eMMC及UFS嵌入式存储产品全球第八、国内第二","9.34%","20250930"
"111","****","公司在NORFlash领域全球市占率第二，达23%。","8.2%","20250930"
"111","****","NORFLASH市占率A股第三，全球市占率2.7%。公司是","11.88%","20250930"
"111","****","主营电子元器件产品分销，拥有拥有SK海力士、联发科及","8.31%","20250930"
"111","****","国内唯一实现刻蚀用单晶硅材料量产的国内厂商","12.32%","20250930"
"111","****","中芯国际是全球第五、中国大陆第一大晶圆代工龙头。全球市占率5","3.02%","20250930"
"111","****","福布斯全球金属矿业企业第五位、全球黄金企业第一位，铜、金业务","3.12%","20250930"
"111","****","鼎芯光电建成国内稀缺的IDM激光器芯片工厂，100GEM","1.76%","20250930"
"111","****","上海电气核岛主设备国内综合市场占有率持续居于行业第一，生产世","1.94%","20250930"
"111","****","数据中心柴油发电机组市占率全球第六，7%；内河航运中速柴油机","-1.41%","20250930"
"111","****","专注军工装备及应急装备，数据中心用柴油发电机组市占率国内第四","2.2%","20250930"
"111","****","以军工业务为主，在国防光电测控领域领先地位。大股东长春光机所","1.59%","20250930"
"111","****","拥有蓝宝石生长-初加工-深加工全套设备及工艺能力，软磁行业的","-2.07%","20250930"
"111","****","公司发货量有望达到40-50GWh","-1.83%","20250930"
"111","****","锂离子电池及系统、铅蓄电池及系统、氢能关键设备及锂、铅资源再","2.59%","20250930"
"111","****","2025年出海销量持续超预期","0.55%","20250930"
"111","****","2021-2024年连续4年储能电池出货量排名全球第一，全","1.17%","20250930"
"111","****","福布斯全球金属矿业企业第五位、全球黄金企业第一位，铜、金业务","3.12%","20250930"
"111","****","福布斯全球金属矿业企业第五位、全球黄金企业第一位，铜、金业务","3.12%","20250930"
"111","****","2021-2024年连续4年储能电池出货量排名全球第一，全","1.17%","20250930"
"111","****","锂离子电池及系统、铅蓄电池及系统、氢能关键设备及锂、铅资源再","2.59%","20250930"
"111","****","福布斯全球金属矿业企业第五位、全球黄金企业第一位，铜、金业务","3.12%","20250930"
"111","****","国内领先的IC载板、半导体测试板供应商","-1.16%","20250930"
"111","****","通信PCB全球市占率第二，3.1%。主营印制电路板、封装基板","-2.1%","20250930"
"111","****","公司在NORFlash领域全球市占率第二，达23%。","8.2%","20250930"
"111","****","佰维存储eMMC及UFS嵌入式存储产品全球第八、国内第二","9.34%","20250930"
"111","****","中国大陆领先的存储芯片设计公司，中小型NOR、NAND闪存市","-3.29%","20250930"
"111","****","NORFLASH市占率A股第三，全球市占率2.7%。公司是","11.88%","20250930"
"111","****","主营电子元器件产品分销，拥有拥有SK海力士、联发科及","8.31%","20250930"
"111","****","全球激光打印市场份额第四，业务包含集成电路设计及应用业务","-1.63%","20250930"
"111","****","“现金奶牛”收益稳健，数据资源入表带来估值提升空间","0%","20250930"
"111","****","公司是全球网络规模第一、客户规模第一、收入规模第一的通信信息","-0.57%","20250930"
"111","****","服务器出货量全球第二，存储装机容量全球第三，人工智能服务器销","2.51%","20250930"
"111","****","武汉国资委旗下，激光产业的知名高科技公司，光模块业务全球第八","-6.73%","20250930"
"111","****","国内领先的软件与信息技术服务商，华为鸿蒙核心合作伙伴","0.91%","20250930"
"111","****","神州鲲泰服务器为鲲鹏领先级合作伙伴昇腾优选级合作伙伴","0.83%","20250930"
"111","****","边缘计算、边缘算力调度龙头企业","0.35%","20250930"
"111","****","国内综合规模TOP3的第三方数据中心运营商","-1.98%","20250930"
"111","****","4个自建自营的数据中心，运营机柜按标准机柜折算超过57","-0.94%","20250930"
"111","****","主营建筑业务，实控人控股华鲲振宇有注入预期","0.08%","20250930"
"111","****","全球唯一集“光通信系统、光纤光缆、光电子器件”光通信三大战略","-1.89%","20250930"
"111","****","金融机具龙头地位稳固，金融信创+出海战略同步推进","-0.43%","20250930"
"111","****","全球蜂窝物联网模组龙头，份额全球第一，布局物联网解决方案及车","2.86%","20250930"
"111","****","行业领先的人工智能物联网服务提供商，珠海国资委旗下","0.84%","20250930"
"111","****","全球最大的制冷控制元器件和全球领先的汽车空调及热管理系统控制","3.93%","20250930"
"111","****","国内汽车动力传动系统总成和零部件骨干企业，公司投资参股无锡泉","-2.33%","20250930"
"111","****","公司万向节全球规模领先，传动轴国内规模前三，国内配套市场占有","-2.47%","20250930"
"111","****","公司跨境电商平台营收规模A股第二，采用“货找人”的商业模式开","-0.96%","20250930"
"111","****","公司万向节全球规模领先，传动轴国内规模前三，国内配套市场占有","-2.47%","20250930"
"111","****","公司万向节全球规模领先，传动轴国内规模前三，国内配套市场占有","-2.47%","20250930"
"111","****","“现金奶牛”收益稳健，数据资源入表带来估值提升空间","0%","20250930"
"111","****","公司是全球网络规模第一、客户规模第一、收入规模第一的通信信息","-0.57%","20250930"
"111","****","全球A1服务器代工市占率第一，35%-40%。全球唯一具备","-0.86%","20250930"
"111","****","800G、1.6T模块加速释放","-5.8%","20250930"
"111","****","胜宏科技在AIPCB市场已是全球领军","-1.82%","20250930"
"111","****","仕佳光子PLC分路器芯片全球市场占有率第二。国内稀缺的同时具","-0.77%","20250930"
"111","****","鼎芯光电建成国内稀缺的IDM激光器芯片工厂，100GEM","1.76%","20250930"
"111","****","800G、1.6T模块加速释放","-5.8%","20250930"
"111","****","胜宏科技在AIPCB市场已是全球领军","-1.82%","20250930"
"111","****","国内领先的半导体分立器件测试系统供应商，半导体行业后道封装测","-0.89%","20250930"
"111","****","公司测试机和分选机在核心性能指标上已达到国内领先、接近国外先","-4.32%","20250930"
"111","****","从事电线电缆、高分子材料、汽车充电设备的研发生产。超高压绝缘","0.5%","20250930"
"111","****","公司半导体设备覆盖品类A股第一，电感性等离子体刻蚀ICP设","-1.45%","20250930"
"111","****","国内唯一实现刻蚀用单晶硅材料量产的国内厂商","12.32%","20250930"
"111","****","A股最大的参股上海微电子的企业，产业园区开发与股权投资并行发","7.3%","20250930"
"111","****","以军工业务为主，在国防光电测控领域领先地位。大股东长春光机所","1.59%","20250930"
"111","****","智能组装、监测设备供货苹果，苹果占公司营收40%；半导体检测","-1.64%","20250930"
"111","****","公司测试机和分选机在核心性能指标上已达到国内领先、接近国外先","-4.32%","20250930"
"111","****","半导体测试系统国际领先，模拟芯片行业市占率高，8600数字测","-0.35%","20250930"
"111","****","国内探针台龙头","-3.55%","20250930"
"111","****","国内领先的半导体分立器件测试系统供应商，半导体行业后道封装测","-0.89%","20250930"
"111","****","福布斯全球金属矿业企业第五位、全球黄金企业第一位，铜、金业务","3.12%","20250930"
"111","****","外销为主的笔记本、平板电脑等消费电子产品ODM厂商","0%","20250930"
"111","****","以吻合器为代表的外科手术医疗器械生产商","-1.6%","20250930"
"111","****","全球最大的制冷控制元器件和全球领先的汽车空调及热管理系统控制","3.93%","20250930"
"111","****","公司发货量有望达到40-50GWh","-1.83%","20250930"
"111","****","公司发货量有望达到40-50GWh","-1.83%","20250930"
"111","****","锂离子电池及系统、铅蓄电池及系统、氢能关键设备及锂、铅资源再","2.59%","20250930"
"111","****","2025年出海销量持续超预期","0.55%","20250930"
"111","****","2021-2024年连续4年储能电池出货量排名全球第一，全","1.17%","20250930"
"111","****","国内领先的IC载板、半导体测试板供应商","-1.16%","20250930"
"111","****","通信PCB全球市占率第二，3.1%。主营印制电路板、封装基板","-2.1%","20250930"
"111","****","公司在NORFlash领域全球市占率第二，达23%。","8.2%","20250930"
"111","****","佰维存储eMMC及UFS嵌入式存储产品全球第八、国内第二","9.34%","20250930"
"111","****","中国大陆领先的存储芯片设计公司，中小型NOR、NAND闪存市","-3.29%","20250930"
"111","****","NORFLASH市占率A股第三，全球市占率2.7%。公司是","11.88%","20250930"
"111","****","主营电子元器件产品分销，拥有拥有SK海力士、联发科及","8.31%","20250930"
"111","****","全球激光打印市场份额第四，业务包含集成电路设计及应用业务","-1.63%","20250930"
"111","****","全球纸质载带龙头企业，市占率全球第一，纸质载带为基，塑料载带","3.3%","20250930"
"111","****","2025年出海销量持续超预期","0.55%","20250930"
"111","****","2021-2024年连续4年储能电池出货量排名全球第一，全","1.17%","20250930"
"111","****","上海电气核岛主设备国内综合市场占有率持续居于行业第一，生产世","1.94%","20250930"
"111","****","福布斯全球金属矿业企业第五位、全球黄金企业第一位，铜、金业务","3.12%","20250930"
"111","****","和而泰、拓邦股份在智能控制器领域形成双龙头格局。参股摩尔线程","-1.21%","20250930"
"111","****","胜宏科技在AIPCB市场已是全球领军","-1.82%","20250930"
"111","****","4个自建自营的数据中心，运营机柜按标准机柜折算超过57","-0.94%","20250930"
"111","****","公司发货量有望达到40-50GWh","-1.83%","20250930"
"111","****","公司在NORFlash领域全球市占率第二，达23%。","8.2%","20250930"
"111","****","中国大陆领先的存储芯片设计公司，中小型NOR、NAND闪存市","-3.29%","20250930"
"111","****","和而泰、拓邦股份在智能控制器领域形成双龙头格局。参股摩尔线程","-1.21%","20250930"
"111","****","胜宏科技在AIPCB市场已是全球领军","-1.82%","20250930"
"111","****","4个自建自营的数据中心，运营机柜按标准机柜折算超过57","-0.94%","20250930"
"111","****","公司万向节全球规模领先，传动轴国内规模前三，国内配套市场占有","-2.47%","20250930"
"111","****","国内汽车动力传动系统总成和零部件骨干企业，公司投资参股无锡泉","-2.33%","20250930"
"111","****","家用屏蔽泵国内龙头，拓展数据中心液冷泵业务","-1.92%","20250930"
"111","****","HVDC电源领先，HVDC有望逐渐取代UPS","-2.89%","20250930"
"111","****","公司万向节全球规模领先，传动轴国内规模前三，国内配套市场占有","-2.47%","20250930"
"111","****","国内汽车动力传动系统总成和零部件骨干企业，公司投资参股无锡泉","-2.33%","20250930"
"111","****","成长向好，盈利平稳","-2.28%","20250930"
"111","****","洁净室工程行业技术领先龙头，市占率排名第四，6%","-2.8%","20250930"
"111","****","2023年海上风电新增装机第一，占比40.9%","-0.19%","20250930"
"111","****","上海电气核岛主设备国内综合市场占有率持续居于行业第一，生产世","1.94%","20250930"
"111","****","佰维存储eMMC及UFS嵌入式存储产品全球第八、国内第二","9.34%","20250930"
"111","****","公司在NORFlash领域全球市占率第二，达23%。","8.2%","20250930"
"111","****","NORFLASH市占率A股第三，全球市占率2.7%。公司是","11.88%","20250930"
"111","****","主营电子元器件产品分销，拥有拥有SK海力士、联发科及","8.31%","20250930"
"111","****","国内唯一实现刻蚀用单晶硅材料量产的国内厂商","12.32%","20250930"
"111","****","中芯国际是全球第五、中国大陆第一大晶圆代工龙头。全球市占率5","3.02%","20250930"
"111","****","全球最大的制冷控制元器件和全球领先的汽车空调及热管理系统控制","3.93%","20250930"
"111","****","物联网AIOT系统级(SOC)芯片排名第一，旗舰芯片RK3","4.96%","20250930"
"111","****","国内音视频SoC主控芯片领域的领导者，扫地机器人SoC核心","4.24%","20250930"
"111","****","乐鑫在分支领域Wi-FiMCU市场中出货量第一，在大","8.82%","20250930"
"111","****","公司为国内智能机顶盒芯片龙头厂商，公司Wi-Fi芯片发","5.39%","20250930"
"111","****","全球智能音频SoC芯片领域的龙头，S0C芯片产品数量第四","7.25%","20250930"
"111","****","公司蓝牙SOC芯片市占率第一，公司推出全球首颗应用于物联网领","3.13%","20250930"
"111","****","公司蜂窝IoT芯片市占率约为10.4%。公司是国内少数","6.11%","20250930"
"111","****","外销为主的笔记本、平板电脑等消费电子产品ODM厂商","0%","20250930"
"111","****","全球最大的制冷控制元器件和全球领先的汽车空调及热管理系统控制","3.93%","20250930"
"111","****","以军工业务为主，在国防光电测控领域领先地位。大股东长春光机所","1.59%","20250930"
"111","****","全国领先的新媒体业务运营商","0.98%","20250930"
"111","****","2025年出海销量持续超预期","0.55%","20250930"
"111","****","佰维存储eMMC及UFS嵌入式存储产品全球第八、国内第二","9.34%","20250930"
"111","****","公司在NORFlash领域全球市占率第二，达23%。","8.2%","20250930"
"111","****","NORFLASH市占率A股第三，全球市占率2.7%。公司是","11.88%","20250930"
"111","****","主营电子元器件产品分销，拥有拥有SK海力士、联发科及","8.31%","20250930"
"111","****","国内唯一实现刻蚀用单晶硅材料量产的国内厂商","12.32%","20250930"
"111","****","中芯国际是全球第五、中国大陆第一大晶圆代工龙头。全球市占率5","3.02%","20250930"
"111","****","福布斯全球金属矿业企业第五位、全球黄金企业第一位，铜、金业务","3.12%","20250930"
"111","****","鼎芯光电建成国内稀缺的IDM激光器芯片工厂，100GEM","1.76%","20250930"
"111","****","上海电气核岛主设备国内综合市场占有率持续居于行业第一，生产世","1.94%","20250930"
"111","****","数据中心柴油发电机组市占率全球第六，7%；内河航运中速柴油机","-1.41%","20250930"
"111","****","专注军工装备及应急装备，数据中心用柴油发电机组市占率国内第四","2.2%","20250930"
"111","****","以军工业务为主，在国防光电测控领域领先地位。大股东长春光机所","1.59%","20250930"
"111","****","拥有蓝宝石生长-初加工-深加工全套设备及工艺能力，软磁行业的","-2.07%","20250930"
"111","****","公司发货量有望达到40-50GWh","-1.83%","20250930"
"111","****","锂离子电池及系统、铅蓄电池及系统、氢能关键设备及锂、铅资源再","2.59%","20250930"
"111","****","2025年出海销量持续超预期","0.55%","20250930"
"111","****","2021-2024年连续4年储能电池出货量排名全球第一，全","1.17%","20250930"
"111","****","福布斯全球金属矿业企业第五位、全球黄金企业第一位，铜、金业务","3.12%","20250930"
"111","****","福布斯全球金属矿业企业第五位、全球黄金企业第一位，铜、金业务","3.12%","20250930"
"111","****","2021-2024年连续4年储能电池出货量排名全球第一，全","1.17%","20250930"
"111","****","锂离子电池及系统、铅蓄电池及系统、氢能关键设备及锂、铅资源再","2.59%","20250930"
"111","****","福布斯全球金属矿业企业第五位、全球黄金企业第一位，铜、金业务","3.12%","20250930"
"111","****","国内领先的IC载板、半导体测试板供应商","-1.16%","20250930"
"111","****","通信PCB全球市占率第二，3.1%。主营印制电路板、封装基板","-2.1%","20250930"
"111","****","公司在NORFlash领域全球市占率第二，达23%。","8.2%","20250930"
"111","****","佰维存储eMMC及UFS嵌入式存储产品全球第八、国内第二","9.34%","20250930"
"111","****","中国大陆领先的存储芯片设计公司，中小型NOR、NAND闪存市","-3.29%","20250930"
"111","****","NORFLASH市占率A股第三，全球市占率2.7%。公司是","11.88%","20250930"
"111","****","主营电子元器件产品分销，拥有拥有SK海力士、联发科及","8.31%","20250930"
"111","****","全球激光打印市场份额第四，业务包含集成电路设计及应用业务","-1.63%","20250930"
"111","****","“现金奶牛”收益稳健，数据资源入表带来估值提升空间","0%","20250930"
"111","****","公司是全球网络规模第一、客户规模第一、收入规模第一的通信信息","-0.57%","20250930"
"111","****","服务器出货量全球第二，存储装机容量全球第三，人工智能服务器销","2.51%","20250930"
"111","****","武汉国资委旗下，激光产业的知名高科技公司，光模块业务全球第八","-6.73%","20250930"
"111","****","国内领先的软件与信息技术服务商，华为鸿蒙核心合作伙伴","0.91%","20250930"
"111","****","神州鲲泰服务器为鲲鹏领先级合作伙伴昇腾优选级合作伙伴","0.83%","20250930"
"111","****","边缘计算、边缘算力调度龙头企业","0.35%","20250930"
"111","****","国内综合规模TOP3的第三方数据中心运营商","-1.98%","20250930"
"111","****","4个自建自营的数据中心，运营机柜按标准机柜折算超过57","-0.94%","20250930"
"111","****","主营建筑业务，实控人控股华鲲振宇有注入预期","0.08%","20250930"
"111","****","全球唯一集“光通信系统、光纤光缆、光电子器件”光通信三大战略","-1.89%","20250930"
"111","****","金融机具龙头地位稳固，金融信创+出海战略同步推进","-0.43%","20250930"
"111","****","全球蜂窝物联网模组龙头，份额全球第一，布局物联网解决方案及车","2.86%","20250930"
"111","****","行业领先的人工智能物联网服务提供商，珠海国资委旗下","0.84%","20250930"
"111","****","全球最大的制冷控制元器件和全球领先的汽车空调及热管理系统控制","3.93%","20250930"
"111","****","国内汽车动力传动系统总成和零部件骨干企业，公司投资参股无锡泉","-2.33%","20250930"
"111","****","公司万向节全球规模领先，传动轴国内规模前三，国内配套市场占有","-2.47%","20250930"
"111","****","公司跨境电商平台营收规模A股第二，采用“货找人”的商业模式开","-0.96%","20250930"
"111","****","公司万向节全球规模领先，传动轴国内规模前三，国内配套市场占有","-2.47%","20250930"
"111","****","公司万向节全球规模领先，传动轴国内规模前三，国内配套市场占有","-2.47%","20250930"
"111","****","“现金奶牛”收益稳健，数据资源入表带来估值提升空间","0%","20250930"
"111","****","公司是全球网络规模第一、客户规模第一、收入规模第一的通信信息","-0.57%","20250930"
"111","****","全球A1服务器代工市占率第一，35%-40%。全球唯一具备","-0.86%","20250930"
"111","****","800G、1.6T模块加速释放","-5.8%","20250930"
"111","****","胜宏科技在AIPCB市场已是全球领军","-1.82%","20250930"
"111","****","仕佳光子PLC分路器芯片全球市场占有率第二。国内稀缺的同时具","-0.77%","20250930"
"111","****","鼎芯光电建成国内稀缺的IDM激光器芯片工厂，100GEM","1.76%","20250930"
"111","****","800G、1.6T模块加速释放","-5.8%","20250930"
"111","****","胜宏科技在AIPCB市场已是全球领军","-1.82%","20250930"
"111","****","国内领先的半导体分立器件测试系统供应商，半导体行业后道封装测","-0.89%","20250930"
"111","****","公司测试机和分选机在核心性能指标上已达到国内领先、接近国外先","-4.32%","20250930"
"111","****","从事电线电缆、高分子材料、汽车充电设备的研发生产。超高压绝缘","0.5%","20250930"
"111","****","公司半导体设备覆盖品类A股第一，电感性等离子体刻蚀ICP设","-1.45%","20250930"
"111","****","国内唯一实现刻蚀用单晶硅材料量产的国内厂商","12.32%","20250930"
"111","****","A股最大的参股上海微电子的企业，产业园区开发与股权投资并行发","7.3%","20250930"
"111","****","以军工业务为主，在国防光电测控领域领先地位。大股东长春光机所","1.59%","20250930"
"111","****","智能组装、监测设备供货苹果，苹果占公司营收40%；半导体检测","-1.64%","20250930"
"111","****","公司测试机和分选机在核心性能指标上已达到国内领先、接近国外先","-4.32%","20250930"
"111","****","半导体测试系统国际领先，模拟芯片行业市占率高，8600数字测","-0.35%","20250930"
"111","****","国内探针台龙头","-3.55%","20250930"
"111","****","国内领先的半导体分立器件测试系统供应商，半导体行业后道封装测","-0.89%","20250930"
"111","****","福布斯全球金属矿业企业第五位、全球黄金企业第一位，铜、金业务","3.12%","20250930"
"111","****","外销为主的笔记本、平板电脑等消费电子产品ODM厂商","0%","20250930"
"111","****","以吻合器为代表的外科手术医疗器械生产商","-1.6%","20250930"
"111","****","全球最大的制冷控制元器件和全球领先的汽车空调及热管理系统控制","3.93%","20250930"
"111","****","公司发货量有望达到40-50GWh","-1.83%","20250930"
"111","****","公司发货量有望达到40-50GWh","-1.83%","20250930"
"111","****","锂离子电池及系统、铅蓄电池及系统、氢能关键设备及锂、铅资源再","2.59%","20250930"
"111","****","2025年出海销量持续超预期","0.55%","20250930"
"111","****","2021-2024年连续4年储能电池出货量排名全球第一，全","1.17%","20250930"
"111","****","国内领先的IC载板、半导体测试板供应商","-1.16%","20250930"
"111","****","通信PCB全球市占率第二，3.1%。主营印制电路板、封装基板","-2.1%","20250930"
"111","****","公司在NORFlash领域全球市占率第二，达23%。","8.2%","20250930"
"111","****","佰维存储eMMC及UFS嵌入式存储产品全球第八、国内第二","9.34%","20250930"
"111","****","中国大陆领先的存储芯片设计公司，中小型NOR、NAND闪存市","-3.29%","20250930"
"111","****","NORFLASH市占率A股第三，全球市占率2.7%。公司是","11.88%","20250930"
"111","****","主营电子元器件产品分销，拥有拥有SK海力士、联发科及","8.31%","20250930"
"111","****","全球激光打印市场份额第四，业务包含集成电路设计及应用业务","-1.63%","20250930"
"111","****","全球纸质载带龙头企业，市占率全球第一，纸质载带为基，塑料载带","3.3%","20250930"
"111","****","2025年出海销量持续超预期","0.55%","20250930"
"111","****","2021-2024年连续4年储能电池出货量排名全球第一，全","1.17%","20250930"
"111","****","上海电气核岛主设备国内综合市场占有率持续居于行业第一，生产世","1.94%","20250930"
"111","****","福布斯全球金属矿业企业第五位、全球黄金企业第一位，铜、金业务","3.12%","20250930"
"111","****","和而泰、拓邦股份在智能控制器领域形成双龙头格局。参股摩尔线程","-1.21%","20250930"
"111","****","胜宏科技在AIPCB市场已是全球领军","-1.82%","20250930"
"111","****","4个自建自营的数据中心，运营机柜按标准机柜折算超过57","-0.94%","20250930"
"111","****","公司发货量有望达到40-50GWh","-1.83%","20250930"
"111","****","公司在NORFlash领域全球市占率第二，达23%。","8.2%","20250930"
"111","****","中国大陆领先的存储芯片设计公司，中小型NOR、NAND闪存市","-3.29%","20250930"
"111","****","和而泰、拓邦股份在智能控制器领域形成双龙头格局。参股摩尔线程","-1.21%","20250930"
"111","****","胜宏科技在AIPCB市场已是全球领军","-1.82%","20250930"
"111","****","4个自建自营的数据中心，运营机柜按标准机柜折算超过57","-0.94%","20250930"
"111","****","公司万向节全球规模领先，传动轴国内规模前三，国内配套市场占有","-2.47%","20250930"
"111","****","国内汽车动力传动系统总成和零部件骨干企业，公司投资参股无锡泉","-2.33%","20250930"
"111","****","家用屏蔽泵国内龙头，拓展数据中心液冷泵业务","-1.92%","20250930"
"111","****","HVDC电源领先，HVDC有望逐渐取代UPS","-2.89%","20250930"
"111","****","公司万向节全球规模领先，传动轴国内规模前三，国内配套市场占有","-2.47%","20250930"
"111","****","国内汽车动力传动系统总成和零部件骨干企业，公司投资参股无锡泉","-2.33%","20250930"
"111","****","成长向好，盈利平稳","-2.28%","20250930"
"111","****","洁净室工程行业技术领先龙头，市占率排名第四，6%","-2.8%","20250930"
"111","****","2023年海上风电新增装机第一，占比40.9%","-0.19%","20250930"
"111","****","上海电气核岛主设备国内综合市场占有率持续居于行业第一，生产世","1.94%","20250930"
"111","****","佰维存储eMMC及UFS嵌入式存储产品全球第八、国内第二","9.34%","20250930"
"111","****","公司在NORFlash领域全球市占率第二，达23%。","8.2%","20250930"
"111","****","NORFLASH市占率A股第三，全球市占率2.7%。公司是","11.88%","20250930"
"111","****","主营电子元器件产品分销，拥有拥有SK海力士、联发科及","8.31%","20250930"
"111","****","国内唯一实现刻蚀用单晶硅材料量产的国内厂商","12.32%","20250930"
"111","****","中芯国际是全球第五、中国大陆第一大晶圆代工龙头。全球市占率5","3.02%","20250930"
"111","****","全球最大的制冷控制元器件和全球领先的汽车空调及热管理系统控制","3.93%","20250930"
"111","****","物联网AIOT系统级(SOC)芯片排名第一，旗舰芯片RK3","4.96%","20250930"
"111","****","国内音视频SoC主控芯片领域的领导者，扫地机器人SoC核心","4.24%","20250930"
"111","****","乐鑫在分支领域Wi-FiMCU市场中出货量第一，在大","8.82%","20250930"
"111","****","公司为国内智能机顶盒芯片龙头厂商，公司Wi-Fi芯片发","5.39%","20250930"
"111","****","全球智能音频SoC芯片领域的龙头，S0C芯片产品数量第四","7.25%","20250930"
"111","****","公司蓝牙SOC芯片市占率第一，公司推出全球首颗应用于物联网领","3.13%","20250930"
"111","****","公司蜂窝IoT芯片市占率约为10.4%。公司是国内少数","6.11%","20250930"
"111","****","外销为主的笔记本、平板电脑等消费电子产品ODM厂商","0%","20250930"
"111","****","全球最大的制冷控制元器件和全球领先的汽车空调及热管理系统控制","3.93%","20250930"
"111","****","以军工业务为主，在国防光电测控领域领先地位。大股东长春光机所","1.59%","20250930"
"111","****","全国领先的新媒体业务运营商","0.98%","20250930"
"111","****","2025年出海销量持续超预期","0.55%","20250930"
"111","****","佰维存储eMMC及UFS嵌入式存储产品全球第八、国内第二","9.34%","20250930"
"111","****","公司在NORFlash领域全球市占率第二，达23%。","8.2%","20250930"
"111","****","NORFLASH市占率A股第三，全球市占率2.7%。公司是","11.88%","20250930"
"111","****","主营电子元器件产品分销，拥有拥有SK海力士、联发科及","8.31%","20250930"
"111","****","国内唯一实现刻蚀用单晶硅材料量产的国内厂商","12.32%","20250930"
"111","****","中芯国际是全球第五、中国大陆第一大晶圆代工龙头。全球市占率5","3.02%","20250930"
"111","****","福布斯全球金属矿业企业第五位、全球黄金企业第一位，铜、金业务","3.12%","20250930"
"111","****","鼎芯光电建成国内稀缺的IDM激光器芯片工厂，100GEM","1.76%","20250930"
"111","****","上海电气核岛主设备国内综合市场占有率持续居于行业第一，生产世","1.94%","20250930"
"111","****","数据中心柴油发电机组市占率全球第六，7%；内河航运中速柴油机","-1.41%","20250930"
"111","****","专注军工装备及应急装备，数据中心用柴油发电机组市占率国内第四","2.2%","20250930"
"111","****","以军工业务为主，在国防光电测控领域领先地位。大股东长春光机所","1.59%","20250930"
"111","****","拥有蓝宝石生长-初加工-深加工全套设备及工艺能力，软磁行业的","-2.07%","20250930"
"111","****","公司发货量有望达到40-50GWh","-1.83%","20250930"
"111","****","锂离子电池及系统、铅蓄电池及系统、氢能关键设备及锂、铅资源再","2.59%","20250930"
"111","****","2025年出海销量持续超预期","0.55%","20250930"
"111","****","2021-2024年连续4年储能电池出货量排名全球第一，全","1.17%","20250930"
"111","****","福布斯全球金属矿业企业第五位、全球黄金企业第一位，铜、金业务","3.12%","20250930"
"111","****","福布斯全球金属矿业企业第五位、全球黄金企业第一位，铜、金业务","3.12%","20250930"
"111","****","2021-2024年连续4年储能电池出货量排名全球第一，全","1.17%","20250930"
"111","****","锂离子电池及系统、铅蓄电池及系统、氢能关键设备及锂、铅资源再","2.59%","20250930"
"111","****","福布斯全球金属矿业企业第五位、全球黄金企业第一位，铜、金业务","3.12%","20250930"
"111","****","国内领先的IC载板、半导体测试板供应商","-1.16%","20250930"
"111","****","通信PCB全球市占率第二，3.1%。主营印制电路板、封装基板","-2.1%","20250930"
"111","****","公司在NORFlash领域全球市占率第二，达23%。","8.2%","20250930"
"111","****","佰维存储eMMC及UFS嵌入式存储产品全球第八、国内第二","9.34%","20250930"
"111","****","中国大陆领先的存储芯片设计公司，中小型NOR、NAND闪存市","-3.29%","20250930"
"111","****","NORFLASH市占率A股第三，全球市占率2.7%。公司是","11.88%","20250930"
"111","****","主营电子元器件产品分销，拥有拥有SK海力士、联发科及","8.31%","20250930"
"111","****","全球激光打印市场份额第四，业务包含集成电路设计及应用业务","-1.63%","20250930"
"111","****","“现金奶牛”收益稳健，数据资源入表带来估值提升空间","0%","20250930"
"111","****","公司是全球网络规模第一、客户规模第一、收入规模第一的通信信息","-0.57%","20250930"
"111","****","服务器出货量全球第二，存储装机容量全球第三，人工智能服务器销","2.51%","20250930"
"111","****","武汉国资委旗下，激光产业的知名高科技公司，光模块业务全球第八","-6.73%","20250930"
"111","****","国内领先的软件与信息技术服务商，华为鸿蒙核心合作伙伴","0.91%","20250930"
"111","****","神州鲲泰服务器为鲲鹏领先级合作伙伴昇腾优选级合作伙伴","0.83%","20250930"
"111","****","边缘计算、边缘算力调度龙头企业","0.35%","20250930"
"111","****","国内综合规模TOP3的第三方数据中心运营商","-1.98%","20250930"
"111","****","4个自建自营的数据中心，运营机柜按标准机柜折算超过57","-0.94%","20250930"
"111","****","主营建筑业务，实控人控股华鲲振宇有注入预期","0.08%","20250930"
"111","****","全球唯一集“光通信系统、光纤光缆、光电子器件”光通信三大战略","-1.89%","20250930"
"111","****","金融机具龙头地位稳固，金融信创+出海战略同步推进","-0.43%","20250930"
"111","****","全球蜂窝物联网模组龙头，份额全球第一，布局物联网解决方案及车","2.86%","20250930"
"111","****","行业领先的人工智能物联网服务提供商，珠海国资委旗下","0.84%","20250930"
"111","****","全球最大的制冷控制元器件和全球领先的汽车空调及热管理系统控制","3.93%","20250930"
"111","****","国内汽车动力传动系统总成和零部件骨干企业，公司投资参股无锡泉","-2.33%","20250930"
"111","****","公司万向节全球规模领先，传动轴国内规模前三，国内配套市场占有","-2.47%","20250930"
"111","****","公司跨境电商平台营收规模A股第二，采用“货找人”的商业模式开","-0.96%","20250930"
"111","****","公司万向节全球规模领先，传动轴国内规模前三，国内配套市场占有","-2.47%","20250930"
"111","****","公司万向节全球规模领先，传动轴国内规模前三，国内配套市场占有","-2.47%","20250930"
"111","****","“现金奶牛”收益稳健，数据资源入表带来估值提升空间","0%","20250930"
"111","****","公司是全球网络规模第一、客户规模第一、收入规模第一的通信信息","-0.57%","20250930"
"111","****","全球A1服务器代工市占率第一，35%-40%。全球唯一具备","-0.86%","20250930"
"111","****","800G、1.6T模块加速释放","-5.8%","20250930"
"111","****","胜宏科技在AIPCB市场已是全球领军","-1.82%","20250930"
"111","****","仕佳光子PLC分路器芯片全球市场占有率第二。国内稀缺的同时具","-0.77%","20250930"
"111","****","鼎芯光电建成国内稀缺的IDM激光器芯片工厂，100GEM","1.76%","20250930"
"111","****","800G、1.6T模块加速释放","-5.8%","20250930"
"111","****","胜宏科技在AIPCB市场已是全球领军","-1.82%","20250930"
"111","****","国内领先的半导体分立器件测试系统供应商，半导体行业后道封装测","-0.89%","20250930"
"111","****","公司测试机和分选机在核心性能指标上已达到国内领先、接近国外先","-4.32%","20250930"
"111","****","从事电线电缆、高分子材料、汽车充电设备的研发生产。超高压绝缘","0.5%","20250930"
"111","****","公司半导体设备覆盖品类A股第一，电感性等离子体刻蚀ICP设","-1.45%","20250930"
"111","****","国内唯一实现刻蚀用单晶硅材料量产的国内厂商","12.32%","20250930"
"111","****","A股最大的参股上海微电子的企业，产业园区开发与股权投资并行发","7.3%","20250930"
"111","****","以军工业务为主，在国防光电测控领域领先地位。大股东长春光机所","1.59%","20250930"
"111","****","智能组装、监测设备供货苹果，苹果占公司营收40%；半导体检测","-1.64%","20250930"
"111","****","公司测试机和分选机在核心性能指标上已达到国内领先、接近国外先","-4.32%","20250930"
"111","****","半导体测试系统国际领先，模拟芯片行业市占率高，8600数字测","-0.35%","20250930"
"111","****","国内探针台龙头","-3.55%","20250930"
"111","****","国内领先的半导体分立器件测试系统供应商，半导体行业后道封装测","-0.89%","20250930"
"111","****","福布斯全球金属矿业企业第五位、全球黄金企业第一位，铜、金业务","3.12%","20250930"
"111","****","外销为主的笔记本、平板电脑等消费电子产品ODM厂商","0%","20250930"
"111","****","以吻合器为代表的外科手术医疗器械生产商","-1.6%","20250930"
"111","****","全球最大的制冷控制元器件和全球领先的汽车空调及热管理系统控制","3.93%","20250930"
"111","****","公司发货量有望达到40-50GWh","-1.83%","20250930"
"111","****","公司发货量有望达到40-50GWh","-1.83%","20250930"
"111","****","锂离子电池及系统、铅蓄电池及系统、氢能关键设备及锂、铅资源再","2.59%","20250930"
"111","****","2025年出海销量持续超预期","0.55%","20250930"
"111","****","2021-2024年连续4年储能电池出货量排名全球第一，全","1.17%","20250930"
"111","****","国内领先的IC载板、半导体测试板供应商","-1.16%","20250930"
"111","****","通信PCB全球市占率第二，3.1%。主营印制电路板、封装基板","-2.1%","20250930"
"111","****","公司在NORFlash领域全球市占率第二，达23%。","8.2%","20250930"
"111","****","佰维存储eMMC及UFS嵌入式存储产品全球第八、国内第二","9.34%","20250930"
"111","****","中国大陆领先的存储芯片设计公司，中小型NOR、NAND闪存市","-3.29%","20250930"
"111","****","NORFLASH市占率A股第三，全球市占率2.7%。公司是","11.88%","20250930"
"111","****","主营电子元器件产品分销，拥有拥有SK海力士、联发科及","8.31%","20250930"
"111","****","全球激光打印市场份额第四，业务包含集成电路设计及应用业务","-1.63%","20250930"
"111","****","全球纸质载带龙头企业，市占率全球第一，纸质载带为基，塑料载带","3.3%","20250930"
"111","****","2025年出海销量持续超预期","0.55%","20250930"
"111","****","2021-2024年连续4年储能电池出货量排名全球第一，全","1.17%","20250930"
"111","****","上海电气核岛主设备国内综合市场占有率持续居于行业第一，生产世","1.94%","20250930"
"111","****","福布斯全球金属矿业企业第五位、全球黄金企业第一位，铜、金业务","3.12%","20250930"
"111","****","和而泰、拓邦股份在智能控制器领域形成双龙头格局。参股摩尔线程","-1.21%","20250930"
"111","****","胜宏科技在AIPCB市场已是全球领军","-1.82%","20250930"
"111","****","4个自建自营的数据中心，运营机柜按标准机柜折算超过57","-0.94%","20250930"
"111","****","公司发货量有望达到40-50GWh","-1.83%","20250930"
"111","****","公司在NORFlash领域全球市占率第二，达23%。","8.2%","20250930"
"111","****","中国大陆领先的存储芯片设计公司，中小型NOR、NAND闪存市","-3.29%","20250930"
"111","****","和而泰、拓邦股份在智能控制器领域形成双龙头格局。参股摩尔线程","-1.21%","20250930"
"111","****","胜宏科技在AIPCB市场已是全球领军","-1.82%","20250930"
"111","****","4个自建自营的数据中心，运营机柜按标准机柜折算超过57","-0.94%","20250930"
"111","****","公司万向节全球规模领先，传动轴国内规模前三，国内配套市场占有","-2.47%","20250930"
"111","****","国内汽车动力传动系统总成和零部件骨干企业，公司投资参股无锡泉","-2.33%","20250930"
"111","****","家用屏蔽泵国内龙头，拓展数据中心液冷泵业务","-1.92%","20250930"
"111","****","HVDC电源领先，HVDC有望逐渐取代UPS","-2.89%","20250930"
"111","****","公司万向节全球规模领先，传动轴国内规模前三，国内配套市场占有","-2.47%","20250930"
"111","****","国内汽车动力传动系统总成和零部件骨干企业，公司投资参股无锡泉","-2.33%","20250930"
"111","****","成长向好，盈利平稳","-2.28%","20250930"
"111","****","洁净室工程行业技术领先龙头，市占率排名第四，6%","-2.8%","20250930"
"111","****","2023年海上风电新增装机第一，占比40.9%","-0.19%","20250930"
"111","****","上海电气核岛主设备国内综合市场占有率持续居于行业第一，生产世","1.94%","20250930"
"111","****","佰维存储eMMC及UFS嵌入式存储产品全球第八、国内第二","9.34%","20250930"
"111","****","公司在NORFlash领域全球市占率第二，达23%。","8.2%","20250930"
"111","****","NORFLASH市占率A股第三，全球市占率2.7%。公司是","11.88%","20250930"
"111","****","主营电子元器件产品分销，拥有拥有SK海力士、联发科及","8.31%","20250930"
"111","****","国内唯一实现刻蚀用单晶硅材料量产的国内厂商","12.32%","20250930"
"111","****","中芯国际是全球第五、中国大陆第一大晶圆代工龙头。全球市占率5","3.02%","20250930"
"111","****","人工智能应用领先企业，深度布局AI大模型、AI搜索、AI短剧","7.4%","20250930"
"111","****","全球最大的制冷控制元器件和全球领先的汽车空调及热管理系统控制","3.93%","20250930"
"111","****","物联网AIOT系统级(SOC)芯片排名第一，旗舰芯片RK3","4.96%","20250930"
"111","****","国内音视频SoC主控芯片领域的领导者，扫地机器人SoC核心","4.24%","20250930"
"111","****","乐鑫在分支领域Wi-FiMCU市场中出货量第一，在大","8.82%","20250930"
"111","****","公司为国内智能机顶盒芯片龙头厂商，公司Wi-Fi芯片发","5.39%","20250930"
"111","****","全球智能音频SoC芯片领域的龙头，S0C芯片产品数量第四","7.25%","20250930"
"111","****","公司蓝牙SOC芯片市占率第一，公司推出全球首颗应用于物联网领","3.13%","20250930"
"111","****","公司蜂窝IoT芯片市占率约为10.4%。公司是国内少数","6.11%","20250930"
"111","****","外销为主的笔记本、平板电脑等消费电子产品ODM厂商","0%","20250930"
"111","****","全球最大的制冷控制元器件和全球领先的汽车空调及热管理系统控制","3.93%","20250930"
"111","****","以军工业务为主，在国防光电测控领域领先地位。大股东长春光机所","1.59%","20250930"
"111","****","全国领先的新媒体业务运营商","0.98%","20250930"
"111","****","2025年出海销量持续超预期","0.55%","20250930"
"111","****","佰维存储eMMC及UFS嵌入式存储产品全球第八、国内第二","9.34%","20250930"
"111","****","公司在NORFlash领域全球市占率第二，达23%。","8.2%","20250930"
"111","****","NORFLASH市占率A股第三，全球市占率2.7%。公司是","11.88%","20250930"
"111","****","主营电子元器件产品分销，拥有拥有SK海力士、联发科及","8.31%","20250930"
"111","****","国内唯一实现刻蚀用单晶硅材料量产的国内厂商","12.32%","20250930"
"111","****","中芯国际是全球第五、中国大陆第一大晶圆代工龙头。全球市占率5","3.02%","20250930"
"111","****","福布斯全球金属矿业企业第五位、全球黄金企业第一位，铜、金业务","3.12%","20250930"
"111","****","鼎芯光电建成国内稀缺的IDM激光器芯片工厂，100GEM","1.76%","20250930"
"111","****","上海电气核岛主设备国内综合市场占有率持续居于行业第一，生产世","1.94%","20250930"
"111","****","数据中心柴油发电机组市占率全球第六，7%；内河航运中速柴油机","-1.41%","20250930"
"111","****","专注军工装备及应急装备，数据中心用柴油发电机组市占率国内第四","2.2%","20250930"
"111","****","以军工业务为主，在国防光电测控领域领先地位。大股东长春光机所","1.59%","20250930"
"111","****","拥有蓝宝石生长-初加工-深加工全套设备及工艺能力，软磁行业的","-2.07%","20250930"
"111","****","公司发货量有望达到40-50GWh","-1.83%","20250930"
"111","****","锂离子电池及系统、铅蓄电池及系统、氢能关键设备及锂、铅资源再","2.59%","20250930"
"111","****","2025年出海销量持续超预期","0.55%","20250930"
"111","****","2021-2024年连续4年储能电池出货量排名全球第一，全","1.17%","20250930"
"111","****","福布斯全球金属矿业企业第五位、全球黄金企业第一位，铜、金业务","3.12%","20250930"
"111","****","福布斯全球金属矿业企业第五位、全球黄金企业第一位，铜、金业务","3.12%","20250930"
"111","****","2021-2024年连续4年储能电池出货量排名全球第一，全","1.17%","20250930"
"111","****","锂离子电池及系统、铅蓄电池及系统、氢能关键设备及锂、铅资源再","2.59%","20250930"
"111","****","福布斯全球金属矿业企业第五位、全球黄金企业第一位，铜、金业务","3.12%","20250930"
"111","****","国内领先的IC载板、半导体测试板供应商","-1.16%","20250930"
"111","****","通信PCB全球市占率第二，3.1%。主营印制电路板、封装基板","-2.1%","20250930"
"111","****","公司在NORFlash领域全球市占率第二，达23%。","8.2%","20250930"
"111","****","佰维存储eMMC及UFS嵌入式存储产品全球第八、国内第二","9.34%","20250930"
"111","****","中国大陆领先的存储芯片设计公司，中小型NOR、NAND闪存市","-3.29%","20250930"
"111","****","NORFLASH市占率A股第三，全球市占率2.7%。公司是","11.88%","20250930"
"111","****","主营电子元器件产品分销，拥有拥有SK海力士、联发科及","8.31%","20250930"
"111","****","全球激光打印市场份额第四，业务包含集成电路设计及应用业务","-1.63%","20250930"
"111","****","“现金奶牛”收益稳健，数据资源入表带来估值提升空间","0%","20250930"
"111","****","公司是全球网络规模第一、客户规模第一、收入规模第一的通信信息","-0.57%","20250930"
"111","****","服务器出货量全球第二，存储装机容量全球第三，人工智能服务器销","2.51%","20250930"
"111","****","武汉国资委旗下，激光产业的知名高科技公司，光模块业务全球第八","-6.73%","20250930"
"111","****","国内领先的软件与信息技术服务商，华为鸿蒙核心合作伙伴","0.91%","20250930"
"111","****","神州鲲泰服务器为鲲鹏领先级合作伙伴昇腾优选级合作伙伴","0.83%","20250930"
"111","****","边缘计算、边缘算力调度龙头企业","0.35%","20250930"
"111","****","国内综合规模TOP3的第三方数据中心运营商","-1.98%","20250930"
"111","****","4个自建自营的数据中心，运营机柜按标准机柜折算超过57","-0.94%","20250930"
"111","****","主营建筑业务，实控人控股华鲲振宇有注入预期","0.08%","20250930"
"111","****","全球唯一集“光通信系统、光纤光缆、光电子器件”光通信三大战略","-1.89%","20250930"
"111","****","金融机具龙头地位稳固，金融信创+出海战略同步推进","-0.43%","20250930"
"111","****","全球蜂窝物联网模组龙头，份额全球第一，布局物联网解决方案及车","2.86%","20250930"
"111","****","行业领先的人工智能物联网服务提供商，珠海国资委旗下","0.84%","20250930"
"111","****","全球最大的制冷控制元器件和全球领先的汽车空调及热管理系统控制","3.93%","20250930"
"111","****","国内汽车动力传动系统总成和零部件骨干企业，公司投资参股无锡泉","-2.33%","20250930"
"111","****","公司万向节全球规模领先，传动轴国内规模前三，国内配套市场占有","-2.47%","20250930"
"111","****","公司跨境电商平台营收规模A股第二，采用“货找人”的商业模式开","-0.96%","20250930"
"111","****","公司万向节全球规模领先，传动轴国内规模前三，国内配套市场占有","-2.47%","20250930"
"111","****","公司万向节全球规模领先，传动轴国内规模前三，国内配套市场占有","-2.47%","20250930"
"111","****","“现金奶牛”收益稳健，数据资源入表带来估值提升空间","0%","20250930"
"111","****","公司是全球网络规模第一、客户规模第一、收入规模第一的通信信息","-0.57%","20250930"
"111","****","全球A1服务器代工市占率第一，35%-40%。全球唯一具备","-0.86%","20250930"
"111","****","800G、1.6T模块加速释放","-5.8%","20250930"
"111","****","胜宏科技在AIPCB市场已是全球领军","-1.82%","20250930"
"111","****","仕佳光子PLC分路器芯片全球市场占有率第二。国内稀缺的同时具","-0.77%","20250930"
"111","****","鼎芯光电建成国内稀缺的IDM激光器芯片工厂，100GEM","1.76%","20250930"
"111","****","800G、1.6T模块加速释放","-5.8%","20250930"
"111","****","胜宏科技在AIPCB市场已是全球领军","-1.82%","20250930"
"111","****","国内领先的半导体分立器件测试系统供应商，半导体行业后道封装测","-0.89%","20250930"
"111","****","公司测试机和分选机在核心性能指标上已达到国内领先、接近国外先","-4.32%","20250930"
"111","****","从事电线电缆、高分子材料、汽车充电设备的研发生产。超高压绝缘","0.5%","20250930"
"111","****","公司半导体设备覆盖品类A股第一，电感性等离子体刻蚀ICP设","-1.45%","20250930"
"111","****","国内唯一实现刻蚀用单晶硅材料量产的国内厂商","12.32%","20250930"
"111","****","A股最大的参股上海微电子的企业，产业园区开发与股权投资并行发","7.3%","20250930"
"111","****","以军工业务为主，在国防光电测控领域领先地位。大股东长春光机所","1.59%","20250930"
"111","****","智能组装、监测设备供货苹果，苹果占公司营收40%；半导体检测","-1.64%","20250930"
"111","****","公司测试机和分选机在核心性能指标上已达到国内领先、接近国外先","-4.32%","20250930"
"111","****","半导体测试系统国际领先，模拟芯片行业市占率高，8600数字测","-0.35%","20250930"
"111","****","国内探针台龙头","-3.55%","20250930"
"111","****","国内领先的半导体分立器件测试系统供应商，半导体行业后道封装测","-0.89%","20250930"
"111","****","福布斯全球金属矿业企业第五位、全球黄金企业第一位，铜、金业务","3.12%","20250930"
"111","****","外销为主的笔记本、平板电脑等消费电子产品ODM厂商","0%","20250930"
"111","****","以吻合器为代表的外科手术医疗器械生产商","-1.6%","20250930"
"111","****","全球最大的制冷控制元器件和全球领先的汽车空调及热管理系统控制","3.93%","20250930"
"111","****","公司发货量有望达到40-50GWh","-1.83%","20250930"
"111","****","公司发货量有望达到40-50GWh","-1.83%","20250930"
"111","****","锂离子电池及系统、铅蓄电池及系统、氢能关键设备及锂、铅资源再","2.59%","20250930"
"111","****","2025年出海销量持续超预期","0.55%","20250930"
"111","****","2021-2024年连续4年储能电池出货量排名全球第一，全","1.17%","20250930"
"111","****","国内领先的IC载板、半导体测试板供应商","-1.16%","20250930"
"111","****","通信PCB全球市占率第二，3.1%。主营印制电路板、封装基板","-2.1%","20250930"
"111","****","公司在NORFlash领域全球市占率第二，达23%。","8.2%","20250930"
"111","****","佰维存储eMMC及UFS嵌入式存储产品全球第八、国内第二","9.34%","20250930"
"111","****","中国大陆领先的存储芯片设计公司，中小型NOR、NAND闪存市","-3.29%","20250930"
"111","****","NORFLASH市占率A股第三，全球市占率2.7%。公司是","11.88%","20250930"
"111","****","主营电子元器件产品分销，拥有拥有SK海力士、联发科及","8.31%","20250930"
"111","****","全球激光打印市场份额第四，业务包含集成电路设计及应用业务","-1.63%","20250930"
"111","****","全球纸质载带龙头企业，市占率全球第一，纸质载带为基，塑料载带","3.3%","20250930"
"111","****","2025年出海销量持续超预期","0.55%","20250930"
"111","****","2021-2024年连续4年储能电池出货量排名全球第一，全","1.17%","20250930"
"111","****","上海电气核岛主设备国内综合市场占有率持续居于行业第一，生产世","1.94%","20250930"
"111","****","福布斯全球金属矿业企业第五位、全球黄金企业第一位，铜、金业务","3.12%","20250930"
"111","****","和而泰、拓邦股份在智能控制器领域形成双龙头格局。参股摩尔线程","-1.21%","20250930"
"111","****","胜宏科技在AIPCB市场已是全球领军","-1.82%","20250930"
"111","****","4个自建自营的数据中心，运营机柜按标准机柜折算超过57","-0.94%","20250930"
"111","****","公司发货量有望达到40-50GWh","-1.83%","20250930"
"111","****","公司在NORFlash领域全球市占率第二，达23%。","8.2%","20250930"
"111","****","中国大陆领先的存储芯片设计公司，中小型NOR、NAND闪存市","-3.29%","20250930"
"111","****","和而泰、拓邦股份在智能控制器领域形成双龙头格局。参股摩尔线程","-1.21%","20250930"
"111","****","胜宏科技在AIPCB市场已是全球领军","-1.82%","20250930"
"111","****","4个自建自营的数据中心，运营机柜按标准机柜折算超过57","-0.94%","20250930"
"111","****","公司万向节全球规模领先，传动轴国内规模前三，国内配套市场占有","-2.47%","20250930"
"111","****","国内汽车动力传动系统总成和零部件骨干企业，公司投资参股无锡泉","-2.33%","20250930"
"111","****","家用屏蔽泵国内龙头，拓展数据中心液冷泵业务","-1.92%","20250930"
"111","****","HVDC电源领先，HVDC有望逐渐取代UPS","-2.89%","20250930"
"111","****","公司万向节全球规模领先，传动轴国内规模前三，国内配套市场占有","-2.47%","20250930"
"111","****","国内汽车动力传动系统总成和零部件骨干企业，公司投资参股无锡泉","-2.33%","20250930"
"111","****","成长向好，盈利平稳","-2.28%","20250930"
"111","****","洁净室工程行业技术领先龙头，市占率排名第四，6%","-2.8%","20250930"
"111","****","2023年海上风电新增装机第一，占比40.9%","-0.19%","20250930"
"111","****","上海电气核岛主设备国内综合市场占有率持续居于行业第一，生产世","1.94%","20250930"
"111","****","佰维存储eMMC及UFS嵌入式存储产品全球第八、国内第二","9.34%","20250930"
"111","****","公司在NORFlash领域全球市占率第二，达23%。","8.2%","20250930"
"111","****","NORFLASH市占率A股第三，全球市占率2.7%。公司是","11.88%","20250930"
"111","****","主营电子元器件产品分销，拥有拥有SK海力士、联发科及","8.31%","20250930"
"111","****","国内唯一实现刻蚀用单晶硅材料量产的国内厂商","12.32%","20250930"
"111","****","中芯国际是全球第五、中国大陆第一大晶圆代工龙头。全球市占率5","3.02%","20250930"
"111","****","公司在NORFlash领域全球市占率第二，达23%。","8.2%","20250930"
"111","****","中国大陆领先的存储芯片设计公司，中小型NOR、NAND闪存市","-3.29%","20250930"
"111","****","胜宏科技在AIPCB市场已是全球领军","-1.82%","20250930"
"111","****","通信PCB全球市占率第二，3.1%。主营印制电路板、封装基板","-2.1%","20250930"
"111","****","神州鲲泰服务器为鲲鹏领先级合作伙伴昇腾优选级合作伙伴","0.83%","20250930"
"111","****","全球最大的制冷控制元器件和全球领先的汽车空调及热管理系统控制","3.93%","20250930"
"111","****","物联网AIOT系统级(SOC)芯片排名第一，旗舰芯片RK3","4.96%","20250930"
"111","****","国内音视频SoC主控芯片领域的领导者，扫地机器人SoC核心","4.24%","20250930"
"111","****","乐鑫在分支领域Wi-FiMCU市场中出货量第一，在大","8.82%","20250930"
"111","****","公司为国内智能机顶盒芯片龙头厂商，公司Wi-Fi芯片发","5.39%","20250930"
"111","****","全球智能音频SoC芯片领域的龙头，S0C芯片产品数量第四","7.25%","20250930"
"111","****","公司蓝牙SOC芯片市占率第一，公司推出全球首颗应用于物联网领","3.13%","20250930"
"111","****","公司蜂窝IoT芯片市占率约为10.4%。公司是国内少数","6.11%","20250930"
"111","****","外销为主的笔记本、平板电脑等消费电子产品ODM厂商","0%","20250930"
"111","****","全球最大的制冷控制元器件和全球领先的汽车空调及热管理系统控制","3.93%","20250930"
"111","****","以军工业务为主，在国防光电测控领域领先地位。大股东长春光机所","1.59%","20250930"
"111","****","全国领先的新媒体业务运营商","0.98%","20250930"
"111","****","2025年出海销量持续超预期","0.55%","20250930"
"111","****","佰维存储eMMC及UFS嵌入式存储产品全球第八、国内第二","9.34%","20250930"
"111","****","公司在NORFlash领域全球市占率第二，达23%。","8.2%","20250930"
"111","****","NORFLASH市占率A股第三，全球市占率2.7%。公司是","11.88%","20250930"
"111","****","主营电子元器件产品分销，拥有拥有SK海力士、联发科及","8.31%","20250930"
"111","****","国内唯一实现刻蚀用单晶硅材料量产的国内厂商","12.32%","20250930"
"111","****","中芯国际是全球第五、中国大陆第一大晶圆代工龙头。全球市占率5","3.02%","20250930"
"111","****","福布斯全球金属矿业企业第五位、全球黄金企业第一位，铜、金业务","3.12%","20250930"
"111","****","鼎芯光电建成国内稀缺的IDM激光器芯片工厂，100GEM","1.76%","20250930"
"111","****","上海电气核岛主设备国内综合市场占有率持续居于行业第一，生产世","1.94%","20250930"
"111","****","数据中心柴油发电机组市占率全球第六，7%；内河航运中速柴油机","-1.41%","20250930"
"111","****","专注军工装备及应急装备，数据中心用柴油发电机组市占率国内第四","2.2%","20250930"
"111","****","以军工业务为主，在国防光电测控领域领先地位。大股东长春光机所","1.59%","20250930"
"111","****","拥有蓝宝石生长-初加工-深加工全套设备及工艺能力，软磁行业的","-2.07%","20250930"
"111","****","公司发货量有望达到40-50GWh","-1.83%","20250930"
"111","****","锂离子电池及系统、铅蓄电池及系统、氢能关键设备及锂、铅资源再","2.59%","20250930"
"111","****","2025年出海销量持续超预期","0.55%","20250930"
"111","****","2021-2024年连续4年储能电池出货量排名全球第一，全","1.17%","20250930"
"111","****","福布斯全球金属矿业企业第五位、全球黄金企业第一位，铜、金业务","3.12%","20250930"
"111","****","福布斯全球金属矿业企业第五位、全球黄金企业第一位，铜、金业务","3.12%","20250930"
"111","****","2021-2024年连续4年储能电池出货量排名全球第一，全","1.17%","20250930"
"111","****","锂离子电池及系统、铅蓄电池及系统、氢能关键设备及锂、铅资源再","2.59%","20250930"
"111","****","福布斯全球金属矿业企业第五位、全球黄金企业第一位，铜、金业务","3.12%","20250930"
"111","****","国内领先的IC载板、半导体测试板供应商","-1.16%","20250930"
"111","****","通信PCB全球市占率第二，3.1%。主营印制电路板、封装基板","-2.1%","20250930"
"111","****","公司在NORFlash领域全球市占率第二，达23%。","8.2%","20250930"
"111","****","佰维存储eMMC及UFS嵌入式存储产品全球第八、国内第二","9.34%","20250930"
"111","****","中国大陆领先的存储芯片设计公司，中小型NOR、NAND闪存市","-3.29%","20250930"
"111","****","NORFLASH市占率A股第三，全球市占率2.7%。公司是","11.88%","20250930"
"111","****","主营电子元器件产品分销，拥有拥有SK海力士、联发科及","8.31%","20250930"
"111","****","全球激光打印市场份额第四，业务包含集成电路设计及应用业务","-1.63%","20250930"
"111","****","“现金奶牛”收益稳健，数据资源入表带来估值提升空间","0%","20250930"
"111","****","公司是全球网络规模第一、客户规模第一、收入规模第一的通信信息","-0.57%","20250930"
"111","****","服务器出货量全球第二，存储装机容量全球第三，人工智能服务器销","2.51%","20250930"
"111","****","武汉国资委旗下，激光产业的知名高科技公司，光模块业务全球第八","-6.73%","20250930"
"111","****","国内领先的软件与信息技术服务商，华为鸿蒙核心合作伙伴","0.91%","20250930"
"111","****","神州鲲泰服务器为鲲鹏领先级合作伙伴昇腾优选级合作伙伴","0.83%","20250930"
"111","****","边缘计算、边缘算力调度龙头企业","0.35%","20250930"
"111","****","国内综合规模TOP3的第三方数据中心运营商","-1.98%","20250930"
"111","****","4个自建自营的数据中心，运营机柜按标准机柜折算超过57","-0.94%","20250930"
"111","****","主营建筑业务，实控人控股华鲲振宇有注入预期","0.08%","20250930"
"111","****","全球唯一集“光通信系统、光纤光缆、光电子器件”光通信三大战略","-1.89%","20250930"
"111","****","金融机具龙头地位稳固，金融信创+出海战略同步推进","-0.43%","20250930"
"111","****","全球蜂窝物联网模组龙头，份额全球第一，布局物联网解决方案及车","2.86%","20250930"
"111","****","行业领先的人工智能物联网服务提供商，珠海国资委旗下","0.84%","20250930"
"111","****","全球最大的制冷控制元器件和全球领先的汽车空调及热管理系统控制","3.93%","20250930"
"111","****","国内汽车动力传动系统总成和零部件骨干企业，公司投资参股无锡泉","-2.33%","20250930"
"111","****","公司万向节全球规模领先，传动轴国内规模前三，国内配套市场占有","-2.47%","20250930"
"111","****","公司跨境电商平台营收规模A股第二，采用“货找人”的商业模式开","-0.96%","20250930"
"111","****","公司万向节全球规模领先，传动轴国内规模前三，国内配套市场占有","-2.47%","20250930"
"111","****","公司万向节全球规模领先，传动轴国内规模前三，国内配套市场占有","-2.47%","20250930"
"111","****","“现金奶牛”收益稳健，数据资源入表带来估值提升空间","0%","20250930"
"111","****","公司是全球网络规模第一、客户规模第一、收入规模第一的通信信息","-0.57%","20250930"
"111","****","全球A1服务器代工市占率第一，35%-40%。全球唯一具备","-0.86%","20250930"
"111","****","800G、1.6T模块加速释放","-5.8%","20250930"
"111","****","胜宏科技在AIPCB市场已是全球领军","-1.82%","20250930"
"111","****","仕佳光子PLC分路器芯片全球市场占有率第二。国内稀缺的同时具","-0.77%","20250930"
"111","****","鼎芯光电建成国内稀缺的IDM激光器芯片工厂，100GEM","1.76%","20250930"
"111","****","800G、1.6T模块加速释放","-5.8%","20250930"
"111","****","胜宏科技在AIPCB市场已是全球领军","-1.82%","20250930"
"111","****","国内领先的半导体分立器件测试系统供应商，半导体行业后道封装测","-0.89%","20250930"
"111","****","公司测试机和分选机在核心性能指标上已达到国内领先、接近国外先","-4.32%","20250930"
"111","****","从事电线电缆、高分子材料、汽车充电设备的研发生产。超高压绝缘","0.5%","20250930"
"111","****","公司半导体设备覆盖品类A股第一，电感性等离子体刻蚀ICP设","-1.45%","20250930"
"111","****","国内唯一实现刻蚀用单晶硅材料量产的国内厂商","12.32%","20250930"
"111","****","A股最大的参股上海微电子的企业，产业园区开发与股权投资并行发","7.3%","20250930"
"111","****","以军工业务为主，在国防光电测控领域领先地位。大股东长春光机所","1.59%","20250930"
"111","****","智能组装、监测设备供货苹果，苹果占公司营收40%；半导体检测","-1.64%","20250930"
"111","****","公司测试机和分选机在核心性能指标上已达到国内领先、接近国外先","-4.32%","20250930"
"111","****","半导体测试系统国际领先，模拟芯片行业市占率高，8600数字测","-0.35%","20250930"
"111","****","国内探针台龙头","-3.55%","20250930"
"111","****","国内领先的半导体分立器件测试系统供应商，半导体行业后道封装测","-0.89%","20250930"
"111","****","福布斯全球金属矿业企业第五位、全球黄金企业第一位，铜、金业务","3.12%","20250930"
"111","****","外销为主的笔记本、平板电脑等消费电子产品ODM厂商","0%","20250930"
"111","****","以吻合器为代表的外科手术医疗器械生产商","-1.6%","20250930"
"111","****","全球最大的制冷控制元器件和全球领先的汽车空调及热管理系统控制","3.93%","20250930"
"111","****","公司发货量有望达到40-50GWh","-1.83%","20250930"
"111","****","公司发货量有望达到40-50GWh","-1.83%","20250930"
"111","****","锂离子电池及系统、铅蓄电池及系统、氢能关键设备及锂、铅资源再","2.59%","20250930"
"111","****","2025年出海销量持续超预期","0.55%","20250930"
"111","****","2021-2024年连续4年储能电池出货量排名全球第一，全","1.17%","20250930"
"111","****","国内领先的IC载板、半导体测试板供应商","-1.16%","20250930"
"111","****","通信PCB全球市占率第二，3.1%。主营印制电路板、封装基板","-2.1%","20250930"
"111","****","公司在NORFlash领域全球市占率第二，达23%。","8.2%","20250930"
"111","****","佰维存储eMMC及UFS嵌入式存储产品全球第八、国内第二","9.34%","20250930"
"111","****","中国大陆领先的存储芯片设计公司，中小型NOR、NAND闪存市","-3.29%","20250930"
"111","****","NORFLASH市占率A股第三，全球市占率2.7%。公司是","11.88%","20250930"
"111","****","主营电子元器件产品分销，拥有拥有SK海力士、联发科及","8.31%","20250930"
"111","****","全球激光打印市场份额第四，业务包含集成电路设计及应用业务","-1.63%","20250930"
"111","****","全球纸质载带龙头企业，市占率全球第一，纸质载带为基，塑料载带","3.3%","20250930"
"111","****","2025年出海销量持续超预期","0.55%","20250930"
"111","****","2021-2024年连续4年储能电池出货量排名全球第一，全","1.17%","20250930"
"111","****","上海电气核岛主设备国内综合市场占有率持续居于行业第一，生产世","1.94%","20250930"
"111","****","福布斯全球金属矿业企业第五位、全球黄金企业第一位，铜、金业务","3.12%","20250930"
"111","****","和而泰、拓邦股份在智能控制器领域形成双龙头格局。参股摩尔线程","-1.21%","20250930"
"111","****","胜宏科技在AIPCB市场已是全球领军","-1.82%","20250930"
"111","****","4个自建自营的数据中心，运营机柜按标准机柜折算超过57","-0.94%","20250930"
"111","****","公司发货量有望达到40-50GWh","-1.83%","20250930"
"111","****","公司在NORFlash领域全球市占率第二，达23%。","8.2%","20250930"
"111","****","中国大陆领先的存储芯片设计公司，中小型NOR、NAND闪存市","-3.29%","20250930"
"111","****","和而泰、拓邦股份在智能控制器领域形成双龙头格局。参股摩尔线程","-1.21%","20250930"
"111","****","胜宏科技在AIPCB市场已是全球领军","-1.82%","20250930"
"111","****","4个自建自营的数据中心，运营机柜按标准机柜折算超过57","-0.94%","20250930"
"111","****","公司万向节全球规模领先，传动轴国内规模前三，国内配套市场占有","-2.47%","20250930"
"111","****","国内汽车动力传动系统总成和零部件骨干企业，公司投资参股无锡泉","-2.33%","20250930"
"111","****","家用屏蔽泵国内龙头，拓展数据中心液冷泵业务","-1.92%","20250930"
"111","****","HVDC电源领先，HVDC有望逐渐取代UPS","-2.89%","20250930"
"111","****","公司万向节全球规模领先，传动轴国内规模前三，国内配套市场占有","-2.47%","20250930"
"111","****","国内汽车动力传动系统总成和零部件骨干企业，公司投资参股无锡泉","-2.33%","20250930"
"111","****","成长向好，盈利平稳","-2.28%","20250930"
"111","****","洁净室工程行业技术领先龙头，市占率排名第四，6%","-2.8%","20250930"
"111","****","2023年海上风电新增装机第一，占比40.9%","-0.19%","20250930"
"111","****","上海电气核岛主设备国内综合市场占有率持续居于行业第一，生产世","1.94%","20250930"
"111","****","全球率先开发800G/1.6T光模块的厂商之一，宽带解决方案","-10%","20251009"
"111","****","构建了新材料和节能环保两大业务板块协同发展的产业格局","4.76%","20251009"
"111","****","公司半导体设备覆盖品类A股第一，电感性等离子体刻蚀ICP设","1.26%","20251009"
"111","****","以军工业务为主，在国防光电测控领域领先地位。大股东长春光机所","-2.86%","20251009"
"111","****","中芯国际是全球第五、中国大陆第一大晶圆代工龙头。全球市占率5","-0.87%","20251009"
"111","****","中国大陆半导体第三方掩模市场中占国产厂商的份额约13%-26","0.87%","20251009"
"111","****","公司半导体设备覆盖品类A股第一，电感性等离子体刻蚀ICP设","1.26%","20251009"
"111","****","国内唯一实现刻蚀用单晶硅材料量产的国内厂商","-0.43%","20251009"
"111","****","英伟达伟大唯一中国大陆电源供货商","-0.53%","20251009"
"111","****","HVDC电源领先，HVDC有望逐渐取代UPS","-6.19%","20251009"
"111","****","2025年出海销量持续超预期","1.27%","20251009"
"111","****","从事电线电缆、高分子材料、汽车充电设备的研发生产。超高压绝缘","2.1%","20251009"
"111","****","高速通信线深度受益英伟达高速铜缆放量","0.03%","20251009"
"111","****","全球A1服务器代工市占率第一，35%-40%。全球唯一具备","3.7%","20251009"
"111","****","上海电气核岛主设备国内综合市场占有率持续居于行业第一，生产世","9.96%","20251009"
"111","****","鼎芯光电建成国内稀缺的IDM激光器芯片工厂，100GEM","9.99%","20251009"
"111","****","上海电气核岛主设备国内综合市场占有率持续居于行业第一，生产世","9.96%","20251009"
"111","****","智能组装、监测设备供货苹果，苹果占公司营收40%；半导体检测","10%","20251009"
"111","****","通信PCB全球市占率第二，3.1%。主营印制电路板、封装基板","10%","20251009"
"111","****","2023年海上风电新增装机第一，占比40.9%","6.93%","20251009"
"111","****","佰维存储eMMC及UFS嵌入式存储产品全球第八、国内第二","2.34%","20251009"
"111","****","福布斯全球金属矿业企业第五位、全球黄金企业第一位，铜、金业务","9.99%","20251009"
"111","****","全球最大的制冷控制元器件和全球领先的汽车空调及热管理系统控制","1.98%","20251009"
"111","****","全球A1服务器代工市占率第一，35%-40%。全球唯一具备","3.7%","20251009"
"111","****","2021-2024年连续4年储能电池出货量排名全球第一，全","1.96%","20251009"
"111","****","拥有蓝宝石生长-初加工-深加工全套设备及工艺能力，软磁行业的","2.67%","20251009"
"111","****","构建了新材料和节能环保两大业务板块协同发展的产业格局","4.76%","20251009"
"111","****","2023年海上风电新增装机第一，占比40.9%","6.93%","20251009"
"111","****","公司发货量有望达到40-50GWh","-1.91%","20251009"
"111","****","主要从事土地一级开发和市政基础配套设施建设及运营业务的企业","0%","20251009"
"111","****","福布斯全球金属矿业企业第五位、全球黄金企业第一位，铜、金业务","9.99%","20251009"
"111","****","2021-2024年连续4年储能电池出货量排名全球第一，全","1.96%","20251009"
"111","****","锂离子电池及系统、铅蓄电池及系统、氢能关键设备及锂、铅资源再","0.19%","20251009"
"111","****","国内领先的IC载板、半导体测试板供应商","1.72%","20251009"
"111","****","通信PCB全球市占率第二，3.1%。主营印制电路板、封装基板","10%","20251009"
"111","****","公司在NORFlash领域全球市占率第二，达23%。","5.71%","20251009"
"111","****","佰维存储eMMC及UFS嵌入式存储产品全球第八、国内第二","2.34%","20251009"
"111","****","中国大陆领先的存储芯片设计公司，中小型NOR、NAND闪存市","2.25%","20251009"
"111","****","NORFLASH市占率A股第三，全球市占率2.7%。公司是","7.4%","20251009"
"111","****","主营电子元器件产品分销，拥有拥有SK海力士、联发科及","8.15%","20251009"
"111","****","全球激光打印市场份额第四，业务包含集成电路设计及应用业务","1.7%","20251009"
"111","****","鼎芯光电建成国内稀缺的IDM激光器芯片工厂，100GEM","9.99%","20251009"
"111","****","上海电气核岛主设备国内综合市场占有率持续居于行业第一，生产世","9.96%","20251009"
"111","****","福布斯全球金属矿业企业第五位、全球黄金企业第一位，铜、金业务","9.99%","20251009"
"111","****","福布斯全球金属矿业企业第五位、全球黄金企业第一位，铜、金业务","9.99%","20251009"
"111","****","国产GPU进度第一，拥有4款GPU产品。公司在国内机载航电系","0.24%","20251009"
"111","****","中国大陆领先的存储芯片设计公司，中小型NOR、NAND闪存市","2.25%","20251009"
"111","****","子公司锐信图芯主要产品已适配主流CPU和操作系统，应用于","0.74%","20251009"
"111","****","智慧防务、智慧税务、智慧城市领域整体解决方案的主流服务商","2.29%","20251009"
"111","****","和而泰、拓邦股份在智能控制器领域形成双龙头格局。参股摩尔线程","1.87%","20251009"
"111","****","胜宏科技在AIPCB市场已是全球领军","-0.01%","20251009"
"111","****","通信PCB全球市占率第二，3.1%。主营印制电路板、封装基板","10%","20251009"
"111","****","神州鲲泰服务器为鲲鹏领先级合作伙伴昇腾优选级合作伙伴","2.7%","20251009"
"111","****","公司在NORFlash领域全球市占率第二，达23%。","5.71%","20251009"
"111","****","中国大陆领先的存储芯片设计公司，中小型NOR、NAND闪存市","2.25%","20251009"
"111","****","胜宏科技在AIPCB市场已是全球领军","-0.01%","20251009"
"111","****","通信PCB全球市占率第二，3.1%。主营印制电路板、封装基板","10%","20251009"
"111","****","神州鲲泰服务器为鲲鹏领先级合作伙伴昇腾优选级合作伙伴","2.7%","20251009"
"111","****","全球最大的制冷控制元器件和全球领先的汽车空调及热管理系统控制","1.98%","20251009"
"111","****","物联网AIOT系统级(SOC)芯片排名第一，旗舰芯片RK3","-1.36%","20251009"
"111","****","国内音视频SoC主控芯片领域的领导者，扫地机器人SoC核心","0.83%","20251009"
"111","****","乐鑫在分支领域Wi-FiMCU市场中出货量第一，在大","-0.31%","20251009"
"111","****","公司为国内智能机顶盒芯片龙头厂商，公司Wi-Fi芯片发","1.4%","20251009"
"111","****","全球智能音频SoC芯片领域的龙头，S0C芯片产品数量第四","6.55%","20251009"
"111","****","公司蓝牙SOC芯片市占率第一，公司推出全球首颗应用于物联网领","1.53%","20251009"
"111","****","公司蜂窝IoT芯片市占率约为10.4%。公司是国内少数","2.28%","20251009"
"111","****","外销为主的笔记本、平板电脑等消费电子产品ODM厂商","0%","20251009"
"111","****","全球最大的制冷控制元器件和全球领先的汽车空调及热管理系统控制","1.98%","20251009"
"111","****","以军工业务为主，在国防光电测控领域领先地位。大股东长春光机所","-2.86%","20251009"
"111","****","全国领先的新媒体业务运营商","-0.88%","20251009"
"111","****","2025年出海销量持续超预期","1.27%","20251009"
"111","****","佰维存储eMMC及UFS嵌入式存储产品全球第八、国内第二","2.34%","20251009"
"111","****","公司在NORFlash领域全球市占率第二，达23%。","5.71%","20251009"
"111","****","NORFLASH市占率A股第三，全球市占率2.7%。公司是","7.4%","20251009"
"111","****","主营电子元器件产品分销，拥有拥有SK海力士、联发科及","8.15%","20251009"
"111","****","国内唯一实现刻蚀用单晶硅材料量产的国内厂商","-0.43%","20251009"
"111","****","中芯国际是全球第五、中国大陆第一大晶圆代工龙头。全球市占率5","-0.87%","20251009"
"111","****","福布斯全球金属矿业企业第五位、全球黄金企业第一位，铜、金业务","9.99%","20251009"
"111","****","鼎芯光电建成国内稀缺的IDM激光器芯片工厂，100GEM","9.99%","20251009"
"111","****","上海电气核岛主设备国内综合市场占有率持续居于行业第一，生产世","9.96%","20251009"
"111","****","数据中心柴油发电机组市占率全球第六，7%；内河航运中速柴油机","-1.91%","20251009"
"111","****","专注军工装备及应急装备，数据中心用柴油发电机组市占率国内第四","0.51%","20251009"
"111","****","以军工业务为主，在国防光电测控领域领先地位。大股东长春光机所","-2.86%","20251009"
"111","****","拥有蓝宝石生长-初加工-深加工全套设备及工艺能力，软磁行业的","2.67%","20251009"
"111","****","构建了新材料和节能环保两大业务板块协同发展的产业格局","4.76%","20251009"
"111","****","公司发货量有望达到40-50GWh","-1.91%","20251009"
"111","****","锂离子电池及系统、铅蓄电池及系统、氢能关键设备及锂、铅资源再","0.19%","20251009"
"111","****","2025年出海销量持续超预期","1.27%","20251009"
"111","****","2021-2024年连续4年储能电池出货量排名全球第一，全","1.96%","20251009"
"111","****","福布斯全球金属矿业企业第五位、全球黄金企业第一位，铜、金业务","9.99%","20251009"
"111","****","福布斯全球金属矿业企业第五位、全球黄金企业第一位，铜、金业务","9.99%","20251009"
"111","****","2021-2024年连续4年储能电池出货量排名全球第一，全","1.96%","20251009"
"111","****","锂离子电池及系统、铅蓄电池及系统、氢能关键设备及锂、铅资源再","0.19%","20251009"
"111","****","福布斯全球金属矿业企业第五位、全球黄金企业第一位，铜、金业务","9.99%","20251009"
"111","****","国内领先的IC载板、半导体测试板供应商","1.72%","20251009"
"111","****","通信PCB全球市占率第二，3.1%。主营印制电路板、封装基板","10%","20251009"
"111","****","公司在NORFlash领域全球市占率第二，达23%。","5.71%","20251009"
"111","****","佰维存储eMMC及UFS嵌入式存储产品全球第八、国内第二","2.34%","20251009"
"111","****","中国大陆领先的存储芯片设计公司，中小型NOR、NAND闪存市","2.25%","20251009"
"111","****","NORFLASH市占率A股第三，全球市占率2.7%。公司是","7.4%","20251009"
"111","****","主营电子元器件产品分销，拥有拥有SK海力士、联发科及","8.15%","20251009"
"111","****","全球激光打印市场份额第四，业务包含集成电路设计及应用业务","1.7%","20251009"
"111","****","“现金奶牛”收益稳健，数据资源入表带来估值提升空间","1.5%","20251009"
"111","****","公司是全球网络规模第一、客户规模第一、收入规模第一的通信信息","0.73%","20251009"
"111","****","服务器出货量全球第二，存储装机容量全球第三，人工智能服务器销","2.07%","20251009"
"111","****","武汉国资委旗下，激光产业的知名高科技公司，光模块业务全球第八","-4.4%","20251009"
"111","****","国内领先的软件与信息技术服务商，华为鸿蒙核心合作伙伴","1.25%","20251009"
"111","****","神州鲲泰服务器为鲲鹏领先级合作伙伴昇腾优选级合作伙伴","2.7%","20251009"
"111","****","边缘计算、边缘算力调度龙头企业","2.86%","20251009"
"111","****","国内综合规模TOP3的第三方数据中心运营商","-0.33%","20251009"
"111","****","4个自建自营的数据中心，运营机柜按标准机柜折算超过57","-0.54%","20251009"
"111","****","主营建筑业务，实控人控股华鲲振宇有注入预期","6.2%","20251009"
"111","****","全球唯一集“光通信系统、光纤光缆、光电子器件”光通信三大战略","1.31%","20251009"
"111","****","金融机具龙头地位稳固，金融信创+出海战略同步推进","1.44%","20251009"
"111","****","全球蜂窝物联网模组龙头，份额全球第一，布局物联网解决方案及车","2.64%","20251009"
"111","****","行业领先的人工智能物联网服务提供商，珠海国资委旗下","1.85%","20251009"
"111","****","全球最大的制冷控制元器件和全球领先的汽车空调及热管理系统控制","1.98%","20251009"
"111","****","国内汽车动力传动系统总成和零部件骨干企业，公司投资参股无锡泉","0%","20251009"
"111","****","公司万向节全球规模领先，传动轴国内规模前三，国内配套市场占有","2.92%","20251009"
"111","****","公司跨境电商平台营收规模A股第二，采用“货找人”的商业模式开","2.64%","20251009"
"111","****","公司万向节全球规模领先，传动轴国内规模前三，国内配套市场占有","2.92%","20251009"
"111","****","公司万向节全球规模领先，传动轴国内规模前三，国内配套市场占有","2.92%","20251009"
"111","****","“现金奶牛”收益稳健，数据资源入表带来估值提升空间","1.5%","20251009"
"111","****","公司是全球网络规模第一、客户规模第一、收入规模第一的通信信息","0.73%","20251009"
"111","****","全球A1服务器代工市占率第一，35%-40%。全球唯一具备","3.7%","20251009"
"111","****","800G、1.6T模块加速释放","-4%","20251009"
"111","****","胜宏科技在AIPCB市场已是全球领军","-0.01%","20251009"
"111","****","仕佳光子PLC分路器芯片全球市场占有率第二。国内稀缺的同时具","-0.56%","20251009"
"111","****","鼎芯光电建成国内稀缺的IDM激光器芯片工厂，100GEM","9.99%","20251009"
"111","****","800G、1.6T模块加速释放","-4%","20251009"
"111","****","胜宏科技在AIPCB市场已是全球领军","-0.01%","20251009"
"111","****","国内领先的半导体分立器件测试系统供应商，半导体行业后道封装测","-1.75%","20251009"
"111","****","公司测试机和分选机在核心性能指标上已达到国内领先、接近国外先","-4.1%","20251009"
"111","****","曾获得纺织行业“专精特新”中小企业荣誉","20%","20251010"
"111","****","鼎芯光电建成国内稀缺的IDM激光器芯片工厂，100GEM","5.94%","20251010"
"111","****","全球毛纺隐形冠军，羊毛羊绒双轮驱动。","10.07%","20251010"
"111","****","曾获得纺织行业“专精特新”中小企业荣誉","20%","20251010"
"111","****","公司半导体设备覆盖品类A股第一，电感性等离子体刻蚀ICP设","-4.4%","20251010"
"111","****","国内半导体靶材龙头，切入半导体设备零部件领域","-1.82%","20251010"
"111","****","以军工业务为主，在国防光电测控领域领先地位。大股东长春光机所","3.82%","20251010"
"111","****","中芯国际是全球第五、中国大陆第一大晶圆代工龙头。全球市占率5","-7.89%","20251010"
"111","****","中国大陆半导体第三方掩模市场中占国产厂商的份额约13%-26","-5.9%","20251010"
"111","****","公司半导体设备覆盖品类A股第一，电感性等离子体刻蚀ICP设","-4.4%","20251010"
"111","****","国内唯一实现刻蚀用单晶硅材料量产的国内厂商","-3.03%","20251010"
"111","****","和而泰、拓邦股份在智能控制器领域形成双龙头格局。参股摩尔线程","-4.45%","20251010"
"111","****","胜宏科技在AIPCB市场已是全球领军","-6.77%","20251010"
"111","****","4个自建自营的数据中心，运营机柜按标准机柜折算超过57","-5.28%","20251010"
"111","****","数据中心柴油发电机组市占率全球第六，7%；内河航运中速柴油机","-3.44%","20251010"
"111","****","专注军工装备及应急装备，数据中心用柴油发电机组市占率国内第四","-0.31%","20251010"
"111","****","以军工业务为主，在国防光电测控领域领先地位。大股东长春光机所","3.82%","20251010"
"111","****","从事电线电缆、高分子材料、汽车充电设备的研发生产。超高压绝缘","2.7%","20251010"
"111","****","仕佳光子PLC分路器芯片全球市场占有率第二。国内稀缺的同时具","-4.47%","20251010"
"111","****","鼎芯光电建成国内稀缺的IDM激光器芯片工厂，100GEM","5.94%","20251010"
"111","****","800G、1.6T模块加速释放","-1.41%","20251010"
"111","****","胜宏科技在AIPCB市场已是全球领军","-6.77%","20251010"
"111","****","公司测试机和分选机在核心性能指标上已达到国内领先、接近国外先","-0.83%","20251010"
"111","****","福布斯全球金属矿业企业第五位、全球黄金企业第一位，铜、金业务","-4.66%","20251010"
"111","****","鼎芯光电建成国内稀缺的IDM激光器芯片工厂，100GEM","5.94%","20251010"
"111","****","上海电气核岛主设备国内综合市场占有率持续居于行业第一，生产世","0.77%","20251010"
"111","****","以军工业务为主，在国防光电测控领域领先地位。大股东长春光机所","3.82%","20251010"
"111","****","中芯国际是全球第五、中国大陆第一大晶圆代工龙头。全球市占率5","-7.89%","20251010"
"111","****","中国大陆半导体第三方掩模市场中占国产厂商的份额约13%-26","-5.9%","20251010"
"111","****","公司半导体设备覆盖品类A股第一，电感性等离子体刻蚀ICP设","-4.4%","20251010"
"111","****","国内唯一实现刻蚀用单晶硅材料量产的国内厂商","-3.03%","20251010"
"111","****","国内汽车动力传动系统总成和零部件骨干企业，公司投资参股无锡泉","4.92%","20251010"
"111","****","构建了新材料和节能环保两大业务板块协同发展的产业格局","0.93%","20251010"
"111","****","公司半导体设备覆盖品类A股第一，电感性等离子体刻蚀ICP设","-4.4%","20251010"
"111","****","构建了新材料和节能环保两大业务板块协同发展的产业格局","0.93%","20251010"
"111","****","全球率先开发800G/1.6T光模块的厂商之一，宽带解决方案","-5.15%","20251010"
"111","****","构建了新材料和节能环保两大业务板块协同发展的产业格局","0.93%","20251010"
"111","****","公司半导体设备覆盖品类A股第一，电感性等离子体刻蚀ICP设","-4.4%","20251010"
"111","****","以军工业务为主，在国防光电测控领域领先地位。大股东长春光机所","3.82%","20251010"
"111","****","中芯国际是全球第五、中国大陆第一大晶圆代工龙头。全球市占率5","-7.89%","20251010"
"111","****","中国大陆半导体第三方掩模市场中占国产厂商的份额约13%-26","-5.9%","20251010"
"111","****","公司半导体设备覆盖品类A股第一，电感性等离子体刻蚀ICP设","-4.4%","20251010"
"111","****","国内唯一实现刻蚀用单晶硅材料量产的国内厂商","-3.03%","20251010"
"111","****","英伟达伟大唯一中国大陆电源供货商","-2.91%","20251010"
"111","****","HVDC电源领先，HVDC有望逐渐取代UPS","0.72%","20251010"
"111","****","2025年出海销量持续超预期","-2.54%","20251010"
"111","****","从事电线电缆、高分子材料、汽车充电设备的研发生产。超高压绝缘","2.7%","20251010"
"111","****","高速通信线深度受益英伟达高速铜缆放量","-1.67%","20251010"
"111","****","全球A1服务器代工市占率第一，35%-40%。全球唯一具备","-2.98%","20251010"
"111","****","上海电气核岛主设备国内综合市场占有率持续居于行业第一，生产世","0.77%","20251010"
"111","****","鼎芯光电建成国内稀缺的IDM激光器芯片工厂，100GEM","5.94%","20251010"
"111","****","上海电气核岛主设备国内综合市场占有率持续居于行业第一，生产世","0.77%","20251010"
"111","****","智能组装、监测设备供货苹果，苹果占公司营收40%；半导体检测","-1.94%","20251010"
"111","****","通信PCB全球市占率第二，3.1%。主营印制电路板、封装基板","-9.03%","20251010"
"111","****","2023年海上风电新增装机第一，占比40.9%","-2.66%","20251010"
"111","****","佰维存储eMMC及UFS嵌入式存储产品全球第八、国内第二","-9.59%","20251010"
"111","****","福布斯全球金属矿业企业第五位、全球黄金企业第一位，铜、金业务","-4.66%","20251010"
"111","****","全球最大的制冷控制元器件和全球领先的汽车空调及热管理系统控制","-7.8%","20251010"
"111","****","全球A1服务器代工市占率第一，35%-40%。全球唯一具备","-2.98%","20251010"
"111","****","2021-2024年连续4年储能电池出货量排名全球第一，全","-6.82%","20251010"
"111","****","拥有蓝宝石生长-初加工-深加工全套设备及工艺能力，软磁行业的","-5.38%","20251010"
"111","****","构建了新材料和节能环保两大业务板块协同发展的产业格局","0.93%","20251010"
"111","****","2023年海上风电新增装机第一，占比40.9%","-2.66%","20251010"
"111","****","公司发货量有望达到40-50GWh","-7.79%","20251010"
"111","****","主要从事土地一级开发和市政基础配套设施建设及运营业务的企业","1.92%","20251010"
"111","****","福布斯全球金属矿业企业第五位、全球黄金企业第一位，铜、金业务","-4.66%","20251010"
"111","****","2021-2024年连续4年储能电池出货量排名全球第一，全","-6.82%","20251010"
"111","****","锂离子电池及系统、铅蓄电池及系统、氢能关键设备及锂、铅资源再","-8.86%","20251010"
"111","****","国内领先的IC载板、半导体测试板供应商","-6.62%","20251010"
"111","****","通信PCB全球市占率第二，3.1%。主营印制电路板、封装基板","-9.03%","20251010"
"111","****","公司在NORFlash领域全球市占率第二，达23%。","-4.64%","20251010"
"111","****","佰维存储eMMC及UFS嵌入式存储产品全球第八、国内第二","-9.59%","20251010"
"111","****","中国大陆领先的存储芯片设计公司，中小型NOR、NAND闪存市","-12.63%","20251010"
"111","****","NORFLASH市占率A股第三，全球市占率2.7%。公司是","-6.04%","20251010"
"111","****","主营电子元器件产品分销，拥有拥有SK海力士、联发科及","2.35%","20251010"
"111","****","全球激光打印市场份额第四，业务包含集成电路设计及应用业务","-0.5%","20251010"
"111","****","公司已形成信号链和电源管理器两大类别上百款产品，并广泛应用于","-2.58%","20251010"
"111","****","鼎芯光电建成国内稀缺的IDM激光器芯片工厂，100GEM","5.94%","20251010"
"111","****","上海电气核岛主设备国内综合市场占有率持续居于行业第一，生产世","0.77%","20251010"
"111","****","福布斯全球金属矿业企业第五位、全球黄金企业第一位，铜、金业务","-4.66%","20251010"
"111","****","胜宏科技在AIPCB市场已是全球领军","-6.77%","20251010"
"111","****","通信PCB全球市占率第二，3.1%。主营印制电路板、封装基板","-9.03%","20251010"
"111","****","神州鲲泰服务器为鲲鹏领先级合作伙伴昇腾优选级合作伙伴","-4.78%","20251010"
"111","****","公司在NORFlash领域全球市占率第二，达23%。","-4.64%","20251010"
"111","****","中国大陆领先的存储芯片设计公司，中小型NOR、NAND闪存市","-12.63%","20251010"
"111","****","胜宏科技在AIPCB市场已是全球领军","-6.77%","20251010"
"111","****","通信PCB全球市占率第二，3.1%。主营印制电路板、封装基板","-9.03%","20251010"
"111","****","神州鲲泰服务器为鲲鹏领先级合作伙伴昇腾优选级合作伙伴","-4.78%","20251010"
"111","****","全球最大的制冷控制元器件和全球领先的汽车空调及热管理系统控制","-7.8%","20251010"
"111","****","物联网AIOT系统级(SOC)芯片排名第一，旗舰芯片RK3","-7.43%","20251010"
"111","****","国内音视频SoC主控芯片领域的领导者，扫地机器人SoC核心","-7.75%","20251010"
"111","****","乐鑫在分支领域Wi-FiMCU市场中出货量第一，在大","-7.72%","20251010"
"111","****","公司为国内智能机顶盒芯片龙头厂商，公司Wi-Fi芯片发","-4.74%","20251010"
"111","****","全球智能音频SoC芯片领域的龙头，S0C芯片产品数量第四","-9.98%","20251010"
"111","****","公司蓝牙SOC芯片市占率第一，公司推出全球首颗应用于物联网领","-6.11%","20251010"
"111","****","公司蜂窝IoT芯片市占率约为10.4%。公司是国内少数","-12.85%","20251010"
"111","****","外销为主的笔记本、平板电脑等消费电子产品ODM厂商","0%","20251010"
"111","****","全球最大的制冷控制元器件和全球领先的汽车空调及热管理系统控制","-7.8%","20251010"
"111","****","通用汽油机点火器在全球市场占有率排名第一数码变频发电机变流","-0.67%","20251010"
"111","****","以军工业务为主，在国防光电测控领域领先地位。大股东长春光机所","3.82%","20251010"
"111","****","全国领先的新媒体业务运营商","0.85%","20251010"
"111","****","2025年出海销量持续超预期","-2.54%","20251010"
"111","****","佰维存储eMMC及UFS嵌入式存储产品全球第八、国内第二","-9.59%","20251010"
"111","****","公司在NORFlash领域全球市占率第二，达23%。","-4.64%","20251010"
"111","****","NORFLASH市占率A股第三，全球市占率2.7%。公司是","-6.04%","20251010"
"111","****","主营电子元器件产品分销，拥有拥有SK海力士、联发科及","2.35%","20251010"
"111","****","国内唯一实现刻蚀用单晶硅材料量产的国内厂商","-3.03%","20251010"
"111","****","中芯国际是全球第五、中国大陆第一大晶圆代工龙头。全球市占率5","-7.89%","20251010"
"111","****","福布斯全球金属矿业企业第五位、全球黄金企业第一位，铜、金业务","-4.66%","20251010"
"111","****","曾获得纺织行业“专精特新”中小企业荣誉","20%","20251010"
"111","****","鼎芯光电建成国内稀缺的IDM激光器芯片工厂，100GEM","5.94%","20251010"
"111","****","全球毛纺隐形冠军，羊毛羊绒双轮驱动。","10.07%","20251010"
"111","****","曾获得纺织行业“专精特新”中小企业荣誉","20%","20251010"
"111","****","公司半导体设备覆盖品类A股第一，电感性等离子体刻蚀ICP设","-4.4%","20251010"
"111","****","国内半导体靶材龙头，切入半导体设备零部件领域","-1.82%","20251010"
"111","****","以军工业务为主，在国防光电测控领域领先地位。大股东长春光机所","3.82%","20251010"
"111","****","中芯国际是全球第五、中国大陆第一大晶圆代工龙头。全球市占率5","-7.89%","20251010"
"111","****","中国大陆半导体第三方掩模市场中占国产厂商的份额约13%-26","-5.9%","20251010"
"111","****","公司半导体设备覆盖品类A股第一，电感性等离子体刻蚀ICP设","-4.4%","20251010"
"111","****","和而泰、拓邦股份在智能控制器领域形成双龙头格局。参股摩尔线程","-4.45%","20251010"
"111","****","胜宏科技在AIPCB市场已是全球领军","-6.77%","20251010"
"111","****","4个自建自营的数据中心，运营机柜按标准机柜折算超过57","-5.28%","20251010"
"111","****","数据中心柴油发电机组市占率全球第六，7%；内河航运中速柴油机","-3.44%","20251010"
"111","****","专注军工装备及应急装备，数据中心用柴油发电机组市占率国内第四","-0.31%","20251010"
"111","****","以军工业务为主，在国防光电测控领域领先地位。大股东长春光机所","3.82%","20251010"
"111","****","从事电线电缆、高分子材料、汽车充电设备的研发生产。超高压绝缘","2.7%","20251010"
"111","****","鼎芯光电建成国内稀缺的IDM激光器芯片工厂，100GEM","5.94%","20251010"
"111","****","800G、1.6T模块加速释放","-1.41%","20251010"
"111","****","胜宏科技在AIPCB市场已是全球领军","-6.77%","20251010"
"111","****","公司测试机和分选机在核心性能指标上已达到国内领先、接近国外先","-0.83%","20251010"
"111","****","鼎芯光电建成国内稀缺的IDM激光器芯片工厂，100GEM","5.94%","20251010"
"111","****","上海电气核岛主设备国内综合市场占有率持续居于行业第一，生产世","0.77%","20251010"
"111","****","以军工业务为主，在国防光电测控领域领先地位。大股东长春光机所","3.82%","20251010"
"111","****","中芯国际是全球第五、中国大陆第一大晶圆代工龙头。全球市占率5","-7.89%","20251010"
"111","****","中国大陆半导体第三方掩模市场中占国产厂商的份额约13%-26","-5.9%","20251010"
"111","****","公司半导体设备覆盖品类A股第一，电感性等离子体刻蚀ICP设","-4.4%","20251010"
"111","****","国内汽车动力传动系统总成和零部件骨干企业，公司投资参股无锡泉","4.92%","20251010"
"111","****","公司半导体设备覆盖品类A股第一，电感性等离子体刻蚀ICP设","-4.4%","20251010"
"111","****","公司半导体设备覆盖品类A股第一，电感性等离子体刻蚀ICP设","-4.4%","20251010"
"111","****","以军工业务为主，在国防光电测控领域领先地位。大股东长春光机所","3.82%","20251010"
"111","****","中芯国际是全球第五、中国大陆第一大晶圆代工龙头。全球市占率5","-7.89%","20251010"
"111","****","中国大陆半导体第三方掩模市场中占国产厂商的份额约13%-26","-5.9%","20251010"
"111","****","公司半导体设备覆盖品类A股第一，电感性等离子体刻蚀ICP设","-4.4%","20251010"
"111","****","HVDC电源领先，HVDC有望逐渐取代UPS","0.72%","20251010"
"111","****","2025年出海销量持续超预期","-2.54%","20251010"
"111","****","从事电线电缆、高分子材料、汽车充电设备的研发生产。超高压绝缘","2.7%","20251010"
"111","****","全球A1服务器代工市占率第一，35%-40%。全球唯一具备","-2.98%","20251010"
"111","****","上海电气核岛主设备国内综合市场占有率持续居于行业第一，生产世","0.77%","20251010"
"111","****","鼎芯光电建成国内稀缺的IDM激光器芯片工厂，100GEM","5.94%","20251010"
"111","****","上海电气核岛主设备国内综合市场占有率持续居于行业第一，生产世","0.77%","20251010"
"111","****","智能组装、监测设备供货苹果，苹果占公司营收40%；半导体检测","-1.94%","20251010"
"111","****","通信PCB全球市占率第二，3.1%。主营印制电路板、封装基板","-9.03%","20251010"
"111","****","佰维存储eMMC及UFS嵌入式存储产品全球第八、国内第二","-9.59%","20251010"
"111","****","全球最大的制冷控制元器件和全球领先的汽车空调及热管理系统控制","-7.8%","20251010"
"111","****","全球A1服务器代工市占率第一，35%-40%。全球唯一具备","-2.98%","20251010"
"111","****","拥有蓝宝石生长-初加工-深加工全套设备及工艺能力，软磁行业的","-5.38%","20251010"
"111","****","公司发货量有望达到40-50GWh","-7.79%","20251010"
"111","****","锂离子电池及系统、铅蓄电池及系统、氢能关键设备及锂、铅资源再","-8.86%","20251010"
"111","****","国内领先的IC载板、半导体测试板供应商","-6.62%","20251010"
"111","****","通信PCB全球市占率第二，3.1%。主营印制电路板、封装基板","-9.03%","20251010"
"111","****","公司在NORFlash领域全球市占率第二，达23%。","-4.64%","20251010"
"111","****","佰维存储eMMC及UFS嵌入式存储产品全球第八、国内第二","-9.59%","20251010"
"111","****","中国大陆领先的存储芯片设计公司，中小型NOR、NAND闪存市","-12.63%","20251010"
"111","****","NORFLASH市占率A股第三，全球市占率2.7%。公司是","-6.04%","20251010"
"111","****","主营电子元器件产品分销，拥有拥有SK海力士、联发科及","2.35%","20251010"
"111","****","公司已形成信号链和电源管理器两大类别上百款产品，并广泛应用于","-2.58%","20251010"
"111","****","鼎芯光电建成国内稀缺的IDM激光器芯片工厂，100GEM","5.94%","20251010"
"111","****","上海电气核岛主设备国内综合市场占有率持续居于行业第一，生产世","0.77%","20251010"
"111","****","胜宏科技在AIPCB市场已是全球领军","-6.77%","20251010"
"111","****","通信PCB全球市占率第二，3.1%。主营印制电路板、封装基板","-9.03%","20251010"
"111","****","神州鲲泰服务器为鲲鹏领先级合作伙伴昇腾优选级合作伙伴","-4.78%","20251010"
"111","****","公司在NORFlash领域全球市占率第二，达23%。","-4.64%","20251010"
"111","****","中国大陆领先的存储芯片设计公司，中小型NOR、NAND闪存市","-12.63%","20251010"
"111","****","胜宏科技在AIPCB市场已是全球领军","-6.77%","20251010"
"111","****","通信PCB全球市占率第二，3.1%。主营印制电路板、封装基板","-9.03%","20251010"
"111","****","神州鲲泰服务器为鲲鹏领先级合作伙伴昇腾优选级合作伙伴","-4.78%","20251010"
"111","****","全球最大的制冷控制元器件和全球领先的汽车空调及热管理系统控制","-7.8%","20251010"
"111","****","物联网AIOT系统级(SOC)芯片排名第一，旗舰芯片RK3","-7.43%","20251010"
"111","****","国内音视频SoC主控芯片领域的领导者，扫地机器人SoC核心","-7.75%","20251010"
"111","****","乐鑫在分支领域Wi-FiMCU市场中出货量第一，在大","-7.72%","20251010"
"111","****","公司为国内智能机顶盒芯片龙头厂商，公司Wi-Fi芯片发","-4.74%","20251010"
"111","****","全球智能音频SoC芯片领域的龙头，S0C芯片产品数量第四","-9.98%","20251010"
"111","****","公司蓝牙SOC芯片市占率第一，公司推出全球首颗应用于物联网领","-6.11%","20251010"
"111","****","公司蜂窝IoT芯片市占率约为10.4%。公司是国内少数","-12.85%","20251010"
"111","****","外销为主的笔记本、平板电脑等消费电子产品ODM厂商","0%","20251010"
"111","****","全球最大的制冷控制元器件和全球领先的汽车空调及热管理系统控制","-7.8%","20251010"
"111","****","通用汽油机点火器在全球市场占有率排名第一数码变频发电机变流","-0.67%","20251010"
"111","****","以军工业务为主，在国防光电测控领域领先地位。大股东长春光机所","3.82%","20251010"
"111","****","全国领先的新媒体业务运营商","0.85%","20251010"
"111","****","2025年出海销量持续超预期","-2.54%","20251010"
"111","****","佰维存储eMMC及UFS嵌入式存储产品全球第八、国内第二","-9.59%","20251010"
"111","****","公司在NORFlash领域全球市占率第二，达23%。","-4.64%","20251010"
"111","****","NORFLASH市占率A股第三，全球市占率2.7%。公司是","-6.04%","20251010"
"111","****","主营电子元器件产品分销，拥有拥有SK海力士、联发科及","2.35%","20251010"
"111","****","中芯国际是全球第五、中国大陆第一大晶圆代工龙头。全球市占率5","-7.89%","20251010"
"111","****","HVDC电源领先，HVDC有望逐渐取代UPS","10%","20251015"
"111","****","HVDC电源领先，HVDC有望逐渐取代UPS","10%","20251015"
"111","****","2025年出海销量持续超预期","1.05%","20251015"
"111","****","从事电线电缆、高分子材料、汽车充电设备的研发生产。超高压绝缘","0.44%","20251015"
"111","****","HVDC电源领先，HVDC有望逐渐取代UPS","10%","20251015"
"111","****","公司在NORFlash领域全球市占率第二，达23%。","3.07%","20251015"
"111","****","主营电子元器件产品分销，拥有拥有SK海力士、联发科及","1.74%","20251015"
"111","****","公司已形成信号链和电源管理器两大类别上百款产品，并广泛应用于","0.52%","20251015"
"111","****","HVDC电源领先，HVDC有望逐渐取代UPS","10%","20251015"
"111","****","数据中心、通信电源领先","2.28%","20251015"
"111","****","国产高功率服务器电源龙头企业","4.6%","20251015"
"111","****","通用汽油机点火器在全球市场占有率排名第一数码变频发电机变流","2.57%","20251015"
"111","****","以军工业务为主，在国防光电测控领域领先地位。大股东长春光机所","-10.01%","20251015"
"111","****","HVDC电源领先，HVDC有望逐渐取代UPS","10%","20251015"
"111","****","数据中心、通信电源领先","2.28%","20251015"
"111","****","数据中心用柴油发电机组市占率国内第三，15%","3.58%","20251015"
"111","****","国产高功率服务器电源龙头企业","4.6%","20251015"
"111","****","双金属带锯条市占率国内第一，世界第三，收购雅达进军电源业务","-0.05%","20251015"
"111","****","中国电子信息集团旗下;国产CPU出货量国内第一","-0.41%","20251015"
"111","****","公司发货量有望达到40-50GWh","8.31%","20251015"
"111","****","全球毛纺隐形冠军，羊毛羊绒双轮驱动。","-1.75%","20251015"
"111","****","主营时尚女鞋业务，采用多品牌、全产业链纵向一体化的运营模式","6.31%","20251015"
"111","****","国内领先的软件与信息技术服务商，华为鸿蒙核心合作伙伴","-0.13%","20251015"
"111","****","A股最大的参股上海微电子的企业，产业园区开发与股权投资并行发","0.62%","20251015"
"111","****","公司连续十八年入选“中国光器件与辅助设备及原材料最具竞争力企","2.06%","20251015"
"111","****","中国电子信息集团旗下;国产CPU出货量国内第一","-0.41%","20251015"
"111","****","创新型水环境服务商，先进技术应用、技术集成模式创新等行业前列","2.18%","20251015"
"111","****","林业产业一体化经营的企业","1.17%","20251015"
"111","****","从事电线电缆、高分子材料、汽车充电设备的研发生产。超高压绝缘","0.44%","20251015"
"111","****","国内领先的软件与信息技术服务商，华为鸿蒙核心合作伙伴","-0.13%","20251015"
"111","****","金融机具龙头地位稳固，金融信创+出海战略同步推进","1.24%","20251015"
"111","****","智慧防务、智慧税务、智慧城市领域整体解决方案的主流服务商","2.07%","20251015"
"111","****","公司发货量有望达到40-50GWh","8.31%","20251015"
"111","****","公司发货量有望达到40-50GWh","8.31%","20251015"
"111","****","公司在NORFlash领域全球市占率第二，达23%。","3.07%","20251015"
"111","****","主营电子元器件产品分销，拥有拥有SK海力士、联发科及","1.74%","20251015"
"111","****","公司已形成信号链和电源管理器两大类别上百款产品，并广泛应用于","0.52%","20251015"
"111","****","上海电气核岛主设备国内综合市场占有率持续居于行业第一，生产世","-1.28%","20251015"
"111","****","新型异质结电池铜电镀装备生产商，高端自动化设备龙头。逐步切入","1.47%","20251015"
"111","****","800G、1.6T模块加速释放","1.92%","20251015"
"111","****","主营高速通讯连接器及汽车连接器，已成为连接器模组行业龙头企业","2.91%","20251015"
"111","****","交换机、无线产品、云桌面等多个领域市场排名靠前","0.95%","20251015"
"111","****","全球蜂窝物联网模组龙头，份额全球第一，布局物联网解决方案及车","4.66%","20251015"
"111","****","国内半导体靶材龙头，切入半导体设备零部件领域","-4.36%","20251015"
"111","****","以军工业务为主，在国防光电测控领域领先地位。大股东长春光机所","-10.01%","20251015"
"111","****","中国大陆半导体第三方掩模市场中占国产厂商的份额约13%-26","1.42%","20251015"
"111","****","公司在NORFlash领域全球市占率第二，达23%。","3.07%","20251015"
"111","****","新型异质结电池铜电镀装备生产商，高端自动化设备龙头。逐步切入","1.47%","20251015"
"111","****","国内最大的甲硝唑原料药生产企业，2-甲基-5-硝基咪唑、乙二","5.01%","20251015"
"111","****","南凌科技在中国SASE市场稳居第四位","1.18%","20251015"
"111","****","外销为主的笔记本、平板电脑等消费电子产品ODM厂商","0%","20251015"
"111","****","公司电子废物回收市占率第三，无人驾驶清扫车咸宁投入使用","0%","20251015"
"111","****","以军工业务为主，在国防光电测控领域领先地位。大股东长春光机所","-10.01%","20251015"
"111","****","英伟达液冷测试设备供货商；专业视音频显控技术方案提供商，自研","-7.14%","20251015"
"111","****","国内最大的甲硝唑原料药生产企业，2-甲基-5-硝基咪唑、乙二","5.01%","20251015"
"111","****","全球毛纺隐形冠军，羊毛羊绒双轮驱动。","-1.75%","20251015"
"111","****","主营时尚女鞋业务，采用多品牌、全产业链纵向一体化的运营模式","6.31%","20251015"
"111","****","上海电气核岛主设备国内综合市场占有率持续居于行业第一，生产世","-1.28%","20251015"
"111","****","全球前十大厂商占据光纤光缆市场88.2%的市场份额，其中长飞","-0.41%","20251016"
"111","****","全球唯一集“光通信系统、光纤光缆、光电子器件”光通信三大战略","1.41%","20251016"
"111","****","深圳国资委旗下，业务覆盖光纤光缆、智能网络及军工信息化等领域","-2.41%","20251016"
"111","****","中国第一家同时主导制定线缆及连接器国际标准的民营企业","-2.3%","20251016"
"111","****","以太网交换机市场份额31.1%、服务器市场份额12.6%","-0.67%","20251016"
"111","****","交换机、无线产品、云桌面等多个领域市场排名靠前","-0.9%","20251016"
"111","****","中兴通讯在电信市场服务器份额第一，公司拥有全系列服务器产品","7.2%","20251016"
"111","****","锐捷在国内数据中心交换机市场份额为19.2%，位列第三","0.03%","20251016"
"111","****","公司深耕数通、网通、汽车电子及EMS等产品线，相关产品出","-3.49%","20251016"
"111","****","公司连续十八年入选“中国光器件与辅助设备及原材料最具竞争力企","0.55%","20251016"
"111","****","800G、1.6T模块加速释放","0.67%","20251016"
"111","****","武汉国资委旗下，激光产业的知名高科技公司，光模块业务全球第八","0.73%","20251016"
"111","****","“现金奶牛”收益稳健，数据资源入表带来估值提升空间","0.44%","20251016"
"111","****","公司是全球网络规模第一、客户规模第一、收入规模第一的通信信息","0.64%","20251016"
"111","****","国内综合规模TOP3的第三方数据中心运营商","-1.24%","20251016"
"111","****","子公司森华易腾深耕数据中心20+年，收购金云公司扩大资源优势","-1.8%","20251016"
"111","****","先后落地“中国移动扬州智算中心项目”与“中国电信江北仪征智算","-2.04%","20251016"
"111","****","公司是国内大规模的数据中心运营商之一","-2.25%","20251016"
"111","****","南凌科技在中国SASE市场稳居第四位","0.45%","20251016"
"111","****","林业产业一体化经营的企业","-3.47%","20251016"
"111","****","全球毛纺隐形冠军，羊毛羊绒双轮驱动。","-4.19%","20251016"
"111","****","上海电气核岛主设备国内综合市场占有率持续居于行业第一，生产世","-3.7%","20251016"
"111","****","电磁发射系统成套设备龙头制造商，公司特种发射相关的产品技术与","-4.04%","20251016"
"111","****","国内最大的甲硝唑原料药生产企业，2-甲基-5-硝基咪唑、乙二","-0.8%","20251016"
"111","****","国内领先的软件与信息技术服务商，华为鸿蒙核心合作伙伴","2.56%","20251016"
"111","****","从事电线电缆、高分子材料、汽车充电设备的研发生产。超高压绝缘","2.09%","20251016"
"111","****","公司在NORFlash领域全球市占率第二，达23%。","3.03%","20251016"
"111","****","主营电子元器件产品分销，拥有拥有SK海力士、联发科及","16.7%","20251016"
"111","****","公司已形成信号链和电源管理器两大类别上百款产品，并广泛应用于","-1.81%","20251016"
"111","****","HVDC电源领先，HVDC有望逐渐取代UPS","-0.96%","20251016"
"111","****","数据中心、通信电源领先","4.46%","20251016"
"111","****","国产高功率服务器电源龙头企业","0.24%","20251016"
"111","****","HVDC电源领先，HVDC有望逐渐取代UPS","-0.96%","20251016"
"111","****","2025年出海销量持续超预期","-0.13%","20251016"
"111","****","从事电线电缆、高分子材料、汽车充电设备的研发生产。超高压绝缘","2.09%","20251016"
"111","****","全球蜂窝物联网模组龙头，份额全球第一，布局物联网解决方案及车","-1.99%","20251016"
"111","****","中兴通讯在电信市场服务器份额第一，公司拥有全系列服务器产品","7.2%","20251016"
"111","****","HVDC电源领先，HVDC有望逐渐取代UPS","-0.96%","20251016"
"111","****","HVDC电源领先，HVDC有望逐渐取代UPS","-0.96%","20251016"
"111","****","2025年出海销量持续超预期","-0.13%","20251016"
"111","****","从事电线电缆、高分子材料、汽车充电设备的研发生产。超高压绝缘","2.09%","20251016"
"111","****","HVDC电源领先，HVDC有望逐渐取代UPS","-0.96%","20251016"
"111","****","公司在NORFlash领域全球市占率第二，达23%。","3.03%","20251016"
"111","****","主营电子元器件产品分销，拥有拥有SK海力士、联发科及","16.7%","20251016"
"111","****","公司已形成信号链和电源管理器两大类别上百款产品，并广泛应用于","-1.81%","20251016"
"111","****","HVDC电源领先，HVDC有望逐渐取代UPS","-0.96%","20251016"
"111","****","数据中心、通信电源领先","4.46%","20251016"
"111","****","国产高功率服务器电源龙头企业","0.24%","20251016"
"111","****","通用汽油机点火器在全球市场占有率排名第一数码变频发电机变流","-5.18%","20251016"
"111","****","以军工业务为主，在国防光电测控领域领先地位。大股东长春光机所","-4.02%","20251016"
"111","****","HVDC电源领先，HVDC有望逐渐取代UPS","-0.96%","20251016"
"111","****","数据中心、通信电源领先","4.46%","20251016"
"111","****","数据中心用柴油发电机组市占率国内第三，15%","-2.24%","20251016"
"111","****","国产高功率服务器电源龙头企业","0.24%","20251016"
"111","****","双金属带锯条市占率国内第一，世界第三，收购雅达进军电源业务","-1.59%","20251016"
"111","****","中国电子信息集团旗下;国产CPU出货量国内第一","-3.27%","20251016"
"111","****","公司发货量有望达到40-50GWh","7.66%","20251016"
"111","****","全球毛纺隐形冠军，羊毛羊绒双轮驱动。","-4.19%","20251016"
"111","****","主营时尚女鞋业务，采用多品牌、全产业链纵向一体化的运营模式","1.03%","20251016"
"111","****","国内领先的软件与信息技术服务商，华为鸿蒙核心合作伙伴","2.56%","20251016"
"111","****","A股最大的参股上海微电子的企业，产业园区开发与股权投资并行发","-1.57%","20251016"
"111","****","公司连续十八年入选“中国光器件与辅助设备及原材料最具竞争力企","0.55%","20251016"
"111","****","中国电子信息集团旗下;国产CPU出货量国内第一","-3.27%","20251016"
"111","****","创新型水环境服务商，先进技术应用、技术集成模式创新等行业前列","-2.14%","20251016"
"111","****","林业产业一体化经营的企业","-3.47%","20251016"
"111","****","HVDC电源领先，HVDC有望逐渐取代UPS","-9.99%","20251017"
"111","****","公司在NORFlash领域全球市占率第二，达23%。","-3.32%","20251017"
"111","****","主营电子元器件产品分销，拥有拥有SK海力士、联发科及","-3.95%","20251017"
"111","****","公司已形成信号链和电源管理器两大类别上百款产品，并广泛应用于","-4.52%","20251017"
"111","****","服务器出货量全球第二，存储装机容量全球第三，人工智能服务器销","-4.45%","20251017"
"111","****","主营建筑业务，实控人控股华鲲振宇有注入预期","-3.92%","20251017"
"111","****","全球唯一集“光通信系统、光纤光缆、光电子器件”光通信三大战略","-4.02%","20251017"
"111","****","神州鲲泰服务器为鲲鹏领先级合作伙伴昇腾优选级合作伙伴","-4.35%","20251017"
"111","****","国内领先的软件与信息技术服务商，华为鸿蒙核心合作伙伴","-4.28%","20251017"
"111","****","国产高端处理器龙头，国内为数不多同时具备高端通用处理器（CP","-2.04%","20251017"
"111","****","英伟达液冷测试设备供货商；专业视音频显控技术方案提供商，自研","-4.21%","20251017"
"111","****","主营电子元器件产品分销，拥有拥有SK海力士、联发科及","-3.95%","20251017"
"111","****","中兴通讯在电信市场服务器份额第一，公司拥有全系列服务器产品","-9.99%","20251017"
"111","****","A股最大的参股上海微电子的企业，产业园区开发与股权投资并行发","-6.05%","20251017"
"111","****","CPU国内生态体系完善度第三，推出了自主指令系统龙架构","-5.1%","20251017"
"111","****","公司已拥有8种40余款嵌入式CPU内核，汽车电子","-6.14%","20251017"
"111","****","公司在NORFlash领域全球市占率第二，达23%。","-3.32%","20251017"
"111","****","公司是国内大规模的数据中心运营商之一","-2.77%","20251017"
"111","****","林业产业一体化经营的企业","0%","20251017"
"111","****","全球毛纺隐形冠军，羊毛羊绒双轮驱动。","1.19%","20251017"
"111","****","通用汽油机点火器在全球市场占有率排名第一数码变频发电机变流","-6.51%","20251017"
"111","****","以军工业务为主，在国防光电测控领域领先地位。大股东长春光机所","-5.38%","20251017"
"111","****","全球前十大厂商占据光纤光缆市场88.2%的市场份额，其中长飞","-3.57%","20251017"
"111","****","全球唯一集“光通信系统、光纤光缆、光电子器件”光通信三大战略","-4.02%","20251017"
"111","****","深圳国资委旗下，业务覆盖光纤光缆、智能网络及军工信息化等领域","-1.4%","20251017"
"111","****","中国第一家同时主导制定线缆及连接器国际标准的民营企业","-5.38%","20251017"
"111","****","以太网交换机市场份额31.1%、服务器市场份额12.6%","-4.07%","20251017"
"111","****","交换机、无线产品、云桌面等多个领域市场排名靠前","1.44%","20251017"
"111","****","中兴通讯在电信市场服务器份额第一，公司拥有全系列服务器产品","-9.99%","20251017"
"111","****","锐捷在国内数据中心交换机市场份额为19.2%，位列第三","-6.5%","20251017"
"111","****","公司深耕数通、网通、汽车电子及EMS等产品线，相关产品出","-4.39%","20251017"
"111","****","公司连续十八年入选“中国光器件与辅助设备及原材料最具竞争力企","-2.75%","20251017"
"111","****","800G、1.6T模块加速释放","-2.6%","20251017"
"111","****","武汉国资委旗下，激光产业的知名高科技公司，光模块业务全球第八","-4.27%","20251017"
"111","****","“现金奶牛”收益稳健，数据资源入表带来估值提升空间","1.17%","20251017"
"111","****","公司是全球网络规模第一、客户规模第一、收入规模第一的通信信息","0.11%","20251017"
"111","****","国内综合规模TOP3的第三方数据中心运营商","-4.13%","20251017"
"111","****","子公司森华易腾深耕数据中心20+年，收购金云公司扩大资源优势","-1.27%","20251017"
"111","****","先后落地“中国移动扬州智算中心项目”与“中国电信江北仪征智算","-2.9%","20251017"
"111","****","公司是国内大规模的数据中心运营商之一","-2.77%","20251017"
"111","****","南凌科技在中国SASE市场稳居第四位","-3.04%","20251017"
"111","****","公司连续十八年入选“中国光器件与辅助设备及原材料最具竞争力企","-2.75%","20251017"
"111","****","公司在NORFlash领域全球市占率第二，达23%。","-3.32%","20251017"
"111","****","全球蜂窝物联网模组龙头，份额全球第一，布局物联网解决方案及车","-6.46%","20251017"
"111","****","全球前十大厂商占据光纤光缆市场88.2%的市场份额，其中长飞","-3.57%","20251017"
"111","****","全球唯一集“光通信系统、光纤光缆、光电子器件”光通信三大战略","-4.02%","20251017"
"111","****","深圳国资委旗下，业务覆盖光纤光缆、智能网络及军工信息化等领域","-1.4%","20251017"
"111","****","中国第一家同时主导制定线缆及连接器国际标准的民营企业","-5.38%","20251017"
"111","****","以太网交换机市场份额31.1%、服务器市场份额12.6%","-4.07%","20251017"
"111","****","交换机、无线产品、云桌面等多个领域市场排名靠前","1.44%","20251017"
"111","****","中兴通讯在电信市场服务器份额第一，公司拥有全系列服务器产品","-9.99%","20251017"
"111","****","锐捷在国内数据中心交换机市场份额为19.2%，位列第三","-6.5%","20251017"
"111","****","公司深耕数通、网通、汽车电子及EMS等产品线，相关产品出","-4.39%","20251017"
"111","****","公司连续十八年入选“中国光器件与辅助设备及原材料最具竞争力企","-2.75%","20251017"
"111","****","800G、1.6T模块加速释放","-2.6%","20251017"
"111","****","武汉国资委旗下，激光产业的知名高科技公司，光模块业务全球第八","-4.27%","20251017"
"111","****","“现金奶牛”收益稳健，数据资源入表带来估值提升空间","1.17%","20251017"
"111","****","公司是全球网络规模第一、客户规模第一、收入规模第一的通信信息","0.11%","20251017"
"111","****","国内综合规模TOP3的第三方数据中心运营商","-4.13%","20251017"
"111","****","子公司森华易腾深耕数据中心20+年，收购金云公司扩大资源优势","-1.27%","20251017"
"111","****","先后落地“中国移动扬州智算中心项目”与“中国电信江北仪征智算","-2.9%","20251017"
"111","****","公司是国内大规模的数据中心运营商之一","-2.77%","20251017"
"111","****","南凌科技在中国SASE市场稳居第四位","-3.04%","20251017"
"111","****","林业产业一体化经营的企业","0%","20251017"
"111","****","全球毛纺隐形冠军，羊毛羊绒双轮驱动。","1.19%","20251017"
"111","****","上海电气核岛主设备国内综合市场占有率持续居于行业第一，生产世","-5.29%","20251017"
"111","****","电磁发射系统成套设备龙头制造商，公司特种发射相关的产品技术与","-5.14%","20251017"
"111","****","国内最大的甲硝唑原料药生产企业，2-甲基-5-硝基咪唑、乙二","-3.71%","20251017"
"111","****","国内领先的软件与信息技术服务商，华为鸿蒙核心合作伙伴","-4.28%","20251017"
"111","****","从事电线电缆、高分子材料、汽车充电设备的研发生产。超高压绝缘","-8.51%","20251017"
"111","****","公司在NORFlash领域全球市占率第二，达23%。","-3.32%","20251017"
"111","****","主营电子元器件产品分销，拥有拥有SK海力士、联发科及","-3.95%","20251017"
"111","****","公司已形成信号链和电源管理器两大类别上百款产品，并广泛应用于","-4.52%","20251017"
"111","****","HVDC电源领先，HVDC有望逐渐取代UPS","-9.99%","20251017"
"111","****","数据中心、通信电源领先","-5.75%","20251017"
"111","****","国产高功率服务器电源龙头企业","-8.48%","20251017"
"111","****","HVDC电源领先，HVDC有望逐渐取代UPS","-9.99%","20251017"
"111","****","2025年出海销量持续超预期","-2.37%","20251017"
"111","****","从事电线电缆、高分子材料、汽车充电设备的研发生产。超高压绝缘","-8.51%","20251017"
"111","****","全球蜂窝物联网模组龙头，份额全球第一，布局物联网解决方案及车","-6.46%","20251017"
"111","****","中兴通讯在电信市场服务器份额第一，公司拥有全系列服务器产品","-9.99%","20251017"
"111","****","HVDC电源领先，HVDC有望逐渐取代UPS","-9.99%","20251017"
"111","****","HVDC电源领先，HVDC有望逐渐取代UPS","-9.99%","20251017"
"111","****","2025年出海销量持续超预期","-2.37%","20251017"
"111","****","从事电线电缆、高分子材料、汽车充电设备的研发生产。超高压绝缘","-8.51%","20251017"
"111","****","HVDC电源领先，HVDC有望逐渐取代UPS","-9.99%","20251017"
"111","****","公司在NORFlash领域全球市占率第二，达23%。","-3.32%","20251017"
"111","****","主营电子元器件产品分销，拥有拥有SK海力士、联发科及","-3.95%","20251017"
"111","****","公司已形成信号链和电源管理器两大类别上百款产品，并广泛应用于","-4.52%","20251017"
"111","****","HVDC电源领先，HVDC有望逐渐取代UPS","-9.99%","20251017"
"111","****","数据中心、通信电源领先","-5.75%","20251017"
"111","****","国产高功率服务器电源龙头企业","-8.48%","20251017"
"111","****","通用汽油机点火器在全球市场占有率排名第一数码变频发电机变流","-6.51%","20251017"
"111","****","以军工业务为主，在国防光电测控领域领先地位。大股东长春光机所","-5.38%","20251017"
"111","****","HVDC电源领先，HVDC有望逐渐取代UPS","-9.99%","20251017"
"111","****","数据中心、通信电源领先","-5.75%","20251017"
"111","****","数据中心用柴油发电机组市占率国内第三，15%","-6.4%","20251017"
"111","****","国产高功率服务器电源龙头企业","-8.48%","20251017"
"111","****","双金属带锯条市占率国内第一，世界第三，收购雅达进军电源业务","-8.2%","20251017"
"111","****","中国电子信息集团旗下;国产CPU出货量国内第一","-1.85%","20251017"
"111","****","主营电子元器件产品分销，拥有拥有SK海力士、联发科及","-3.95%","20251017"
"111","****","服务器出货量全球第二，存储装机容量全球第三，人工智能服务器销","-4.45%","20251017"
"111","****","主营建筑业务，实控人控股华鲲振宇有注入预期","-3.92%","20251017"
"111","****","神州鲲泰服务器为鲲鹏领先级合作伙伴昇腾优选级合作伙伴","-4.35%","20251017"
"111","****","国产高端处理器龙头，国内为数不多同时具备高端通用处理器（CP","-2.04%","20251017"
"111","****","主营电子元器件产品分销，拥有拥有SK海力士、联发科及","-3.95%","20251017"
"111","****","A股最大的参股上海微电子的企业，产业园区开发与股权投资并行发","-6.05%","20251017"
"111","****","CPU国内生态体系完善度第三，推出了自主指令系统龙架构","-5.1%","20251017"
"111","****","公司已拥有8种40余款嵌入式CPU内核，汽车电子","-6.14%","20251017"
"111","****","公司是国内大规模的数据中心运营商之一","-2.77%","20251017"
"111","****","深圳国资委旗下，业务覆盖光纤光缆、智能网络及军工信息化等领域","-1.4%","20251017"
"111","****","锐捷在国内数据中心交换机市场份额为19.2%，位列第三","-6.5%","20251017"
"111","****","公司连续十八年入选“中国光器件与辅助设备及原材料最具竞争力企","-2.75%","20251017"
"111","****","子公司森华易腾深耕数据中心20+年，收购金云公司扩大资源优势","-1.27%","20251017"
"111","****","公司是国内大规模的数据中心运营商之一","-2.77%","20251017"
"111","****","公司连续十八年入选“中国光器件与辅助设备及原材料最具竞争力企","-2.75%","20251017"
"111","****","深圳国资委旗下，业务覆盖光纤光缆、智能网络及军工信息化等领域","-1.4%","20251017"
"111","****","锐捷在国内数据中心交换机市场份额为19.2%，位列第三","-6.5%","20251017"
"111","****","公司连续十八年入选“中国光器件与辅助设备及原材料最具竞争力企","-2.75%","20251017"
"111","****","子公司森华易腾深耕数据中心20+年，收购金云公司扩大资源优势","-1.27%","20251017"
"111","****","公司是国内大规模的数据中心运营商之一","-2.77%","20251017"
"111","****","电磁发射系统成套设备龙头制造商，公司特种发射相关的产品技术与","-5.14%","20251017"
"111","****","主营电子元器件产品分销，拥有拥有SK海力士、联发科及","-3.95%","20251017"
"111","****","主营电子元器件产品分销，拥有拥有SK海力士、联发科及","-3.95%","20251017"
"111","****","中国电子信息集团旗下;国产CPU出货量国内第一","-1.85%","20251017"
"111","****","主营电子元器件产品分销，拥有拥有SK海力士、联发科及","-3.95%","20251017"
"111","****","服务器出货量全球第二，存储装机容量全球第三，人工智能服务器销","-4.45%","20251017"
"111","****","主营建筑业务，实控人控股华鲲振宇有注入预期","-3.92%","20251017"
"111","****","神州鲲泰服务器为鲲鹏领先级合作伙伴昇腾优选级合作伙伴","-4.35%","20251017"
"111","****","国产高端处理器龙头，国内为数不多同时具备高端通用处理器（CP","-2.04%","20251017"
"111","****","主营电子元器件产品分销，拥有拥有SK海力士、联发科及","-3.95%","20251017"
"111","****","CPU国内生态体系完善度第三，推出了自主指令系统龙架构","-5.1%","20251017"
"111","****","公司已拥有8种40余款嵌入式CPU内核，汽车电子","-6.14%","20251017"
"111","****","公司是国内大规模的数据中心运营商之一","-2.77%","20251017"
"111","****","深圳国资委旗下，业务覆盖光纤光缆、智能网络及军工信息化等领域","-1.4%","20251017"
"111","****","锐捷在国内数据中心交换机市场份额为19.2%，位列第三","-6.5%","20251017"
"111","****","公司连续十八年入选“中国光器件与辅助设备及原材料最具竞争力企","-2.75%","20251017"
"111","****","子公司森华易腾深耕数据中心20+年，收购金云公司扩大资源优势","-1.27%","20251017"
"111","****","公司是国内大规模的数据中心运营商之一","-2.77%","20251017"
"111","****","公司连续十八年入选“中国光器件与辅助设备及原材料最具竞争力企","-2.75%","20251017"
"111","****","深圳国资委旗下，业务覆盖光纤光缆、智能网络及军工信息化等领域","-1.4%","20251017"
"111","****","锐捷在国内数据中心交换机市场份额为19.2%，位列第三","-6.5%","20251017"
"111","****","公司连续十八年入选“中国光器件与辅助设备及原材料最具竞争力企","-2.75%","20251017"
"111","****","子公司森华易腾深耕数据中心20+年，收购金云公司扩大资源优势","-1.27%","20251017"
"111","****","公司是国内大规模的数据中心运营商之一","-2.77%","20251017"
"111","****","电磁发射系统成套设备龙头制造商，公司特种发射相关的产品技术与","-5.14%","20251017"
"111","****","主营电子元器件产品分销，拥有拥有SK海力士、联发科及","-3.95%","20251017"
"111","****","主营电子元器件产品分销，拥有拥有SK海力士、联发科及","-3.95%","20251017"
"111","****","中国电子信息集团旗下;国产CPU出货量国内第一","-1.85%","20251017"
"111","****","已形成了“电机+电控+氢燃料电池”的完整产业链，市占率全球领","9.96%","20251020"
"111","****","中国建材旗下上市公司，宁夏地区水泥、商品混凝土龙头企业。华鲲","-0.9%","20251020"
"111","****","主营电子元器件产品分销，拥有拥有SK海力士、联发科及","-4.32%","20251020"
"111","****","已形成了“电机+电控+氢燃料电池”的完整产业链，市占率全球领","9.96%","20251020"
"111","****","专注于小功率电机和微特电机换向器，具备较强的市场竞争力","20%","20251020"
"111","****","动力工具锂电池龙头，BBU电芯掀起新增量","2.66%","20251020"
"111","****","全球A1服务器代工市占率第一，35%-40%。全球唯一具备","3.42%","20251020"
"111","****","公司连续十八年入选“中国光器件与辅助设备及原材料最具竞争力企","1.31%","20251020"
"111","****","中国电子信息集团旗下;国产CPU出货量国内第一","0.31%","20251020"
"111","****","珠海国资委旗下，行业领先的光电子器件生产商，全球少数能提供海","4.06%","20251020"
"111","****","国内安卓手机红外截止滤光片出货量国内第一，GPON滤光片、T","5.45%","20251020"
"111","****","精密光电薄膜元器件供应商，国内红外截止滤光片第二","-0.32%","20251020"
"111","****","生产的数据中心用CWDM滤光片、应用于WSS模块的光学元件、","2.06%","20251020"
"111","****","公司是国内少数具备100G/200G/400G/800G","4%","20251020"
"111","****","公司连续十八年入选“中国光器件与辅助设备及原材料最具竞争力企","1.31%","20251020"
"111","****","新型异质结电池铜电镀装备生产商，高端自动化设备龙头。逐步切入","3.26%","20251020"
"111","****","全球10GDFB激光器芯片市场中，源杰科技市占率第一，","14.49%","20251020"
"111","****","公司高速传输电缆单通道最高传输速率224Gb/s","2.27%","20251020"
"111","****","国产GPU进度第一，拥有4款GPU产品。公司在国内机载航电系","4.87%","20251020"
"111","****","主营电子元器件产品分销，拥有拥有SK海力士、联发科及","-4.32%","20251020"
"111","****","主营电子元器件产品分销，拥有拥有SK海力士、联发科及","-4.32%","20251020"
"111","****","服务器出货量全球第二，存储装机容量全球第三，人工智能服务器销","0.53%","20251020"
"111","****","主营建筑业务，实控人控股华鲲振宇有注入预期","2.01%","20251020"
"111","****","神州鲲泰服务器为鲲鹏领先级合作伙伴昇腾优选级合作伙伴","0.93%","20251020"
"111","****","国产高端处理器龙头，国内为数不多同时具备高端通用处理器（CP","0.21%","20251020"
"111","****","主营电子元器件产品分销，拥有拥有SK海力士、联发科及","-4.32%","20251020"
"111","****","CPU国内生态体系完善度第三，推出了自主指令系统龙架构","-0.33%","20251020"
"111","****","公司已拥有8种40余款嵌入式CPU内核，汽车电子","2.25%","20251020"
"111","****","公司是国内大规模的数据中心运营商之一","0.38%","20251020"
"111","****","深圳国资委旗下，业务覆盖光纤光缆、智能网络及军工信息化等领域","1.31%","20251020"
"111","****","锐捷在国内数据中心交换机市场份额为19.2%，位列第三","0.07%","20251020"
"111","****","公司连续十八年入选“中国光器件与辅助设备及原材料最具竞争力企","1.31%","20251020"
"111","****","子公司森华易腾深耕数据中心20+年，收购金云公司扩大资源优势","0%","20251020"
"111","****","公司是国内大规模的数据中心运营商之一","0.38%","20251020"
"111","****","公司连续十八年入选“中国光器件与辅助设备及原材料最具竞争力企","1.31%","20251020"
"111","****","深圳国资委旗下，业务覆盖光纤光缆、智能网络及军工信息化等领域","1.31%","20251020"
"111","****","锐捷在国内数据中心交换机市场份额为19.2%，位列第三","0.07%","20251020"
"111","****","公司连续十八年入选“中国光器件与辅助设备及原材料最具竞争力企","1.31%","20251020"
"111","****","子公司森华易腾深耕数据中心20+年，收购金云公司扩大资源优势","0%","20251020"
"111","****","公司是国内大规模的数据中心运营商之一","0.38%","20251020"
"111","****","电磁发射系统成套设备龙头制造商，公司特种发射相关的产品技术与","0.21%","20251020"
"111","****","外销为主的笔记本、平板电脑等消费电子产品ODM厂商","-6.62%","20251021"
"111","****","掌握人脸识别、视频结构化、知识图谱、大数据等人工智能核心技术","1.69%","20251021"
"111","****","珠海国资委旗下，行业领先的光电子器件生产商，全球少数能提供海","2.72%","20251021"
"111","****","国内安卓手机红外截止滤光片出货量国内第一，GPON滤光片、T","7.86%","20251021"
"111","****","精密光电薄膜元器件供应商，国内红外截止滤光片第二","-0.13%","20251021"
"111","****","生产的数据中心用CWDM滤光片、应用于WSS模块的光学元件、","5.78%","20251021"
"111","****","公司是国内少数具备100G/200G/400G/800G","6.55%","20251021"
"111","****","公司连续十八年入选“中国光器件与辅助设备及原材料最具竞争力企","3.45%","20251021"
"111","****","新型异质结电池铜电镀装备生产商，高端自动化设备龙头。逐步切入","2.46%","20251021"
"111","****","全球10GDFB激光器芯片市场中，源杰科技市占率第一，","20%","20251021"
"111","****","公司高速传输电缆单通道最高传输速率224Gb/s","2.89%","20251021"
"111","****","主营电子元器件产品分销，拥有拥有SK海力士、联发科及","9.03%","20251021"
"111","****","全球A1服务器代工市占率第一，35%-40%。全球唯一具备","9.57%","20251021"
"111","****","亮点：机器人零件供货数个头部公司，是全球领先的精密制造公司，","-1.08%","20251021"
"111","****","国家级高新技术企业","4.43%","20251021"
"111","****","参股公司紫光同创是国内领先的FPGA厂商","1.74%","20251021"
"111","****","智能组装、监测设备供货苹果，苹果占公司营收40%；半导体检测","2.19%","20251021"
"111","****","国内规模最大、品种最全的非离子型碘造影剂产品生产企业","2.25%","20251021"
"111","****","中国建材旗下上市公司，宁夏地区水泥、商品混凝土龙头企业。华鲲","0.08%","20251021"
"111","****","已形成了“电机+电控+氢燃料电池”的完整产业链，市占率全球领","2.96%","20251021"
"111","****","中国建材旗下上市公司，宁夏地区水泥、商品混凝土龙头企业。华鲲","0.08%","20251021"
"111","****","主营电子元器件产品分销，拥有拥有SK海力士、联发科及","9.03%","20251021"
"111","****","已形成了“电机+电控+氢燃料电池”的完整产业链，市占率全球领","2.96%","20251021"
"111","****","专注于小功率电机和微特电机换向器，具备较强的市场竞争力","-1.97%","20251021"
"111","****","动力工具锂电池龙头，BBU电芯掀起新增量","2.81%","20251021"
"111","****","全球A1服务器代工市占率第一，35%-40%。全球唯一具备","9.57%","20251021"
"111","****","公司连续十八年入选“中国光器件与辅助设备及原材料最具竞争力企","3.45%","20251021"
"111","****","中国电子信息集团旗下;国产CPU出货量国内第一","1.37%","20251021"
"111","****","珠海国资委旗下，行业领先的光电子器件生产商，全球少数能提供海","2.72%","20251021"
"111","****","国内安卓手机红外截止滤光片出货量国内第一，GPON滤光片、T","7.86%","20251021"
"111","****","精密光电薄膜元器件供应商，国内红外截止滤光片第二","-0.13%","20251021"
"111","****","生产的数据中心用CWDM滤光片、应用于WSS模块的光学元件、","5.78%","20251021"
"111","****","公司是国内少数具备100G/200G/400G/800G","6.55%","20251021"
"111","****","公司连续十八年入选“中国光器件与辅助设备及原材料最具竞争力企","3.45%","20251021"
"111","****","新型异质结电池铜电镀装备生产商，高端自动化设备龙头。逐步切入","2.46%","20251021"
"111","****","全球10GDFB激光器芯片市场中，源杰科技市占率第一，","20%","20251021"
"111","****","公司高速传输电缆单通道最高传输速率224Gb/s","2.89%","20251021"
"111","****","国产GPU进度第一，拥有4款GPU产品。公司在国内机载航电系","0.72%","20251021"
"111","****","主营电子元器件产品分销，拥有拥有SK海力士、联发科及","9.03%","20251021"
"111","****","主营电子元器件产品分销，拥有拥有SK海力士、联发科及","9.03%","20251021"
"111","****","服务器出货量全球第二，存储装机容量全球第三，人工智能服务器销","3.8%","20251021"
"111","****","主营建筑业务，实控人控股华鲲振宇有注入预期","0.86%","20251021"
"111","****","神州鲲泰服务器为鲲鹏领先级合作伙伴昇腾优选级合作伙伴","1.94%","20251021"
"111","****","国产高端处理器龙头，国内为数不多同时具备高端通用处理器（CP","3.57%","20251021"
"111","****","主营电子元器件产品分销，拥有拥有SK海力士、联发科及","9.03%","20251021"
"111","****","CPU国内生态体系完善度第三，推出了自主指令系统龙架构","2.14%","20251021"
"111","****","公司已拥有8种40余款嵌入式CPU内核，汽车电子","5.31%","20251021"
"111","****","公司是国内大规模的数据中心运营商之一","1.89%","20251021"
"111","****","主营工业自动化设备以及精密零部件制造业务，是裸电芯制作和电芯","10%","20251022"
"111","****","国内规模最大、品种最全的非离子型碘造影剂产品生产企业","-0.18%","20251022"
"111","****","深圳国资委旗下，业务覆盖光纤光缆、智能网络及军工信息化等领域","0%","20251022"
"111","****","中国电子信息集团旗下;国产CPU出货量国内第一","-1.11%","20251022"
"111","****","国产高端处理器龙头，国内为数不多同时具备高端通用处理器（CP","2.06%","20251022"
"111","****","CPU国内生态体系完善度第三，推出了自主指令系统龙架构","-0.81%","20251022"
"111","****","主营电子元器件产品分销，拥有拥有SK海力士、联发科及","2.68%","20251022"
"111","****","国产GPU进度第一，拥有4款GPU产品。公司在国内机载航电系","-2.03%","20251022"
"111","****","子公司锐信图芯主要产品已适配主流CPU和操作系统，应用于","0.53%","20251022"
"111","****","智慧防务、智慧税务、智慧城市领域整体解决方案的主流服务商","-1.86%","20251022"
"111","****","参股公司紫光同创是国内领先的FPGA厂商","-1.33%","20251022"
"111","****","全球10GDFB激光器芯片市场中，源杰科技市占率第一，","-3.08%","20251022"
"111","****","电池管理芯片领域主要的国内供应商，产品包括电池安全芯片、电池","-0.47%","20251022"
"111","****","动力工具锂电池龙头，BBU电芯掀起新增量","-1.81%","20251022"
"111","****","主营电子元器件产品分销，拥有拥有SK海力士、联发科及","2.68%","20251022"
"111","****","动力工具锂电池龙头，BBU电芯掀起新增量","-1.81%","20251022"
"111","****","珠海国资委旗下，行业领先的光电子器件生产商，全球少数能提供海","-2.81%","20251022"
"111","****","国内安卓手机红外截止滤光片出货量国内第一，GPON滤光片、T","3.49%","20251022"
"111","****","精密光电薄膜元器件供应商，国内红外截止滤光片第二","1.04%","20251022"
"111","****","生产的数据中心用CWDM滤光片、应用于WSS模块的光学元件、","7.5%","20251022"
"111","****","公司是国内少数具备100G/200G/400G/800G","-0.57%","20251022"
"111","****","公司连续十八年入选“中国光器件与辅助设备及原材料最具竞争力企","0.96%","20251022"
"111","****","新型异质结电池铜电镀装备生产商，高端自动化设备龙头。逐步切入","1.22%","20251022"
"111","****","全球10GDFB激光器芯片市场中，源杰科技市占率第一，","-3.08%","20251022"
"111","****","公司高速传输电缆单通道最高传输速率224Gb/s","0.13%","20251022"
"111","****","国内规模最大、品种最全的非离子型碘造影剂产品生产企业","-0.18%","20251022"
"111","****","神州鲲泰服务器为鲲鹏领先级合作伙伴昇腾优选级合作伙伴","0.51%","20251022"
"111","****","热管理龙头企业，液冷打造第二成长曲线","-1.26%","20251022"
"111","****","边缘计算、边缘算力调度龙头企业","-1.44%","20251022"
"111","****","工业特种空调领域龙头，深度布局数据中心液冷业务","0.92%","20251022"
"111","****","主营高速通讯连接器及汽车连接器，已成为连接器模组行业龙头企业","1.24%","20251022"
"111","****","高分子材料、热管理系统领先企业，收购东莞兆科布局热界面材料","1.94%","20251022"
"111","****","家用屏蔽泵国内龙头，拓展数据中心液冷泵业务","-0.85%","20251022"
"111","****","数字基础设施全生命周期绿色解决方案服务商","-0.26%","20251022"
"111","****","高温合金后起之秀，规模优势凸显，关键材料行业高壁垒","0%","20251022"
"111","****","外销为主的笔记本、平板电脑等消费电子产品ODM厂商","-1.13%","20251022"
"111","****","掌握人脸识别、视频结构化、知识图谱、大数据等人工智能核心技术","0.3%","20251022"
"111","****","珠海国资委旗下，行业领先的光电子器件生产商，全球少数能提供海","-2.81%","20251022"
"111","****","国内安卓手机红外截止滤光片出货量国内第一，GPON滤光片、T","3.49%","20251022"
"111","****","精密光电薄膜元器件供应商，国内红外截止滤光片第二","1.04%","20251022"
"111","****","生产的数据中心用CWDM滤光片、应用于WSS模块的光学元件、","7.5%","20251022"
"111","****","公司是国内少数具备100G/200G/400G/800G","-0.57%","20251022"
"111","****","公司连续十八年入选“中国光器件与辅助设备及原材料最具竞争力企","0.96%","20251022"
"111","****","新型异质结电池铜电镀装备生产商，高端自动化设备龙头。逐步切入","1.22%","20251022"
"111","****","全球10GDFB激光器芯片市场中，源杰科技市占率第一，","-3.08%","20251022"
"111","****","公司高速传输电缆单通道最高传输速率224Gb/s","0.13%","20251022"
"111","****","主营电子元器件产品分销，拥有拥有SK海力士、联发科及","2.68%","20251022"
"111","****","全球A1服务器代工市占率第一，35%-40%。全球唯一具备","-3.74%","20251022"
"111","****","亮点：机器人零件供货数个头部公司，是全球领先的精密制造公司，","-0.93%","20251022"
"111","****","国家级高新技术企业","-1.17%","20251022"
"111","****","参股公司紫光同创是国内领先的FPGA厂商","-1.33%","20251022"
"111","****","智能组装、监测设备供货苹果，苹果占公司营收40%；半导体检测","-1.52%","20251022"
"111","****","国内规模最大、品种最全的非离子型碘造影剂产品生产企业","-0.18%","20251022"
"111","****","中国建材旗下上市公司，宁夏地区水泥、商品混凝土龙头企业。华鲲","0.6%","20251022"
"111","****","已形成了“电机+电控+氢燃料电池”的完整产业链，市占率全球领","6.71%","20251022"
"111","****","中国建材旗下上市公司，宁夏地区水泥、商品混凝土龙头企业。华鲲","0.6%","20251022"
"111","****","主营电子元器件产品分销，拥有拥有SK海力士、联发科及","2.68%","20251022"
"111","****","已形成了“电机+电控+氢燃料电池”的完整产业链，市占率全球领","6.71%","20251022"
"111","****","专注于小功率电机和微特电机换向器，具备较强的市场竞争力","5.16%","20251022"
"111","****","福建厦门国资委旗下的医疗器械流通商，血管介入器械流通行业龙头","20%","20251023"
"111","****","深圳国资委旗下，业务覆盖光纤光缆、智能网络及军工信息化等领域","10.04%","20251023"
"111","****","福建厦门国资委旗下的医疗器械流通商，血管介入器械流通行业龙头","20%","20251023"
"111","****","洁净室工程行业技术领先龙头，市占率排名第四，6%","10.01%","20251023"
"111","****","铅酸锂电龙头企业，深度受益AI浪潮数据中心业务","9.99%","20251023"
"111","****","金融机具龙头地位稳固，金融信创+出海战略同步推进","0.87%","20251023"
"111","****","公司电子废物回收市占率第三，无人驾驶清扫车咸宁投入使用","0.44%","20251023"
"111","****","国内领先的工业水处理专业服务商.","0.14%","20251023"
"111","****","铅酸锂电龙头企业，深度受益AI浪潮数据中心业务","9.99%","20251023"
"111","****","公司为国内智能机顶盒芯片龙头厂商，公司Wi-Fi芯片发","1.49%","20251023"
"111","****","外销为主的笔记本、平板电脑等消费电子产品ODM厂商","-3.96%","20251023"
"111","****","神州鲲泰服务器为鲲鹏领先级合作伙伴昇腾优选级合作伙伴","-0.08%","20251023"
"111","****","高分子材料、热管理系统领先企业，收购东莞兆科布局热界面材料","-4.42%","20251023"
"111","****","主营工业自动化设备以及精密零部件制造业务，是裸电芯制作和电芯","-3.97%","20251023"
"111","****","国内规模最大、品种最全的非离子型碘造影剂产品生产企业","-1.19%","20251023"
"111","****","深圳国资委旗下，业务覆盖光纤光缆、智能网络及军工信息化等领域","10.04%","20251023"
"111","****","国产高端处理器龙头，国内为数不多同时具备高端通用处理器（CP","-2.33%","20251023"
"111","****","CPU国内生态体系完善度第三，推出了自主指令系统龙架构","-0.35%","20251023"
"111","****","子公司锐信图芯主要产品已适配主流CPU和操作系统，应用于","0.79%","20251023"
"111","****","智慧防务、智慧税务、智慧城市领域整体解决方案的主流服务商","-1.2%","20251023"
"111","****","参股公司紫光同创是国内领先的FPGA厂商","-1.43%","20251023"
"111","****","电池管理芯片领域主要的国内供应商，产品包括电池安全芯片、电池","0.59%","20251023"
"111","****","公司高速传输电缆单通道最高传输速率224Gb/s","-0.92%","20251023"
"111","****","国内规模最大、品种最全的非离子型碘造影剂产品生产企业","-1.19%","20251023"
"111","****","神州鲲泰服务器为鲲鹏领先级合作伙伴昇腾优选级合作伙伴","-0.08%","20251023"
"111","****","热管理龙头企业，液冷打造第二成长曲线","-0.17%","20251023"
"111","****","边缘计算、边缘算力调度龙头企业","0.82%","20251023"
"111","****","工业特种空调领域龙头，深度布局数据中心液冷业务","-2.66%","20251023"
"111","****","主营高速通讯连接器及汽车连接器，已成为连接器模组行业龙头企业","-5.13%","20251023"
"111","****","高分子材料、热管理系统领先企业，收购东莞兆科布局热界面材料","-4.42%","20251023"
"111","****","家用屏蔽泵国内龙头，拓展数据中心液冷泵业务","-3.26%","20251023"
"111","****","数字基础设施全生命周期绿色解决方案服务商","-0.99%","20251023"
"111","****","高温合金后起之秀，规模优势凸显，关键材料行业高壁垒","0.84%","20251023"
"111","****","外销为主的笔记本、平板电脑等消费电子产品ODM厂商","-3.96%","20251023"
"111","****","福建厦门国资委旗下的医疗器械流通商，血管介入器械流通行业龙头","-4.14%","20251024"
"111","****","网络游戏创意策划、研发制作及商业化运营的国家级重点软件企业","1.7%","20251024"
"111","****","掌握人脸识别、视频结构化、知识图谱、大数据等人工智能核心技术","0.9%","20251024"
"111","****","子公司锐信图芯主要产品已适配主流CPU和操作系统，应用于","-0.26%","20251024"
"111","****","智慧防务、智慧税务、智慧城市领域整体解决方案的主流服务商","2.26%","20251024"
"111","****","电池管理芯片领域主要的国内供应商，产品包括电池安全芯片、电池","0.52%","20251024"
"111","****","国内半导体靶材龙头，切入半导体设备零部件领域","4.15%","20251024"
"111","****","中国大陆半导体第三方掩模市场中占国产厂商的份额约13%-26","0.86%","20251024"
"111","****","公司发货量有望达到40-50GWh","7.48%","20251024"
"111","****","铅酸锂电龙头企业，深度受益AI浪潮数据中心业务","1.77%","20251024"
"111","****","福建厦门国资委旗下的医疗器械流通商，血管介入器械流通行业龙头","-4.14%","20251024"
"111","****","福建厦门国资委旗下的医疗器械流通商，血管介入器械流通行业龙头","-4.14%","20251024"
"111","****","洁净室工程行业技术领先龙头，市占率排名第四，6%","-1.8%","20251024"
"111","****","铅酸锂电龙头企业，深度受益AI浪潮数据中心业务","1.77%","20251024"
"111","****","金融机具龙头地位稳固，金融信创+出海战略同步推进","0.47%","20251024"
"111","****","公司电子废物回收市占率第三，无人驾驶清扫车咸宁投入使用","-1.74%","20251024"
"111","****","国内领先的工业水处理专业服务商.","0.98%","20251024"
"111","****","铅酸锂电龙头企业，深度受益AI浪潮数据中心业务","1.77%","20251024"
"111","****","公司为国内智能机顶盒芯片龙头厂商，公司Wi-Fi芯片发","3.04%","20251024"
"111","****","高分子材料、热管理系统领先企业，收购东莞兆科布局热界面材料","2.18%","20251024"
"111","****","主营工业自动化设备以及精密零部件制造业务，是裸电芯制作和电芯","3.53%","20251024"
"111","****","福建厦门国资委旗下的医疗器械流通商，血管介入器械流通行业龙头","-4.14%","20251024"
"111","****","网络游戏创意策划、研发制作及商业化运营的国家级重点软件企业","1.7%","20251024"
"111","****","国内半导体靶材龙头，切入半导体设备零部件领域","4.15%","20251024"
"111","****","中国大陆半导体第三方掩模市场中占国产厂商的份额约13%-26","0.86%","20251024"
"111","****","公司发货量有望达到40-50GWh","7.48%","20251024"
"111","****","福建厦门国资委旗下的医疗器械流通商，血管介入器械流通行业龙头","-4.14%","20251024"
"111","****","福建厦门国资委旗下的医疗器械流通商，血管介入器械流通行业龙头","-4.14%","20251024"
"111","****","国内领先的工业水处理专业服务商.","0.98%","20251024"
"111","****","公司为国内智能机顶盒芯片龙头厂商，公司Wi-Fi芯片发","3.04%","20251024"
"111","****","福建厦门国资委旗下的医疗器械流通商，血管介入器械流通行业龙头","-4.14%","20251024"
"111","****","网络游戏创意策划、研发制作及商业化运营的国家级重点软件企业","1.7%","20251024"
"111","****","国内半导体靶材龙头，切入半导体设备零部件领域","4.15%","20251024"
"111","****","中国大陆半导体第三方掩模市场中占国产厂商的份额约13%-26","0.86%","20251024"
"111","****","福建厦门国资委旗下的医疗器械流通商，血管介入器械流通行业龙头","-4.14%","20251024"
"111","****","福建厦门国资委旗下的医疗器械流通商，血管介入器械流通行业龙头","-4.14%","20251024"
"111","****","国内领先的工业水处理专业服务商.","0.98%","20251024"
"111","****","公司为国内智能机顶盒芯片龙头厂商，公司Wi-Fi芯片发","3.04%","20251024"
"111","****","领先的算力基础设施全产业链综合服务商，为腾讯、阿里、金山云等","0.82%","20251027"
"111","****","热管理龙头企业，液冷打造第二成长曲线","-1.14%","20251027"
"111","****","服务器出货量全球第二，存储装机容量全球第三，人工智能服务器销","0.9%","20251027"
"111","****","全国领先的新媒体业务运营商","-1.92%","20251027"
"111","****","福建厦门国资委旗下的医疗器械流通商，血管介入器械流通行业龙头","10.18%","20251027"
"111","****","网络游戏创意策划、研发制作及商业化运营的国家级重点软件企业","-1.18%","20251027"
"111","****","国内半导体靶材龙头，切入半导体设备零部件领域","4.8%","20251027"
"111","****","中国大陆半导体第三方掩模市场中占国产厂商的份额约13%-26","-0.61%","20251027"
"111","****","福建厦门国资委旗下的医疗器械流通商，血管介入器械流通行业龙头","10.18%","20251027"
"111","****","国内半导体靶材龙头，切入半导体设备零部件领域","-3.23%","20251028"
"111","****","边缘计算、边缘算力调度龙头企业","-1.12%","20251028"
"111","****","工业特种空调领域龙头，深度布局数据中心液冷业务","-1.2%","20251028"
"111","****","主营高速通讯连接器及汽车连接器，已成为连接器模组行业龙头企业","-1.89%","20251028"
"111","****","家用屏蔽泵国内龙头，拓展数据中心液冷泵业务","-0.71%","20251028"
"111","****","数字基础设施全生命周期绿色解决方案服务商","0.19%","20251028"
"111","****","数据中心柴油发电机组市占率全球第六，7%；内河航运中速柴油机","2.88%","20251028"
"111","****","专注军工装备及应急装备，数据中心用柴油发电机组市占率国内第四","4.14%","20251028"
"111","****","全国领先的新媒体业务运营商","2.83%","20251028"
"111","****","公司跨境电商平台营收规模A股第二，采用“货找人”的商业模式开","0.82%","20251028"
"111","****","行业领先的人工智能物联网服务提供商，珠海国资委旗下","0.62%","20251028"
"111","****","主营物联网无线通信模组、车联网及云产品，智能电网的无线通信模","-0.32%","20251028"
"111","****","公司已拥有8种40余款嵌入式CPU内核，汽车电子","0%","20251028"
"111","****","领先的算力基础设施全产业链综合服务商，为腾讯、阿里、金山云等","1.27%","20251028"
"111","****","服务器出货量全球第二，存储装机容量全球第三，人工智能服务器销","-0.35%","20251028"
"111","****","全国领先的新媒体业务运营商","2.83%","20251028"
"111","****","福建厦门国资委旗下的医疗器械流通商，血管介入器械流通行业龙头","-11.66%","20251028"
"111","****","网络游戏创意策划、研发制作及商业化运营的国家级重点软件企业","-0.6%","20251028"
"111","****","全国领先的新媒体业务运营商","-2.03%","20251107"
"111","****","国内锂离子电池电解液行业龙头企业","10.01%","20251107"
"111","****","公司万向节全球规模领先，传动轴国内规模前三，国内配套市场占有","-1.15%","20251107"
"111","****","公司万向节全球规模领先，传动轴国内规模前三，国内配套市场占有","-1.15%","20251107"
"111","****","山东省内规模最大、实力最强的路桥工程施工企业。","0.64%","20251107"
"111","****","国内较早实现规模化生产差别化有色涤纶长丝的企业之一","7.68%","20251107"
"111","****","智能组装、监测设备供货苹果，苹果占公司营收40%；半导体检测","2.95%","20251107"
"111","****","中国大陆半导体第三方掩模市场中占国产厂商的份额约13%-26","-1.38%","20251107"
"111","****","影响力较强的表面工程专用化学品提供商之一。重视技术研发，增强","-0.16%","20251107"
"111","****","国内半导体靶材龙头，切入半导体设备零部件领域","-2.18%","20251107"
"111","****","公司测试机和分选机在核心性能指标上已达到国内领先、接近国外先","-0.38%","20251107"
"111","****","半导体测试系统国际领先，模拟芯片行业市占率高，8600数字测","-1.77%","20251107"
"111","****","合肥国资委旗下，显示驱动芯片封测领域市占率境内第一、全球前三","-0.51%","20251107"
"111","****","置入半导体引线框架的研发、设计、生产与销售业务，并置出原有的","-1.58%","20251107"
"111","****","公司测试机和分选机在核心性能指标上已达到国内领先、接近国外先","-0.38%","20251107"
"111","****","亮点：机器人零件供货数个头部公司，是全球领先的精密制造公司，","-4.37%","20251107"
"111","****","江苏省太阳能电池硅材料生产与加工设备研发、生产、销售企业","-2.65%","20251107"
"111","****","一家集研发、生产和经营为一体的节能环保型新能源企业。","-3.46%","20251107"
"111","****","子公司金华威是华为、超聚变、大疆政企业务的总经销商","-2.25%","20251107"
"111","****","领先的算力基础设施全产业链综合服务商，为腾讯、阿里、金山云等","-1.94%","20251107"
"111","****","电磁发射系统成套设备龙头制造商，公司特种发射相关的产品技术与","-5.12%","20251107"
"111","****","智能配电设备生产商，主营智能环网柜、智能柱上开关、箱式变电站","-3.91%","20251107"
"111","****","子公司森华易腾深耕数据中心20+年，收购金云公司扩大资源优势","1.68%","20251107"
"111","****","电磁发射系统成套设备龙头制造商，公司特种发射相关的产品技术与","-5.12%","20251107"
"111","****","厨房工具行业的领导企业之一","10.01%","20251204"
"111","****","废气恶臭治理系统解决方案服务商","-4.31%","20251204"
"111","****","轮胎模具龙头，新赛道焕发新活力","2.8%","20251204"
"111","****","国内少数同时具备铸造高温合金母合金、精密铸件、变形高温合金产","-0.26%","20251204"
"111","****","专注军工装备及应急装备，数据中心用柴油发电机组市占率国内第四","0.57%","20251204"
"111","****","数据中心柴油发电机组市占率全球第六，7%；内河航运中速柴油机","1.23%","20251204"
"111","****","厨房工具行业的领导企业之一","10.01%","20251204"
"111","****","厨房工具行业的领导企业之一","10.01%","20251204"
"111","****","服务器出货量全球第二，存储装机容量全球第三，人工智能服务器销","1.62%","20251204"
"111","****","主营建筑业务，实控人控股华鲲振宇有注入预期","-0.56%","20251204"
"111","****","国内技术领先的高端化学药制造企业","1.29%","20251204"
"111","****","珍珠明目滴眼液已列入国家医保目录","0.16%","20251204"
"111","****","福建厦门国资委旗下的医疗器械流通商，血管介入器械流通行业龙头","-1.39%","20251204"
"111","****","曾获得纺织行业“专精特新”中小企业荣誉","-0.83%","20251204"
"111","****","行业领先的人工智能物联网服务提供商，珠海国资委旗下","-1.89%","20251204"
"111","****","领先的算力基础设施全产业链综合服务商，为腾讯、阿里、金山云等","-2.47%","20251204"
"111","****","服务器出货量全球第二，存储装机容量全球第三，人工智能服务器销","1.62%","20251204"
"111","****","新型镀锡铜带全球市场占有率排名前十，国内市场占有率排名第一","0%","20251204"
"111","****","厨房工具行业的领导企业之一","10.01%","20251204"
"111","****","新型镀锡铜带全球市场占有率排名前十，国内市场占有率排名第一","0%","20251204"
"111","****","主营高速通讯连接器及汽车连接器，已成为连接器模组行业龙头企业","-1.05%","20251204"
"111","****","国产连接器龙头，产品矩阵丰富+产能布局全面","0.47%","20251204"
"111","****","珍珠明目滴眼液已列入国家医保目录","0.16%","20251204"
"111","****","福建厦门国资委旗下的医疗器械流通商，血管介入器械流通行业龙头","-1.39%","20251204"
"111","****","行业领先的人工智能物联网服务提供商，珠海国资委旗下","-1.89%","20251204"
"111","****","领先的算力基础设施全产业链综合服务商，为腾讯、阿里、金山云等","-2.47%","20251204"
"111","****","服务器出货量全球第二，存储装机容量全球第三，人工智能服务器销","1.62%","20251204"
"111","****","行业领先的人工智能物联网服务提供商，珠海国资委旗下","-1.89%","20251204"
"111","****","领先的算力基础设施全产业链综合服务商，为腾讯、阿里、金山云等","-2.47%","20251204"
"111","****","服务器出货量全球第二，存储装机容量全球第三，人工智能服务器销","1.62%","20251204"
"111","****","厨房工具行业的领导企业之一","-9.97%","20251205"
"111","****","专业化、规模化、一体化的综合包装企业","10.02%","20251205"
"111","****","厨房工具行业的领导企业之一","-9.97%","20251205"
"111","****","专业化、规模化、一体化的综合包装企业","10.02%","20251205"
