1.000001 15
0.399001 15
0.399006 15
1.000300 15
1.000852 15
90.BK0475 15
1.000001 101
0.399001 101
0.399006 101
1.000001 101
0.399001 101
0.399006 101
1.000001 15
0.399001 15
0.399006 15
1.000300 15
1.000852 15
90.BK0475 15
002963 5
300095 5
300581 5
600855 5
603109 5
300095 30
300581 30
600855 30
300740 30
300530 30
002553 30
600855 30
002956 30
603344 30
601368 30
000856 30
603038 30
300643 30
300473 30
300322 30
300607 30
000510 30
300875 30
002838 30
000955 30
600726 30
300263 30
300040 30
603677 30
600678 30
600630 30
002666 30
600345 30
002691 30
605060 30
300386 30
001319 30
603883 30
300031 30
600982 30
300339 30
000657 30
002031 30
300427 30
002882 30
600184 30
600276 30
603083 30
000887 30
600549 30
001896 30
002158 30
000617 30
300123 30
600990 30
603799 30
601919 30
300342 30
002792 30
300531 30
002819 30
002917 30
300750 30
000965 30
600728 30
603296 30
301236 30
300502 30
002402 30
002594 30
000333 30
000651 30
601398 30
600519 30
600900 30
002892 30
000833 30
002611 30
002560 30
600111 30
603200 30
002979 30
000016 30
600839 30
000601 30
600150 30
300100 30
002413 30
601127 30
002195 30
000589 30
002583 30
600668 30
300568 30
603906 30
600206 30
002625 30
000801 30
301050 30
002389 30
002241 30
603809 30
300308 30
300059 30
002475 30
002639 30
001339 30
003021 30
000768 30
600580 30
603112 30
000034 30
000519 30
600523 30
600644 30
002519 30
002255 30
002131 30
300065 30
000564 30
001696 30
600986 30
002276 30
000811 30
002094 30
600105 30
603579 30
002599 30
000681 30
600562 30
600126 30
002130 30
000981 30
603300 30
300091 30
600760 30
002570 30
600679 30
002251 30
000759 30
002037 30
002640 30
002065 30
600693 30
002342 30
002593 30
002683 30
002427 30
601086 30
300353 30
002124 30
603189 30
002963 30
002365 30
002165 30
300994 30
1.000001 102
1.000001 101
1.000001 30
1.000001 15
0.399001 102
0.399001 101
0.399001 30
0.399001 15
300709 30
603203 30
603901 30
603879 30
002256 30
301321 30
603608 30
603307 30
002750 30
301221 30
300043 30
601616 30
301373 30
603098 30
300242 30
002862 30
603595 30
002506 30
603222 30
603212 30
001333 30
000829 30
603399 30
600545 30
001379 30
300785 30
300101 30
603826 30
300250 30
301578 30
600506 30
603070 30
605365 30
301399 30
002398 30
001314 30
002227 30
301252 30
301306 30
002725 30
300490 30
300688 30
300504 30
000701 30
600058 30
603895 30
603838 30
600481 30
600841 30
300173 30
601366 30
301007 30
001308 30
605088 30
000686 30
300858 30
301292 30
000060 30
600491 30
301182 30
002941 30
300618 30
001201 30
600682 30
300835 30
301017 30
300603 30
300416 30
300679 30
603700 30
300830 30
002913 30
301213 30
000014 30
300338 30
603511 30
1.000001 101
0.399001 101
0.399006 101
1.000001 101
0.399001 101
0.399006 101
1.000001 15
0.399001 15
0.399006 15
1.000300 15
1.000852 15
90.BK0475 15
002963 5
300095 5
300581 5
600855 5
603109 5
300095 30
300581 30
600855 30
300740 30
300530 30
002553 30
600855 30
002956 30
603344 30
601368 30
000856 30
603038 30
300643 30
300473 30
300322 30
300607 30
000510 30
300875 30
002838 30
000955 30
600726 30
300263 30
300040 30
603677 30
600678 30
600630 30
002666 30
600345 30
002691 30
605060 30
300386 30
001319 30
603883 30
300031 30
600982 30
300339 30
000657 30
002031 30
300427 30
002882 30
600184 30
600276 30
603083 30
000887 30
600549 30
001896 30
002158 30
000617 30
300123 30
600990 30
603799 30
601919 30
300342 30
002792 30
300531 30
002819 30
002917 30
300750 30
000965 30
600728 30
603296 30
301236 30
300502 30
002402 30
002594 30
000333 30
000651 30
601398 30
600519 30
600900 30
002892 30
000833 30
002611 30
002560 30
600111 30
603200 30
002979 30
000016 30
600839 30
000601 30
600150 30
300100 30
002413 30
601127 30
002195 30
000589 30
002583 30
600668 30
300568 30
603906 30
600206 30
002625 30
000801 30
301050 30
002389 30
002241 30
603809 30
300308 30
300059 30
002475 30
002639 30
001339 30
003021 30
000768 30
600580 30
603112 30
000034 30
000519 30
600523 30
600644 30
002519 30
002255 30
002131 30
300065 30
000564 30
001696 30
600986 30
002276 30
000811 30
002094 30
600105 30
603579 30
002599 30
000681 30
600562 30
600126 30
002130 30
000981 30
603300 30
300091 30
600760 30
002570 30
600679 30
002251 30
000759 30
002037 30
002640 30
002065 30
600693 30
002342 30
002593 30
002683 30
002427 30
601086 30
300353 30
002124 30
603189 30
002963 30
002365 30
002165 30
300994 30
1.000001 102
1.000001 101
1.000001 30
1.000001 15
0.399001 102
0.399001 101
0.399001 30
0.399001 15
300709 30
603203 30
301373 30
603901 30
603879 30
002256 30
301221 30
301321 30
603608 30
603307 30
002750 30
601616 30
603212 30
300043 30
300242 30
603222 30
002506 30
001333 30
603098 30
002862 30
000829 30
603595 30
001379 30
300785 30
603399 30
600545 30
300101 30
603826 30
002227 30
605365 30
603070 30
600506 30
300250 30
002398 30
001314 30
301578 30
301306 30
301399 30
603895 30
600058 30
301252 30
002725 30
300490 30
300688 30
001201 30
300173 30
601366 30
600481 30
603838 30
300830 30
001308 30
000701 30
600841 30
300504 30
605088 30
301007 30
603700 30
000567 30
000060 30
002941 30
600682 30
301292 30
301182 30
300618 30
002181 30
300679 30
301607 30
000686 30
301152 30
600491 30
000776 30
002913 30
300858 30
000014 30
1.000001 101
0.399001 101
0.399006 101
1.000001 101
0.399001 101
0.399006 101
1.000001 15
0.399001 15
0.399006 15
1.000300 15
1.000852 15
90.BK0475 15
002963 5
002981 5
300095 5
300581 5
600855 5
603109 5
002981 30
300095 30
300581 30
600855 30
002689 30
300607 30
300609 30
002651 30
603809 30
300274 30
002683 30
600760 30
002598 30
301050 30
002809 30
300433 30
002389 30
600150 30
300753 30
603083 30
000768 30
603296 30
002427 30
002050 30
002194 30
300065 30
600105 30
002444 30
002241 30
600184 30
002475 30
300568 30
300750 30
600990 30
600575 30
603200 30
000519 30
002074 30
002600 30
301066 30
600580 30
300031 30
300339 30
300007 30
300502 30
002882 30
002560 30
002979 30
300476 30
600156 30
000837 30
002173 30
603890 30
002599 30
600530 30
002640 30
601919 30
000887 30
300342 30
300994 30
600678 30
300473 30
601138 30
002195 30
300123 30
300353 30
300073 30
603300 30
600839 30
000063 30
300308 30
003021 30
301236 30
600644 30
001319 30
000833 30
600206 30
000977 30
300530 30
300059 30
600519 30
601727 30
002681 30
300100 30
300322 30
002611 30
002365 30
000831 30
000034 30
000333 30
001696 30
002838 30
002065 30
601086 30
002861 30
002342 30
600111 30
000651 30
300766 30
000981 30
603259 30
000681 30
002130 30
600900 30
601398 30
002402 30
300134 30
603883 30
601127 30
600549 30
002131 30
001339 30
000617 30
002594 30
002819 30
600668 30
600126 30
600855 30
300663 30
002583 30
603799 30
002255 30
600982 30
603677 30
002792 30
300501 30
000657 30
002825 30
600859 30
002031 30
002639 30
002973 30
001896 30
600630 30
300091 30
002917 30
002666 30
002553 30
000510 30
000953 30
600693 30
603038 30
000759 30
000016 30
002094 30
002124 30
000850 30
603257 30
300531 30
002378 30
300740 30
002158 30
600726 30
002165 30
000564 30
002842 30
603344 30
000576 30
002251 30
600276 30
002570 30
000856 30
000767 30
002338 30
001328 30
605060 30
000965 30
000955 30
300962 30
002022 30
002691 30
600396 30
603912 30
301053 30
300040 30
002963 30
301317 30
603331 30
1.000001 102
1.000001 101
1.000001 30
1.000001 15
0.399001 102
0.399001 101
0.399001 30
0.399001 15
301251 30
301567 30
301381 30
300592 30
300081 30
300614 30
301067 30
603600 30
300736 30
301299 30
300853 30
300709 30
603661 30
300673 30
300956 30
301205 30
300213 30
301048 30
300968 30
002862 30
001379 30
300729 30
300885 30
603215 30
002705 30
603825 30
300072 30
301089 30
002307 30
300063 30
300464 30
301113 30
301187 30
301046 30
603305 30
603595 30
002635 30
300703 30
002336 30
300504 30
600488 30
001356 30
001267 30
001215 30
301458 30
301383 30
002995 30
002947 30
001382 30
300108 30
601236 30
002912 30
300976 30
301326 30
300894 30
301322 30
300951 30
301373 30
601231 30
300513 30
603073 30
600621 30
002725 30
301389 30
1.000001 101
0.399001 101
0.399006 101
1.000001 101
0.399001 101
0.399006 101
1.000001 15
0.399001 15
0.399006 15
1.000300 15
1.000852 15
90.BK0475 15
002963 5
002981 5
300095 5
300581 5
600855 5
603109 5
300095 30
300581 30
600855 30
301251 30
002331 30
002931 30
301048 30
603600 30
000008 30
600530 30
002640 30
603267 30
002689 30
002276 30
000008 30
600760 30
600990 30
300377 30
601989 30
600316 30
603083 30
002598 30
300274 30
002389 30
300609 30
002809 30
002194 30
300433 30
002144 30
600391 30
300276 30
002074 30
603662 30
603109 30
000026 30
301050 30
300077 30
603200 30
002167 30
000768 30
600372 30
600575 30
300065 30
300530 30
600259 30
300474 30
300008 30
600893 30
603809 30
300083 30
300258 30
002273 30
600685 30
002241 30
300115 30
000801 30
002560 30
300718 30
003021 30
300053 30
000576 30
600879 30
600206 30
002384 30
600309 30
300024 30
601689 30
002520 30
300031 30
002426 30
002050 30
300322 30
601890 30
002600 30
002115 30
001696 30
002882 30
601086 30
002049 30
603667 30
002475 30
000100 30
002553 30
300750 30
600580 30
603072 30
000066 30
300568 30
300663 30
600505 30
600105 30
600030 30
002131 30
000063 30
002599 30
300059 30
600855 30
600644 30
603296 30
000519 30
600733 30
300100 30
002427 30
300476 30
002085 30
002195 30
002130 30
601606 30
601012 30
000837 30
002173 30
000981 30
601919 30
300502 30
601138 30
002456 30
002681 30
601162 30
002342 30
601933 30
601318 30
000831 30
601177 30
603300 30
600036 30
601727 30
002611 30
002825 30
300308 30
000977 30
000887 30
600519 30
002094 30
600111 30
600678 30
603259 30
300339 30
002583 30
601360 30
002570 30
002065 30
002251 30
301236 30
600839 30
601127 30
000681 30
002031 30
000617 30
002255 30
600900 30
600126 30
002594 30
601398 30
000759 30
600156 30
002639 30
002378 30
301066 30
600630 30
000850 30
002165 30
000953 30
000564 30
000856 30
002842 30
000965 30
002819 30
603257 30
603038 30
000767 30
001328 30
002973 30
002338 30
600276 30
603912 30
600396 30
300040 30
301053 30
603331 30
301317 30
1.000001 102
1.000001 101
1.000001 30
1.000001 15
0.399001 102
0.399001 101
0.399001 30
0.399001 15
300902 30
301251 30
301381 30
002331 30
002931 30
002853 30
301048 30
603600 30
600621 30
301200 30
301322 30
301567 30
300592 30
603595 30
301299 30
002995 30
300785 30
300081 30
600925 30
300659 30
300467 30
603222 30
300448 30
300980 30
603885 30
300516 30
300923 30
300589 30
300154 30
300266 30
603917 30
301121 30
301489 30
300694 30
300241 30
002922 30
003043 30
603978 30
300968 30
603392 30
300676 30
300956 30
300853 30
301067 30
300709 30
002705 30
002605 30
301323 30
301083 30
300518 30
301268 30
301205 30
002112 30
002941 30
600017 30
000008 30
300213 30
000571 30
301023 30
603124 30
300046 30
300729 30
603239 30
300307 30
300708 30
301528 30
301345 30
301529 30
603717 30
603075 30
001331 30
300749 30
002316 30
000609 30
002388 30
605016 5
001331 5
002853 5
002819 5
300844 5
600793 5
301273 5
300898 5
002553 5
603950 5
300749 5
002098 5
600396 5
002973 5
002830 5
000955 5
300204 5
600988 5
603912 5
300493 5
301053 5
002345 5
600744 5
300241 5
002842 5
1.000001 101
0.399001 101
0.399006 101
1.000001 101
0.399001 101
0.399006 101
1.000001 15
0.399001 15
0.399006 15
1.000300 15
1.000852 15
90.BK0475 15
000678 5
001236 5
002364 5
002860 5
002963 5
002981 5
300095 5
300581 5
600855 5
603109 5
000678 30
002860 30
300095 30
300581 30
600855 30
301251 30
002331 30
002931 30
300923 30
603595 30
301048 30
603600 30
600621 30
300307 30
002276 30
300963 30
600316 30
600530 30
003021 30
600732 30
601989 30
300274 30
600990 30
002553 30
300115 30
002009 30
603667 30
002095 30
002689 30
002389 30
600855 30
603083 30
002273 30
600340 30
603809 30
002475 30
300994 30
300077 30
002384 30
002241 30
000768 30
301050 30
603200 30
002598 30
603662 30
300083 30
000833 30
600372 30
002130 30
300258 30
600893 30
600391 30
002167 30
000026 30
600685 30
300474 30
300530 30
300718 30
600309 30
002050 30
002600 30
300059 30
002520 30
002115 30
300065 30
002194 30
600879 30
002074 30
000801 30
600206 30
300008 30
300502 30
600259 30
300031 30
600345 30
002765 30
300750 30
600575 30
002049 30
300024 30
001696 30
601138 30
600030 30
600580 30
600644 30
000837 30
603296 30
000576 30
300663 30
300476 30
002560 30
000100 30
601012 30
600105 30
601890 30
601162 30
002144 30
600733 30
300308 30
601919 30
002131 30
000066 30
002195 30
000063 30
300100 30
002456 30
601318 30
600505 30
002085 30
603300 30
002611 30
002594 30
601727 30
002681 30
600036 30
301066 30
301236 30
000981 30
000887 30
601933 30
002427 30
000858 30
000977 30
600519 30
000681 30
600126 30
002825 30
002165 30
600156 30
600111 30
002342 30
002031 30
601086 30
002255 30
601127 30
002065 30
600839 30
300322 30
603259 30
002094 30
300339 30
002583 30
600900 30
002570 30
601398 30
002639 30
000856 30
000850 30
000759 30
002251 30
002378 30
000953 30
000965 30
000564 30
002338 30
000767 30
002842 30
002973 30
600276 30
300040 30
603912 30
603331 30
301317 30
600396 30
1.000001 102
1.000001 101
1.000001 30
1.000001 15
0.399001 102
0.399001 101
0.399001 30
0.399001 15
300902 30
301251 30
002331 30
301381 30
300150 30
002931 30
300923 30
300907 30
603595 30
301048 30
002853 30
002551 30
603600 30
600621 30
300981 30
301565 30
301322 30
300555 30
301200 30
300785 30
603885 30
300949 30
300592 30
603880 30
300266 30
603111 30
300659 30
601700 30
300980 30
603310 30
300448 30
300011 30
301299 30
002898 30
300467 30
000935 30
003043 30
300848 30
301121 30
300968 30
002995 30
300564 30
603917 30
300516 30
300241 30
300694 30
301205 30
301083 30
603615 30
300709 30
300815 30
300393 30
301489 30
603392 30
002705 30
300081 30
300589 30
300676 30
600925 30
300633 30
301323 30
603033 30
603239 30
300307 30
601022 30
301528 30
603373 30
603926 30
300845 30
301529 30
002849 30
605003 30
603075 30
001331 30
001324 30
001358 30
002316 30
300749 30
002899 30
301234 30
002947 30
000007 30
301235 30
002795 30
603086 5
003001 5
603815 5
605016 5
001331 5
002853 5
002819 5
300844 5
600793 5
301273 5
300898 5
002553 5
603950 5
300749 5
002098 5
600396 5
002973 5
002830 5
000955 5
300204 5
600988 5
603912 5
300493 5
301053 5
002345 5
600744 5
300241 5
002842 5
1.000001 101
0.399001 101
0.399006 101
1.000001 101
0.399001 101
0.399006 101
1.000001 15
0.399001 15
0.399006 15
1.000300 15
1.000852 15
90.BK0475 15
000759 5
002065 5
002124 5
002165 5
002286 5
002422 5
002462 5
002562 5
002622 5
002722 5
002963 5
300032 5
300255 5
300281 5
300918 5
301518 5
600262 5
600410 5
600611 5
600691 5
600693 5
600793 5
603166 5
603300 5
603331 5
603488 5
603912 5
300032 30
603488 30
300949 30
300902 30
301381 30
002331 30
301251 30
300907 30
002931 30
002551 30
300923 30
603595 30
301048 30
603600 30
600621 30
300709 30
003021 30
601989 30
300274 30
603667 30
300115 30
000519 30
002276 30
600278 30
002475 30
002095 30
002273 30
000833 30
300083 30
002361 30
002979 30
002384 30
001236 30
300077 30
000768 30
603200 30
002115 30
002241 30
603662 30
300803 30
002130 30
300718 30
300085 30
601689 30
600575 30
002167 30
600391 30
600893 30
300474 30
002050 30
600309 30
600372 30
600366 30
300065 30
000026 30
002600 30
000801 30
002747 30
300059 30
601881 30
603128 30
000818 30
300008 30
601606 30
600644 30
002765 30
600206 30
300476 30
300750 30
603296 30
002049 30
600580 30
000837 30
601012 30
601138 30
000100 30
601162 30
600030 30
600203 30
300308 30
601086 30
600105 30
603300 30
601919 30
000066 30
002131 30
300100 30
000063 30
002594 30
002456 30
000725 30
601318 30
601933 30
002611 30
601727 30
000977 30
002255 30
600126 30
601766 30
002261 30
000333 30
000681 30
000981 30
002031 30
603019 30
600519 30
002094 30
002065 30
600111 30
603259 30
601127 30
600839 30
000062 30
300339 30
002583 30
002165 30
002570 30
002251 30
002378 30
000564 30
000767 30
600276 30
002490 30
1.000001 102
1.000001 101
1.000001 30
1.000001 15
0.399001 102
0.399001 101
0.399001 30
0.399001 15
300949 30
300902 30
301381 30
002331 30
301251 30
300907 30
300150 30
002931 30
002551 30
300923 30
300594 30
603595 30
301168 30
002995 30
301565 30
301048 30
603600 30
300981 30
002853 30
600621 30
603033 30
301322 30
300592 30
603310 30
301376 30
301323 30
300848 30
603885 30
300555 30
300506 30
300564 30
300968 30
300126 30
002898 30
300266 30
300709 30
301448 30
300659 30
300785 30
603917 30
300816 30
301489 30
603239 30
300467 30
301200 30
300980 30
003043 30
301083 30
301180 30
603111 30
600640 30
603615 30
300633 30
603977 30
300729 30
603880 30
603392 30
301366 30
601022 30
300868 30
002961 30
300011 30
605286 30
300516 30
002899 30
600493 30
603373 30
301528 30
300845 30
002849 30
001358 30
605003 30
603075 30
600689 30
001324 30
301234 30
603052 30
000007 30
300749 30
002795 30
603086 5
003001 5
603815 5
605016 5
001331 5
002853 5
002819 5
300844 5
600793 5
301273 5
300898 5
002553 5
603950 5
300749 5
002098 5
600396 5
002973 5
002830 5
000955 5
300204 5
600988 5
603912 5
300493 5
301053 5
002345 5
600744 5
300241 5
002842 5
1.000001 101
0.399001 101
0.399006 101
1.000001 101
0.399001 101
0.399006 101
1.000001 15
0.399001 15
0.399006 15
1.000300 15
1.000852 15
90.BK0475 15
000759 5
000965 5
002065 5
002124 5
002165 5
002462 5
002562 5
002622 5
002722 5
002963 5
300032 5
300255 5
300281 5
300918 5
301518 5
600262 5
600410 5
600611 5
600691 5
600693 5
603300 5
603331 5
603488 5
603912 5
300032 30
600110 30
301280 30
600478 30
002489 30
601083 30
300609 30
601022 30
601086 30
603906 30
600278 30
600879 30
603595 30
002094 30
601012 30
603600 30
300274 30
300907 30
603128 30
603338 30
002851 30
300394 30
001356 30
002600 30
603300 30
000712 30
002979 30
300308 30
603259 30
300729 30
601919 30
002779 30
603626 30
600428 30
300115 30
002369 30
601138 30
600276 30
002241 30
002475 30
002050 30
002384 30
601689 30
601766 30
300750 30
600889 30
002331 30
000977 30
002681 30
000725 30
600203 30
300007 30
000564 30
000801 30
000887 30
002456 30
000063 30
002340 30
600105 30
600126 30
002165 30
600644 30
002131 30
001236 30
601727 30
002594 30
601127 30
300059 30
600839 30
002261 30
300433 30
600580 30
000333 30
002273 30
000878 30
600030 30
002095 30
300024 30
002747 30
002065 30
002414 30
002444 30
300718 30
600309 30
300077 30
000818 30
601881 30
601162 30
002551 30
002276 30
002049 30
000837 30
002254 30
300100 30
300339 30
600519 30
002167 30
301236 30
002130 30
300083 30
600111 30
603662 30
603667 30
000062 30
300474 30
002611 30
002031 30
002583 30
600366 30
002115 30
603296 30
300476 30
603028 30
600372 30
000997 30
600206 30
301048 30
300065 30
600575 30
600893 30
301023 30
000768 30
601606 30
300276 30
300008 30
002361 30
600316 30
000833 30
603291 30
002931 30
000519 30
000026 30
603267 30
002735 30
000008 30
300726 30
601989 30
600150 30
003021 30
600760 30
300923 30
1.000001 102
1.000001 101
1.000001 30
1.000001 15
0.399001 102
0.399001 101
0.399001 30
0.399001 15
301321 30
605007 30
603225 30
300852 30
001205 30
000890 30
300120 30
603209 30
001326 30
300195 30
300500 30
300162 30
002909 30
002320 30
001238 30
603176 30
601228 30
002888 30
301567 30
300483 30
600110 30
301051 30
600626 30
002019 30
601311 30
603162 30
000532 30
301312 30
601975 30
301035 30
002757 30
001872 30
300270 30
601866 30
301280 30
600478 30
300951 30
301522 30
301598 30
300787 30
300552 30
603661 30
300378 30
301061 30
600825 30
002328 30
002362 30
300681 30
601598 30
300861 30
002543 30
601298 30
301578 30
000507 30
002489 30
301390 30
600018 30
601083 30
002178 30
605166 30
000985 30
002889 30
603836 30
601869 30
300873 30
300279 30
300606 30
301029 30
300128 30
1.000001 101
0.399001 101
0.399006 101
1.000001 101
0.399001 101
0.399006 101
1.000001 15
0.399001 15
0.399006 15
1.000300 15
1.000852 15
90.BK0475 15
000681 5
000759 5
000965 5
000981 5
002037 5
002065 5
002124 5
002165 5
002593 5
002722 5
002963 5
002973 5
300032 5
300091 5
300255 5
300281 5
300994 5
301053 5
301066 5
301311 5
600156 5
600184 5
600262 5
600693 5
603267 5
603488 5
300032 30
301066 30
600184 30
300603 30
605588 30
601828 30
000859 30
002564 30
603630 30
002463 30
300476 30
601083 30
300308 30
300260 30
601138 30
600589 30
603162 30
000510 30
002094 30
002165 30
002229 30
600105 30
601919 30
002843 30
002384 30
603300 30
000811 30
600038 30
605166 30
000958 30
002584 30
600810 30
002130 30
002757 30
000422 30
000905 30
000062 30
002549 30
000507 30
000977 30
002195 30
300339 30
002065 30
002093 30
000063 30
002173 30
600519 30
300251 30
002354 30
600172 30
002419 30
000710 30
600900 30
002131 30
300253 30
600126 30
600150 30
300200 30
600839 30
300244 30
601288 30
600797 30
600279 30
600017 30
603259 30
600036 30
002400 30
600000 30
002891 30
601229 30
601398 30
300059 30
002276 30
002031 30
000581 30
300750 30
002255 30
002735 30
603128 30
002594 30
002583 30
002044 30
002074 30
000997 30
002241 30
603220 30
003021 30
000519 30
002261 30
600580 30
002132 30
600760 30
002317 30
600771 30
001696 30
000768 30
002475 30
001269 30
300040 30
002846 30
001356 30
601963 30
300398 30
002086 30
002537 30
000837 30
600794 30
002251 30
600500 30
002639 30
603712 30
601086 30
600292 30
601012 30
300468 30
000722 30
000582 30
002734 30
002570 30
600644 30
300100 30
600979 30
600284 30
603890 30
002342 30
300180 30
601828 30
002853 30
600438 30
000801 30
002506 30
002523 30
300824 30
300393 30
300773 30
002095 30
600744 30
603600 30
600575 30
600879 30
301376 30
1.000001 102
1.000001 101
1.000001 30
1.000001 15
0.399001 102
0.399001 101
0.399001 30
0.399001 15
301378 30
300306 30
300806 30
300786 30
002750 30
600152 30
301516 30
002653 30
605122 30
300876 30
300603 30
301548 30
301469 30
603803 30
300837 30
605588 30
002421 30
603023 30
600037 30
603155 30
603339 30
300464 30
603097 30
603269 30
301018 30
301085 30
301233 30
301135 30
300811 30
301032 30
002902 30
605259 30
605399 30
301089 30
301210 30
300795 30
600370 30
301205 30
600757 30
300560 30
601828 30
001267 30
002161 30
300154 30
300712 30
603729 30
300620 30
301234 30
301622 30
600676 30
002774 30
300429 30
301092 30
300238 30
300686 30
002264 30
600736 30
001326 30
301600 30
300034 30
300777 30
003007 30
300563 30
301348 30
002743 30
301121 30
000800 30
1.000001 101
0.399001 101
0.399006 101
1.000001 101
0.399001 101
0.399006 101
1.000001 15
0.399001 15
0.399006 15
1.000300 15
1.000852 15
90.BK0475 15
000981 5
001328 5
002037 5
002065 5
002124 5
002560 5
002593 5
002931 5
002973 5
300032 5
300091 5
300960 5
300994 5
301053 5
301311 5
600156 5
600184 5
600693 5
603267 5
603579 5
603912 5
002560 30
300032 30
600370 30
601018 30
600392 30
601236 30
000088 30
600794 30
600279 30
000831 30
002688 30
002264 30
300100 30
603072 30
300766 30
000039 30
600259 30
000507 30
300013 30
300245 30
601319 30
000062 30
300040 30
002961 30
002404 30
600111 30
603259 30
603967 30
600644 30
002365 30
600900 30
600339 30
000905 30
600428 30
601398 30
600276 30
002383 30
002136 30
002594 30
603569 30
001205 30
600744 30
600038 30
603128 30
600519 30
002229 30
601127 30
000858 30
600415 30
000582 30
300750 30
601601 30
601318 30
600500 30
301622 30
600309 30
600026 30
600030 30
002584 30
000422 30
601881 30
600180 30
600879 30
601628 30
601872 30
000564 30
600119 30
601336 30
002085 30
300548 30
601919 30
601162 30
000063 30
002401 30
601688 30
001391 30
600126 30
002475 30
000977 30
002195 30
600105 30
002463 30
002583 30
002183 30
002241 30
601138 30
000938 30
300059 30
601598 30
300995 30
002354 30
300339 30
603093 30
300033 30
600505 30
000617 30
000776 30
002031 30
002095 30
600839 30
600318 30
301236 30
300180 30
000759 30
003003 30
002065 30
002074 30
000811 30
600621 30
002131 30
002419 30
600278 30
300085 30
600787 30
300803 30
000958 30
002093 30
002421 30
300773 30
300657 30
300308 30
002261 30
002537 30
601606 30
300873 30
002276 30
002165 30
603300 30
002130 30
300386 30
000815 30
603162 30
300248 30
300476 30
002098 30
300846 30
600589 30
301378 30
002915 30
002402 30
1.000001 102
1.000001 101
1.000001 30
1.000001 15
0.399001 102
0.399001 101
0.399001 30
0.399001 15
300833 30
603706 30
300436 30
300916 30
001323 30
301397 30
300992 30
300837 30
001360 30
301338 30
002243 30
301555 30
300836 30
301300 30
603661 30
301617 30
603085 30
000635 30
603327 30
603682 30
300688 30
300599 30
300228 30
002995 30
603628 30
301232 30
603163 30
603360 30
002395 30
301001 30
603665 30
605136 30
301301 30
001282 30
603195 30
600783 30
605178 30
600078 30
301038 30
600243 30
301089 30
300781 30
301577 30
300719 30
000058 30
600892 30
603639 30
603681 30
002950 30
002878 30
300943 30
002137 30
600636 30
002982 30
301628 30
300437 30
300469 30
002641 30
301428 30
002357 30
300131 30
002808 30
300238 30
1.000001 101
0.399001 101
0.399006 101
1.000001 101
0.399001 101
0.399006 101
1.000001 15
0.399001 15
0.399006 15
1.000300 15
1.000852 15
90.BK0475 15
001255 5
001328 5
002136 5
002331 5
002413 5
002419 5
002825 5
002846 5
002931 5
300840 5
300845 5
301053 5
301066 5
301302 5
301311 5
600156 5
600184 5
600562 5
603267 5
603712 5
603967 5
002136 30
002331 30
002413 30
301066 30
300552 30
301488 30
002590 30
002970 30
002284 30
301636 30
002811 30
000756 30
002489 30
002255 30
002297 30
002639 30
603169 30
300500 30
300008 30
600223 30
002626 30
600403 30
600552 30
000422 30
002900 30
002165 30
300119 30
300308 30
002284 30
001298 30
002594 30
002361 30
600589 30
002970 30
002031 30
002402 30
002383 30
002553 30
300892 30
600410 30
002354 30
300584 30
603610 30
002549 30
002603 30
300047 30
603839 30
603887 30
002276 30
002131 30
600584 30
002130 30
000977 30
002547 30
300476 30
002583 30
600839 30
603803 30
002457 30
002779 30
000639 30
300339 30
002261 30
000963 30
002537 30
002195 30
002074 30
002065 30
002278 30
002475 30
002891 30
000958 30
600789 30
000831 30
600519 30
603605 30
000158 30
300059 30
600259 30
603259 30
000837 30
603359 30
600900 30
002164 30
300100 30
600111 30
600276 30
300261 30
601398 30
603300 30
601319 30
000566 30
300267 30
603626 30
600744 30
601919 30
000981 30
002369 30
000966 30
002956 30
603520 30
603983 30
002229 30
000965 30
601236 30
600982 30
600126 30
600800 30
000088 30
002582 30
600758 30
300773 30
603739 30
000759 30
002612 30
603569 30
600644 30
000062 30
002404 30
605337 30
601018 30
603128 30
002277 30
002570 30
603488 30
000989 30
002422 30
002331 30
002772 30
300189 30
603059 30
002086 30
600883 30
300740 30
301258 30
002688 30
300233 30
300766 30
600315 30
002251 30
300511 30
002696 30
600249 30
603696 30
600527 30
600493 30
300871 30
1.000001 102
1.000001 101
1.000001 30
1.000001 15
0.399001 102
0.399001 101
0.399001 30
0.399001 15
300552 30
301488 30
300931 30
301215 30
301136 30
002590 30
300589 30
300675 30
301628 30
300977 30
300306 30
300732 30
301365 30
603197 30
301062 30
300826 30
300149 30
002970 30
002980 30
300996 30
603060 30
002694 30
300434 30
300266 30
301502 30
600148 30
301167 30
301221 30
603321 30
603017 30
605287 30
300155 30
300989 30
600468 30
301505 30
002367 30
002284 30
300527 30
000020 30
603153 30
600741 30
605178 30
301289 30
603010 30
301063 30
002813 30
000926 30
300284 30
600939 30
002295 30
300564 30
600720 30
300161 30
301202 30
301098 30
002443 30
603357 30
603080 30
301151 30
300649 30
002883 30
600699 30
002542 30
002949 30
603015 30
002454 30
605122 30
002208 30
300482 30
603018 30
603399 30
002920 30
300319 30
001239 30
300036 30
002381 30
603217 30
300045 30
1.000001 101
0.399001 101
0.399006 101
1.000001 101
0.399001 101
0.399006 101
1.000001 15
0.399001 15
0.399006 15
1.000300 15
1.000852 15
90.BK0475 15
000520 5
000637 5
001255 5
001328 5
002331 5
002383 5
002413 5
002419 5
002506 5
002825 5
002853 5
002931 5
300840 5
300845 5
301053 5
301066 5
301302 5
301311 5
600119 5
600156 5
600184 5
601083 5
601866 5
603128 5
603267 5
603712 5
603836 5
603967 5
000520 30
002331 30
301066 30
601083 30
601866 30
002698 30
600594 30
600745 30
301636 30
002542 30
300026 30
300353 30
000657 30
000026 30
002126 30
002970 30
603086 30
605133 30
600558 30
300758 30
600185 30
001896 30
603970 30
603809 30
600353 30
002297 30
002603 30
600535 30
000981 30
002728 30
603015 30
002923 30
000558 30
601177 30
002355 30
603296 30
600592 30
603667 30
600410 30
002765 30
600403 30
603197 30
605018 30
300157 30
002229 30
300766 30
002664 30
002965 30
000566 30
600664 30
002730 30
600859 30
002549 30
002255 30
300308 30
002584 30
600223 30
002626 30
000710 30
603166 30
600789 30
002562 30
000422 30
601956 30
002432 30
002317 30
002594 30
600329 30
603072 30
300047 30
002639 30
002489 30
002892 30
000524 30
000887 30
601689 30
603169 30
600550 30
601933 30
000639 30
002094 30
002456 30
600594 30
600256 30
601888 30
600589 30
002413 30
002195 30
002354 30
002050 30
002583 30
601127 30
002031 30
002261 30
300339 30
002251 30
600744 30
600760 30
000564 30
600580 30
600276 30
002131 30
002074 30
600745 30
601727 30
000977 30
300548 30
000695 30
600150 30
601919 30
600839 30
002553 30
002241 30
000958 30
002698 30
300750 30
000158 30
002688 30
002475 30
600900 30
603300 30
600519 30
002276 30
002164 30
300059 30
600111 30
000837 30
600126 30
002194 30
300773 30
301301 30
600644 30
002570 30
603128 30
000062 30
300100 30
600392 30
000520 30
000767 30
600794 30
601866 30
300132 30
601083 30
002551 30
000637 30
1.000001 102
1.000001 101
1.000001 30
1.000001 15
0.399001 102
0.399001 101
0.399001 30
0.399001 15
300768 30
301297 30
600106 30
300341 30
300998 30
300489 30
000028 30
301332 30
600579 30
002873 30
300302 30
000050 30
002128 30
000702 30
300280 30
600377 30
601869 30
002169 30
600756 30
600378 30
002698 30
600623 30
601798 30
002078 30
300016 30
300080 30
000006 30
300208 30
603021 30
002079 30
300357 30
000567 30
300460 30
600336 30
603301 30
600594 30
600482 30
001289 30
002015 30
002083 30
603336 30
301330 30
000403 30
000761 30
000935 30
600780 30
600705 30
600745 30
000688 30
600287 30
600219 30
002872 30
000972 30
300677 30
601828 30
001211 30
600768 30
001239 30
600387 30
300121 30
300462 30
002859 30
603738 30
002978 30
600636 30
600658 30
605305 30
000595 30
300406 30
600851 30
300225 30
300833 30
002532 30
603023 30
002004 30
600237 30
002160 30
300123 30
000721 30
002336 30
600182 30
000584 30
300777 30
300167 30
603082 30
600211 30
600356 30
1.000001 101
0.399001 101
0.399006 101
1.000001 101
0.399001 101
0.399006 101
1.000001 15
0.399001 15
0.399006 15
1.000300 15
1.000852 15
90.BK0475 15
000520 5
000637 5
001255 5
001328 5
002331 5
002383 5
002413 5
002419 5
002506 5
002825 5
002853 5
002931 5
300840 5
300845 5
301053 5
301066 5
301302 5
301311 5
600119 5
600156 5
600184 5
601083 5
601866 5
603128 5
603267 5
603712 5
603836 5
603967 5
000520 30
002331 30
301066 30
601083 30
601866 30
605167 30
603699 30
600456 30
301636 30
002542 30
300026 30
300353 30
000657 30
000026 30
002126 30
002970 30
603086 30
600558 30
300758 30
600185 30
001896 30
603970 30
603809 30
600353 30
002297 30
002603 30
600535 30
000981 30
002728 30
301131 30
603015 30
002923 30
000558 30
601177 30
002355 30
603296 30
600592 30
600552 30
603667 30
600410 30
002765 30
600403 30
603197 30
002512 30
002229 30
300766 30
002664 30
002965 30
000566 30
600664 30
002730 30
002549 30
002255 30
300308 30
002584 30
600223 30
002626 30
000710 30
603166 30
600789 30
002562 30
000422 30
601956 30
002432 30
002317 30
002594 30
600698 30
600329 30
603072 30
301665 30
002875 30
300047 30
002639 30
000969 30
002886 30
600577 30
002489 30
002892 30
600143 30
002366 30
000887 30
603169 30
000639 30
002094 30
002456 30
601399 30
002275 30
600589 30
002413 30
002195 30
002354 30
603858 30
301236 30
605167 30
002583 30
601127 30
002031 30
002261 30
002251 30
603699 30
600744 30
600760 30
000564 30
002422 30
600276 30
002131 30
002074 30
600745 30
601727 30
002156 30
600150 30
601919 30
600750 30
600839 30
000063 30
301050 30
002553 30
000958 30
300750 30
000158 30
002688 30
002389 30
002475 30
600900 30
603300 30
600309 30
600519 30
002276 30
002164 30
300059 30
600111 30
000837 30
600126 30
002194 30
301301 30
600644 30
002570 30
000062 30
300100 30
600392 30
000520 30
000767 30
600794 30
601866 30
300132 30
601083 30
002551 30
000637 30
1.000001 102
1.000001 101
1.000001 30
1.000001 15
0.399001 102
0.399001 101
0.399001 30
0.399001 15
001308 30
605167 30
300378 30
603699 30
603806 30
600531 30
301522 30
002237 30
300138 30
603588 30
300590 30
601212 30
300241 30
300161 30
601990 30
300890 30
300280 30
600399 30
603056 30
300894 30
600906 30
301017 30
301265 30
600869 30
002182 30
600079 30
300811 30
000622 30
301086 30
603026 30
300959 30
301365 30
603355 30
002373 30
600732 30
300698 30
600435 30
300679 30
600456 30
300853 30
600658 30
301130 30
603138 30
601686 30
300121 30
300543 30
002242 30
600705 30
301126 30
300417 30
301050 30
300491 30
300001 30
300479 30
600444 30
002670 30
000728 30
002812 30
601696 30
603650 30
300883 30
300656 30
300724 30
002945 30
603587 30
603613 30
003013 30
300843 30
1.000001 101
0.399001 101
0.399006 101
1.000001 101
0.399001 101
0.399006 101
1.000001 15
0.399001 15
0.399006 15
1.000300 15
1.000852 15
90.BK0475 15
000520 5
000637 5
001255 5
002331 5
002383 5
002413 5
002419 5
002506 5
002853 5
002931 5
300132 5
300840 5
300845 5
300886 5
301108 5
301156 5
301302 5
301311 5
600119 5
600184 5
600493 5
601083 5
601866 5
603128 5
603267 5
603712 5
603836 5
603967 5
000520 30
002331 30
002413 30
601083 30
601866 30
301528 30
600207 30
600100 30
603776 30
301595 30
603014 30
600281 30
002128 30
600397 30
301297 30
000026 30
600550 30
000520 30
000958 30
603980 30
002512 30
002413 30
000756 30
301613 30
300552 30
002105 30
600292 30
002251 30
002575 30
300123 30
300132 30
000628 30
600644 30
002094 30
001317 30
603178 30
002915 30
603080 30
002194 30
002456 30
603758 30
603665 30
601919 30
603166 30
600403 30
600760 30
000422 30
002520 30
603197 30
601083 30
002074 30
002389 30
001896 30
601866 30
600410 30
603990 30
300004 30
603667 30
301316 30
002708 30
300353 30
601727 30
600186 30
603019 30
600150 30
600050 30
600558 30
000963 30
300047 30
300505 30
600100 30
600699 30
300059 30
603169 30
600839 30
001319 30
002354 30
600744 30
002195 30
002639 30
300696 30
002281 30
600664 30
601236 30
301300 30
300442 30
000858 30
600535 30
300308 30
000977 30
000938 30
000639 30
002355 30
002837 30
000566 30
600096 30
002131 30
002583 30
600519 30
002317 30
002562 30
600392 30
002475 30
002584 30
002261 30
002165 30
300819 30
000767 30
300339 30
000657 30
002291 30
000158 30
600353 30
002297 30
002594 30
002728 30
002970 30
002603 30
002276 30
600185 30
600126 30
000981 30
002432 30
301320 30
300394 30
002031 30
603015 30
600789 30
002549 30
300026 30
600105 30
600589 30
600389 30
002255 30
002551 30
002765 30
603970 30
600223 30
000887 30
002229 30
300766 30
601177 30
603300 30
002730 30
002126 30
603296 30
002553 30
002489 30
301076 30
002626 30
002892 30
603809 30
002688 30
301301 30
002542 30
301310 30
002965 30
002156 30
000637 30
600552 30
002860 30
301211 30
605133 30
300758 30
603286 30
002664 30
300434 30
300100 30
600592 30
301636 30
1.000001 102
1.000001 101
1.000001 30
1.000001 15
0.399001 102
0.399001 101
0.399001 30
0.399001 15
301286 30
300631 30
301528 30
300069 30
301113 30
300865 30
301296 30
600724 30
000702 30
300921 30
000761 30
603838 30
002778 30
300733 30
600783 30
600207 30
002798 30
301172 30
002431 30
300076 30
301046 30
301257 30
000532 30
300900 30
300807 30
300417 30
605007 30
300080 30
600831 30
603378 30
301038 30
002581 30
301188 30
001230 30
301070 30
000504 30
300936 30
603885 30
300943 30
300087 30
300210 30
300731 30
002234 30
600658 30
300959 30
300175 30
603919 30
000605 30
300313 30
600463 30
603779 30
002199 30
300341 30
300120 30
603016 30
300786 30
600825 30
300357 30
300022 30
300887 30
000014 30
600100 30
300242 30
300902 30
301299 30
300284 30
300916 30
603776 30
600071 30
300688 30
300956 30
603886 30
300917 30
1.000001 15
0.399001 15
0.399006 15
1.000300 15
1.000852 15
90.BK0475 15
000637 5
000712 5
002383 5
002419 5
002772 5
002853 5
300240 5
300840 5
300845 5
300886 5
301108 5
301156 5
301301 5
301559 5
600493 5
601083 5
601866 5
603128 5
603836 5
603839 5
603967 5
605169 5
300240 30
301559 30
601083 30
603839 30
603363 30
000605 30
600658 30
301301 30
301595 30
000422 30
603667 30
605009 30
000722 30
002798 30
600178 30
002074 30
603922 30
600743 30
601579 30
002165 30
300777 30
002286 30
600800 30
000935 30
605338 30
603011 30
002990 30
000905 30
300783 30
603839 30
002465 30
300121 30
002291 30
000524 30
002389 30
601798 30
000628 30
002106 30
603317 30
002559 30
002255 30
000761 30
301296 30
300061 30
603501 30
002229 30
000702 30
300341 30
603588 30
600187 30
601789 30
603686 30
600336 30
600397 30
603378 30
300277 30
002080 30
002361 30
600810 30
300353 30
002512 30
002571 30
000507 30
300505 30
301297 30
000981 30
300657 30
600519 30
601727 30
002131 30
300699 30
002031 30
300059 30
603016 30
002594 30
603135 30
300307 30
002553 30
002276 30
002146 30
002065 30
000858 30
300710 30
000859 30
002354 30
002734 30
300100 30
300290 30
600105 30
600527 30
603991 30
000612 30
000657 30
601919 30
002639 30
002584 30
000756 30
000014 30
300308 30
002475 30
603986 30
603990 30
002251 30
000958 30
002583 30
300609 30
002092 30
002530 30
300328 30
002915 30
002284 30
000006 30
603286 30
603300 30
002456 30
002195 30
600095 30
300339 30
002406 30
300750 30
002413 30
603169 30
600592 30
600501 30
000158 30
300867 30
600644 30
301236 30
600589 30
002378 30
001298 30
002261 30
000712 30
600843 30
300210 30
603326 30
600082 30
002128 30
300251 30
002194 30
600717 30
600410 30
600699 30
603014 30
600017 30
601018 30
300047 30
000088 30
601866 30
605169 30
601083 30
1.000001 102
1.000001 101
1.000001 30
1.000001 15
0.399001 102
0.399001 101
0.399001 30
0.399001 15
603303 30
001283 30
301071 30
300506 30
600521 30
002805 30
003013 30
000868 30
301046 30
600234 30
300018 30
600594 30
603685 30
301469 30
301337 30
300907 30
600566 30
600671 30
603661 30
300076 30
002294 30
002755 30
300893 30
000672 30
301011 30
603004 30
002812 30
300204 30
603132 30
301371 30
603215 30
002921 30
002307 30
600861 30
601038 30
300042 30
000751 30
002159 30
300765 30
301181 30
003041 30
002939 30
002259 30
603444 30
002978 30
603363 30
300568 30
603068 30
002815 30
300319 30
300231 30
605098 30
600129 30
301326 30
002390 30
002873 30
300149 30
300668 30
300438 30
600358 30
300466 30
300752 30
002777 30
002608 30
300930 30
600173 30
000426 30
605151 30
605118 30
301586 30
301356 30
600551 30
002802 30
002091 30
1.000001 15
0.399001 15
0.399006 15
1.000300 15
1.000852 15
90.BK0475 15
000088 5
000637 5
000712 5
001255 5
002165 5
002383 5
002772 5
300240 5
300845 5
301559 5
600340 5
600493 5
600794 5
601018 5
601083 5
601866 5
603040 5
603128 5
603836 5
603839 5
603967 5
603980 5
605169 5
300240 30
600340 30
603839 30
603980 30
603995 30
300561 30
001337 30
002396 30
300139 30
002074 30
002570 30
600505 30
300040 30
002103 30
002277 30
002173 30
000905 30
002581 30
603693 30
300473 30
000605 30
600807 30
000016 30
300353 30
600800 30
600101 30
003030 30
000507 30
300750 30
002465 30
603980 30
600744 30
002396 30
600988 30
300085 30
000422 30
002929 30
600198 30
300542 30
002640 30
002195 30
301371 30
603063 30
000520 30
002594 30
603696 30
000818 30
300672 30
000421 30
603995 30
600519 30
002229 30
002123 30
603259 30
600900 30
002291 30
002512 30
000651 30
002292 30
603306 30
000981 30
300059 30
002194 30
000938 30
002584 30
002364 30
600276 30
601727 30
002352 30
000628 30
002094 30
605300 30
000063 30
302132 30
000625 30
603725 30
603019 30
000681 30
600095 30
600366 30
600580 30
000670 30
600658 30
000977 30
301078 30
000756 30
000970 30
603901 30
601929 30
300047 30
600410 30
600521 30
002261 30
002501 30
002131 30
002093 30
300065 30
002522 30
002688 30
002475 30
000158 30
300871 30
603011 30
002583 30
002389 30
000958 30
000700 30
000903 30
600986 30
002161 30
300765 30
002046 30
603215 30
300459 30
002354 30
600860 30
002654 30
300476 30
002165 30
002862 30
600105 30
301301 30
002255 30
002573 30
002685 30
002456 30
603300 30
002471 30
002251 30
002530 30
600006 30
002915 30
300005 30
000601 30
600589 30
002297 30
600336 30
001336 30
603150 30
603922 30
605289 30
603986 30
300220 30
000524 30
002284 30
002348 30
002175 30
002667 30
301011 30
000678 30
603163 30
002819 30
301396 30
002560 30
600343 30
300466 30
1.000001 102
1.000001 101
1.000001 30
1.000001 15
0.399001 102
0.399001 101
0.399001 30
0.399001 15
301278 30
300921 30
603995 30
603341 30
300937 30
301288 30
300211 30
300213 30
600379 30
002356 30
603232 30
002393 30
300457 30
300174 30
300177 30
002237 30
300678 30
001283 30
600650 30
603275 30
300768 30
300594 30
600459 30
301024 30
000573 30
300875 30
000078 30
002715 30
301291 30
000056 30
301273 30
301391 30
601001 30
600783 30
300561 30
001337 30
300191 30
603726 30
600673 30
000975 30
600333 30
002396 30
300268 30
301182 30
002716 30
300622 30
002207 30
000415 30
600640 30
002748 30
601096 30
603520 30
600531 30
002925 30
002268 30
300976 30
300868 30
600980 30
000552 30
002226 30
300483 30
002873 30
603885 30
000603 30
300139 30
600547 30
300310 30
600775 30
601069 30
300369 30
300543 30
603826 30
301330 30
301408 30
300352 30
000803 30
603106 30
605162 30
1.000001 101
0.399001 101
0.399006 101
1.000001 101
0.399001 101
0.399006 101
1.000001 101
0.399001 101
0.399006 101
1.000001 101
0.399001 101
0.399006 101
1.000001 15
0.399001 15
0.399006 15
1.000300 15
1.000852 15
90.BK0475 15
000088 5
000677 5
001336 5
002165 5
002297 5
002512 5
002560 5
002664 5
002772 5
002915 5
301301 5
600053 5
600148 5
600340 5
601018 5
603040 5
603163 5
603926 5
603980 5
605169 5
605188 5
605289 5
000677 30
002512 30
600053 30
600340 30
603980 30
605188 30
300464 30
002951 30
300418 30
600824 30
603063 30
600131 30
600824 30
301297 30
002403 30
300192 30
603321 30
000678 30
600745 30
002161 30
002640 30
601069 30
002859 30
002580 30
600828 30
002915 30
000953 30
002731 30
002347 30
600410 30
600668 30
300920 30
002547 30
600389 30
600703 30
600418 30
000573 30
000670 30
002123 30
002292 30
000962 30
600105 30
300149 30
600712 30
002560 30
600006 30
600988 30
002354 30
002252 30
002229 30
002031 30
600234 30
603986 30
000550 30
002251 30
002654 30
603300 30
002465 30
000625 30
300473 30
002103 30
002261 30
002819 30
603119 30
600733 30
600986 30
002389 30
601908 30
600589 30
300672 30
002131 30
300139 30
601127 30
002074 30
002959 30
002734 30
002891 30
002697 30
601899 30
300059 30
601919 30
002594 30
600580 30
002741 30
600900 30
002456 30
300321 30
601086 30
002475 30
302132 30
600519 30
603768 30
300296 30
300656 30
002773 30
002194 30
000582 30
000158 30
300450 30
300339 30
600276 30
600686 30
001337 30
601789 30
600279 30
002617 30
600546 30
002195 30
002265 30
300771 30
000966 30
002598 30
002291 30
002761 30
300750 30
002215 30
600505 30
600679 30
600198 30
603901 30
000034 30
600206 30
000677 30
600343 30
000859 30
002846 30
600340 30
002812 30
603663 30
002277 30
002167 30
002829 30
300073 30
300026 30
300484 30
300568 30
002165 30
002570 30
002733 30
600101 30
300255 30
000565 30
300333 30
300068 30
603017 30
300040 30
600744 30
000559 30
301487 30
603200 30
000756 30
603970 30
002549 30
000422 30
600053 30
002297 30
000507 30
000905 30
002809 30
600448 30
301112 30
1.000001 102
1.000001 101
1.000001 30
1.000001 15
0.399001 102
0.399001 101
0.399001 30
0.399001 15
301567 30
300745 30
300259 30
300854 30
300546 30
301299 30
000068 30
300464 30
002952 30
300831 30
300713 30
603685 30
603701 30
301200 30
301120 30
600716 30
002748 30
300579 30
603895 30
603516 30
300491 30
600405 30
002066 30
003040 30
605183 30
605006 30
300881 30
300451 30
300870 30
603096 30
002561 30
605333 30
301199 30
002121 30
600838 30
301046 30
300693 30
300497 30
300488 30
002951 30
002902 30
002888 30
002394 30
002663 30
603860 30
002534 30
603229 30
301069 30
002802 30
300632 30
300812 30
002227 30
600283 30
603232 30
001279 30
605033 30
300501 30
300848 30
603333 30
600475 30
600628 30
300975 30
300610 30
600400 30
300418 30
301026 30
300405 30
600824 30
002885 30
001314 30
301033 30
002883 30
002020 30
001358 30
301536 30
002887 30
603063 30
301117 30
600131 30
000533 30
600817 30
300009 30
003007 30
301278 30
1.000001 101
0.399001 101
0.399006 101
1.000001 101
0.399001 101
0.399006 101
1.000001 15
0.399001 15
0.399006 15
1.000300 15
1.000852 15
90.BK0475 15
000088 5
000677 5
001222 5
001319 5
001336 5
002165 5
002286 5
002297 5
002378 5
002456 5
002512 5
002571 5
002573 5
002584 5
002915 5
003030 5
300069 5
300489 5
300511 5
300530 5
300631 5
300703 5
301112 5
301662 5
600053 5
600148 5
600207 5
600234 5
600259 5
600340 5
600343 5
600550 5
600807 5
600881 5
601018 5
603040 5
603102 5
603163 5
603326 5
603686 5
603758 5
603926 5
603970 5
603980 5
605188 5
605289 5
000677 30
001222 30
002286 30
002584 30
003030 30
300069 30
300530 30
301662 30
600053 30
600207 30
600234 30
600550 30
600807 30
600881 30
603980 30
301439 30
003029 30
600446 30
300520 30
600805 30
300674 30
600624 30
301137 30
603011 30
002099 30
605167 30
600105 30
601127 30
301316 30
601956 30
002809 30
000859 30
300848 30
600495 30
002255 30
605033 30
002121 30
000420 30
000561 30
600789 30
002343 30
600468 30
300530 30
600081 30
001222 30
002594 30
300674 30
002584 30
600418 30
002734 30
000565 30
000625 30
600006 30
600446 30
002045 30
603906 30
600990 30
603259 30
000903 30
002773 30
300750 30
000533 30
000333 30
002165 30
000158 30
601998 30
002229 30
000422 30
300059 30
300149 30
601919 30
000513 30
601398 30
300672 30
002948 30
600519 30
302132 30
600460 30
000953 30
002480 30
002261 30
002617 30
300781 30
000677 30
002389 30
600276 30
600703 30
002475 30
002580 30
603501 30
600745 30
600900 30
300494 30
002570 30
002131 30
600550 30
002456 30
300502 30
002074 30
601069 30
301297 30
600340 30
002177 30
002560 30
002519 30
301618 30
002449 30
000573 30
002465 30
000559 30
002379 30
001279 30
301009 30
000017 30
002195 30
300607 30
002583 30
001298 30
002023 30
600562 30
600589 30
600448 30
002549 30
000670 30
600967 30
002354 30
601606 30
002553 30
002111 30
600410 30
002347 30
002990 30
002915 30
600828 30
002530 30
002757 30
300831 30
002123 30
301613 30
002256 30
600611 30
000582 30
301070 30
002851 30
002813 30
300084 30
002277 30
300459 30
601022 30
300745 30
603918 30
000678 30
601086 30
301079 30
002599 30
300533 30
600405 30
600650 30
002640 30
002194 30
300634 30
301112 30
600744 30
002761 30
300150 30
300840 30
002819 30
600249 30
300824 30
600178 30
002952 30
002862 30
002094 30
002364 30
000605 30
603321 30
300366 30
002292 30
600207 30
002730 30
300491 30
603366 30
603070 30
002105 30
600505 30
1.000001 102
1.000001 101
1.000001 30
1.000001 15
0.399001 102
0.399001 101
0.399001 30
0.399001 15
301429 30
001360 30
301439 30
603232 30
000593 30
301075 30
003029 30
301215 30
002521 30
600446 30
300520 30
600805 30
300326 30
300689 30
600173 30
603383 30
002907 30
603096 30
301275 30
603639 30
300807 30
603309 30
301201 30
300674 30
300868 30
301278 30
600624 30
301265 30
301213 30
300455 30
301281 30
000030 30
600716 30
301313 30
300169 30
600462 30
301548 30
300986 30
300527 30
301017 30
300854 30
600636 30
300932 30
300208 30
003040 30
001308 30
603978 30
002097 30
301137 30
301389 30
300221 30
301577 30
002873 30
002951 30
002497 30
300540 30
603062 30
301207 30
301392 30
600331 30
002802 30
301458 30
000777 30
301172 30
301111 30
002368 30
002728 30
300570 30
301022 30
605566 30
301591 30
301072 30
300206 30
603738 30
301187 30
300645 30
002669 30
300997 30
002438 30
301056 30
600380 30
300711 30
1.000001 101
0.399001 101
0.399006 101
1.000001 101
0.399001 101
0.399006 101
1.000001 15
0.399001 15
0.399006 15
1.000300 15
1.000852 15
90.BK0475 15
000088 5
000507 5
000605 5
000628 5
000670 5
000677 5
000903 5
000905 5
000935 5
001222 5
001336 5
002074 5
002161 5
002165 5
002277 5
002284 5
002286 5
002297 5
002378 5
002456 5
002501 5
002512 5
002520 5
002522 5
002530 5
002571 5
002573 5
002581 5
002617 5
002654 5
002761 5
002862 5
002915 5
003030 5
300069 5
300631 5
300703 5
300927 5
301112 5
301335 5
301662 5
600053 5
600148 5
600198 5
600207 5
600234 5
600279 5
600336 5
600340 5
600343 5
600379 5
600505 5
600550 5
600658 5
600743 5
600807 5
600828 5
600881 5
600986 5
601018 5
603017 5
603040 5
603102 5
603163 5
603215 5
603321 5
603326 5
603337 5
603350 5
603378 5
603390 5
603686 5
603693 5
603768 5
603922 5
603926 5
603970 5
603980 5
603990 5
605188 5
605300 5
000605 30
000677 30
000903 30
000905 30
001222 30
002286 30
300069 30
300927 30
301335 30
301662 30
600053 30
600198 30
600234 30
600279 30
600379 30
600550 30
600658 30
600743 30
600807 30
600881 30
603321 30
603390 30
603980 30
000078 30
600869 30
600572 30
002793 30
300158 30
300721 30
301230 30
002743 30
600521 30
603011 30
001207 30
300255 30
002246 30
600389 30
301258 30
000973 30
300347 30
000822 30
603013 30
002437 30
002294 30
600059 30
600375 30
300220 30
603906 30
002580 30
300281 30
002734 30
600452 30
600592 30
300139 30
002250 30
605167 30
000958 30
002664 30
002121 30
000962 30
002550 30
600990 30
002155 30
601956 30
000576 30
002123 30
300842 30
600281 30
603456 30
002422 30
002259 30
300026 30
600988 30
601727 30
600610 30
600105 30
002050 30
000963 30
603169 30
000420 30
002255 30
605033 30
000756 30
001337 30
300065 30
600733 30
002584 30
600418 30
002594 30
000969 30
002553 30
000677 30
300158 30
002793 30
000625 30
002547 30
600572 30
002560 30
600489 30
002251 30
601899 30
600468 30
000878 30
600789 30
600495 30
000078 30
600519 30
601398 30
600111 30
000858 30
300476 30
302132 30
002611 30
601919 30
000651 30
601318 30
600006 30
603259 30
600030 30
002809 30
300750 30
002465 30
002241 30
002475 30
002045 30
002261 30
600276 30
002131 30
000678 30
601088 30
600900 30
000559 30
600839 30
600410 30
002570 30
300059 30
002519 30
301316 30
000158 30
603501 30
000565 30
300418 30
002074 30
002229 30
002286 30
002617 30
002456 30
603839 30
002915 30
002023 30
002195 30
002165 30
603300 30
600126 30
002276 30
600550 30
601022 30
600589 30
601086 30
002354 30
000903 30
002640 30
600279 30
002194 30
002819 30
603390 30
600744 30
002364 30
002094 30
002292 30
600448 30
600611 30
002103 30
600798 30
002403 30
600379 30
002105 30
002379 30
600698 30
000722 30
600505 30
1.000001 102
1.000001 101
1.000001 30
1.000001 15
0.399001 102
0.399001 101
0.399001 30
0.399001 15
000078 30
600569 30
600869 30
603733 30
000709 30
603798 30
600356 30
600037 30
600572 30
002793 30
603003 30
300108 30
600783 30
600681 30
300208 30
301107 30
603587 30
002295 30
603896 30
600526 30
002409 30
600387 30
000591 30
600462 30
002932 30
601609 30
600256 30
000752 30
600163 30
000019 30
002883 30
000937 30
600141 30
600956 30
603165 30
600358 30
000584 30
600020 30
002996 30
002393 30
300158 30
600167 30
300436 30
301113 30
603650 30
605086 30
605155 30
002117 30
002543 30
600648 30
002705 30
002884 30
002324 30
000419 30
300793 30
600768 30
301283 30
000655 30
603261 30
600819 30
002088 30
600461 30
002498 30
603869 30
601811 30
601369 30
001289 30
600804 30
002818 30
002336 30
002394 30
002020 30
000929 30
002998 30
601107 30
600857 30
601827 30
600248 30
600998 30
300869 30
000885 30
600299 30
000417 30
605599 30
002399 30
600731 30
603299 30
002755 30
000537 30
1.000001 101
0.399001 101
0.399006 101
1.000001 101
0.399001 101
0.399006 101
1.000001 15
0.399001 15
0.399006 15
1.000300 15
1.000852 15
90.BK0475 15
000088 5
000507 5
000605 5
000628 5
000670 5
000677 5
000903 5
000905 5
000935 5
001222 5
001336 5
002074 5
002161 5
002165 5
002277 5
002284 5
002286 5
002297 5
002378 5
002456 5
002501 5
002512 5
002520 5
002522 5
002530 5
002571 5
002573 5
002581 5
002617 5
002654 5
002761 5
002862 5
002915 5
003030 5
300069 5
300631 5
300703 5
300927 5
301112 5
301335 5
301662 5
600053 5
600148 5
600198 5
600207 5
600234 5
600279 5
600336 5
600340 5
600343 5
600379 5
600505 5
600550 5
600658 5
600743 5
600807 5
600828 5
600881 5
600986 5
601018 5
603017 5
603040 5
603102 5
603163 5
603215 5
603321 5
603326 5
603337 5
603350 5
603378 5
603390 5
603686 5
603693 5
603768 5
603922 5
603926 5
603970 5
603980 5
603990 5
605188 5
605300 5
000605 30
000677 30
000903 30
000905 30
001222 30
002286 30
300069 30
300927 30
301335 30
301662 30
600053 30
600198 30
600234 30
600279 30
600379 30
600550 30
600658 30
600743 30
600807 30
600881 30
603321 30
603390 30
603980 30
002080 30
600732 30
300721 30
301230 30
002743 30
600521 30
603011 30
001207 30
300255 30
002246 30
600389 30
605333 30
301258 30
000973 30
300347 30
000822 30
603013 30
002437 30
002294 30
600059 30
600375 30
300220 30
603906 30
002580 30
300281 30
002734 30
600452 30
600592 30
300139 30
002250 30
605167 30
000958 30
002664 30
002121 30
000962 30
002550 30
300092 30
600990 30
002155 30
601956 30
000576 30
002123 30
301082 30
603273 30
600281 30
603456 30
002422 30
002259 30
300026 30
600988 30
601727 30
002861 30
600610 30
600105 30
002050 30
603127 30
000777 30
000963 30
603169 30
000420 30
002255 30
605033 30
000756 30
300065 30
600733 30
002584 30
600418 30
002594 30
600732 30
000969 30
002318 30
002553 30
603699 30
000677 30
600363 30
000625 30
600577 30
002547 30
002625 30
002533 30
002560 30
002251 30
600549 30
000981 30
601611 30
601899 30
600468 30
601985 30
600789 30
600495 30
600519 30
300476 30
302132 30
002389 30
002611 30
601919 30
002080 30
600875 30
000651 30
600006 30
603259 30
002809 30
300750 30
002465 30
002241 30
002475 30
002045 30
002261 30
600276 30
000678 30
600900 30
000559 30
600410 30
002570 30
300059 30
002519 30
301316 30
000158 30
000565 30
300458 30
300418 30
002074 30
002229 30
002617 30
002456 30
000566 30
002023 30
002195 30
002165 30
603300 30
002276 30
600550 30
601022 30
002277 30
601086 30
002354 30
000903 30
002640 30
600279 30
002194 30
002819 30
603390 30
600744 30
002364 30
002094 30
002292 30
600448 30
600611 30
002103 30
600798 30
002403 30
600379 30
002105 30
600698 30
000722 30
600505 30
1.000001 102
1.000001 101
1.000001 30
1.000001 15
0.399001 102
0.399001 101
0.399001 30
0.399001 15
300798 30
300185 30
603069 30
301093 30
300691 30
301033 30
300598 30
300037 30
300080 30
600478 30
300230 30
000151 30
300172 30
300408 30
300525 30
002080 30
600313 30
605368 30
300043 30
300352 30
600909 30
603888 30
600732 30
300217 30
300108 30
600356 30
600765 30
300307 30
300861 30
603307 30
300402 30
300214 30
300890 30
300094 30
300458 30
600566 30
000778 30
002628 30
300592 30
601872 30
300531 30
600705 30
002205 30
300424 30
300457 30
002438 30
301021 30
001379 30
603515 30
605086 30
300411 30
601106 30
300449 30
301580 30
300263 30
300293 30
300070 30
300417 30
600653 30
002995 30
300962 30
300105 30
301176 30
002638 30
603587 30
001213 30
600307 30
600673 30
300787 30
300193 30
301057 30
600720 30
300808 30
600630 30
600586 30
300600 30
300965 30
300981 30
1.000001 101
0.399001 101
0.399006 101
1.000001 101
0.399001 101
0.399006 101
1.000001 15
0.399001 15
0.399006 15
1.000300 15
1.000852 15
90.BK0475 15
000088 5
000507 5
000605 5
000628 5
000670 5
000677 5
000903 5
000905 5
000935 5
001222 5
001336 5
002074 5
002161 5
002277 5
002286 5
002297 5
002364 5
002456 5
002501 5
002512 5
002522 5
002530 5
002571 5
002573 5
002581 5
002617 5
002654 5
002761 5
002862 5
003030 5
300069 5
300631 5
300703 5
300927 5
301112 5
301335 5
301571 5
301662 5
600053 5
600148 5
600198 5
600207 5
600234 5
600279 5
600336 5
600343 5
600379 5
600505 5
600658 5
600743 5
600807 5
600828 5
600881 5
600986 5
601018 5
601579 5
603017 5
603163 5
603215 5
603321 5
603326 5
603378 5
603390 5
603686 5
603693 5
603768 5
603922 5
603926 5
603970 5
605300 5
000605 30
000677 30
000903 30
000905 30
001222 30
002286 30
300069 30
300927 30
301112 30
301335 30
301571 30
301662 30
600053 30
600198 30
600207 30
600234 30
600279 30
600379 30
600658 30
600743 30
600807 30
600881 30
601579 30
603321 30
603390 30
001332 30
002672 30
601858 30
300546 30
600468 30
600105 30
600059 30
300418 30
301082 30
301316 30
603949 30
002465 30
300139 30
601611 30
603690 30
603169 30
000695 30
000677 30
300489 30
600759 30
605167 30
002389 30
300255 30
601727 30
603390 30
603011 30
000066 30
000859 30
600489 30
000062 30
000777 30
600610 30
000962 30
600363 30
002364 30
300281 30
002255 30
000958 30
002338 30
000710 30
000969 30
002819 30
601956 30
000420 30
600281 30
002427 30
002664 30
000670 30
000977 30
002743 30
002734 30
600698 30
600279 30
002229 30
301007 30
600389 30
002886 30
600353 30
002611 30
000938 30
002583 30
300429 30
600375 30
600418 30
300065 30
002640 30
000158 30
600744 30
002292 30
600732 30
600589 30
002261 30
603259 30
601919 30
300308 30
603004 30
300721 30
002121 30
600839 30
002456 30
002031 30
603086 30
603019 30
301357 30
002354 30
300502 30
603300 30
600006 30
002276 30
000565 30
600410 30
002846 30
603232 30
600519 30
002195 30
300059 30
002570 30
603456 30
002023 30
002617 30
000722 30
002165 30
600126 30
002103 30
002437 30
000678 30
600798 30
600452 30
300347 30
002519 30
300558 30
000963 30
002131 30
002074 30
000973 30
603009 30
600580 30
000559 30
002547 30
600505 30
302132 30
600521 30
000878 30
002584 30
603501 30
600276 30
002045 30
002155 30
002050 30
002560 30
600988 30
603906 30
600493 30
002241 30
000822 30
002123 30
300220 30
601127 30
002246 30
002403 30
002599 30
000625 30
600495 30
600990 30
002475 30
002952 30
600733 30
600592 30
002580 30
300026 30
002422 30
000576 30
600448 30
600379 30
002990 30
002317 30
002553 30
600841 30
300750 30
603716 30
000756 30
002594 30
001207 30
002094 30
301230 30
002294 30
300639 30
301168 30
600805 30
605033 30
002259 30
000566 30
301281 30
1.000001 102
1.000001 101
1.000001 30
1.000001 15
0.399001 102
0.399001 101
0.399001 30
0.399001 15
301370 30
300730 30
001332 30
603601 30
300266 30
300579 30
002672 30
603051 30
300334 30
603101 30
605108 30
002362 30
301175 30
601858 30
601133 30
600192 30
301517 30
301235 30
300335 30
300453 30
300546 30
002182 30
002267 30
301093 30
002879 30
300166 30
300887 30
002912 30
603948 30
300560 30
000593 30
300847 30
603324 30
603268 30
002114 30
301021 30
300179 30
300050 30
003022 30
600756 30
002856 30
300503 30
300243 30
603619 30
300173 30
300968 30
301273 30
300711 30
300633 30
300780 30
300212 30
300263 30
300306 30
601599 30
600724 30
603363 30
002119 30
001215 30
002613 30
301153 30
300302 30
002058 30
600121 30
300710 30
002833 30
605155 30
301278 30
301428 30
300036 30
300588 30
1.000001 101
0.399001 101
0.399006 101
1.000001 101
0.399001 101
0.399006 101
1.000001 15
0.399001 15
0.399006 15
1.000300 15
1.000852 15
90.BK0475 15
001336 5
002074 5
002161 5
002259 5
002277 5
002297 5
002364 5
002456 5
002573 5
002581 5
002761 5
002846 5
002862 5
002952 5
003030 5
300703 5
301075 5
301105 5
301277 5
301571 5
600148 5
600149 5
600198 5
600234 5
600259 5
600279 5
600379 5
600495 5
600805 5
600807 5
600828 5
600986 5
603017 5
603163 5
603215 5
603321 5
603693 5
603768 5
603926 5
603970 5
605289 5
002161 30
002259 30
002846 30
301105 30
600279 30
600379 30
600495 30
603321 30
300997 30
600262 30
000066 30
002835 30
300703 30
600476 30
600616 30
002427 30
002682 30
002103 30
605069 30
600744 30
002584 30
000722 30
603123 30
002161 30
000953 30
000838 30
603777 30
000710 30
000420 30
300085 30
300946 30
600353 30
600059 30
601008 30
002190 30
603960 30
603076 30
600558 30
002862 30
300900 30
300153 30
601956 30
300255 30
603065 30
000565 30
601086 30
002570 30
301277 30
002194 30
000777 30
600756 30
300493 30
302132 30
002553 30
601858 30
600519 30
300059 30
000858 30
000938 30
600875 30
603019 30
002826 30
000600 30
002389 30
601985 30
300260 30
600650 30
003816 30
300750 30
601399 30
002229 30
600279 30
002300 30
601633 30
300398 30
002438 30
002616 30
000100 30
300281 30
000063 30
600833 30
002599 30
002456 30
601127 30
603258 30
301112 30
600495 30
000625 30
300854 30
002255 30
002465 30
002298 30
002617 30
300533 30
600202 30
002533 30
600439 30
300879 30
600418 30
301011 30
300656 30
002074 30
600589 30
002654 30
000977 30
300476 30
002045 30
603015 30
002594 30
002475 30
002031 30
601611 30
603004 30
600363 30
300092 30
000158 30
002167 30
002376 30
603922 30
002292 30
600611 30
002195 30
300494 30
002640 30
300210 30
000045 30
002261 30
600493 30
301316 30
002130 30
002611 30
000881 30
002354 30
002317 30
300065 30
000559 30
002094 30
600105 30
601012 30
301181 30
002364 30
000677 30
002703 30
603086 30
000533 30
600463 30
600410 30
002123 30
002580 30
000678 30
000681 30
002915 30
000969 30
002165 30
002809 30
000545 30
603169 30
301007 30
002886 30
600577 30
002743 30
600805 30
002403 30
000958 30
603068 30
601727 30
600800 30
002651 30
000593 30
002785 30
000962 30
000695 30
1.000001 102
1.000001 101
1.000001 30
1.000001 15
0.399001 102
0.399001 101
0.399001 30
0.399001 15
300509 30
301391 30
300833 30
301071 30
605008 30
003023 30
000790 30
002969 30
600537 30
603733 30
603661 30
603895 30
300835 30
605366 30
603227 30
300512 30
300510 30
300985 30
300968 30
300150 30
600933 30
301169 30
603639 30
605080 30
300858 30
603518 30
603580 30
301117 30
600708 30
300108 30
301377 30
603729 30
600714 30
301222 30
300106 30
301577 30
300086 30
300792 30
605108 30
300179 30
301365 30
300915 30
301330 30
603701 30
300848 30
002732 30
300711 30
600596 30
603059 30
300334 30
300791 30
300041 30
300455 30
600419 30
301033 30
300892 30
003043 30
603171 30
601678 30
603348 30
300515 30
600032 30
300706 30
603206 30
300576 30
605081 30
601882 30
301313 30
002097 30
300374 30
002842 30
603992 30
301371 30
603530 30
000036 30
002224 30
1.000001 101
0.399001 101
0.399006 101
1.000001 101
0.399001 101
0.399006 101
1.000001 15
0.399001 15
0.399006 15
1.000300 15
1.000852 15
90.BK0475 15
002317 5
002364 5
002761 5
002952 5
300578 5
301105 5
301571 5
600149 5
600234 5
600279 5
600379 5
600805 5
600828 5
601127 5
603017 5
603321 5
603768 5
603970 5
301105 30
600279 30
603321 30
002829 30
002258 30
000151 30
300997 30
600495 30
601086 30
600686 30
600650 30
600105 30
301079 30
000565 30
603013 30
300261 30
002682 30
603767 30
300857 30
002907 30
600172 30
605196 30
603697 30
603169 30
600889 30
600611 30
603716 30
300502 30
600486 30
600986 30
002342 30
603599 30
002595 30
600202 30
002229 30
601872 30
000639 30
600249 30
002094 30
000625 30
000678 30
002475 30
000958 30
002255 30
002547 30
300678 30
300455 30
002809 30
603019 30
300059 30
002300 30
002195 30
002114 30
601012 30
600353 30
000858 30
600519 30
000573 30
301035 30
000777 30
600708 30
002194 30
002835 30
605151 30
000962 30
300438 30
000881 30
601127 30
603777 30
300578 30
002456 30
000559 30
600118 30
002594 30
603719 30
600300 30
000078 30
605300 30
300558 30
002553 30
000710 30
600189 30
002389 30
002161 30
603906 30
002570 30
002261 30
002437 30
000158 30
600410 30
000420 30
600756 30
002403 30
302132 30
601727 30
002326 30
603237 30
603768 30
300607 30
603970 30
002121 30
600558 30
002617 30
600536 30
300068 30
002584 30
000422 30
002580 30
301093 30
002123 30
002312 30
600448 30
300158 30
002165 30
300200 30
600187 30
002862 30
000722 30
603086 30
601022 30
002074 30
300534 30
600744 30
002292 30
601008 30
600798 30
002640 30
300886 30
002391 30
600505 30
000066 30
300871 30
300796 30
000670 30
300418 30
300509 30
002224 30
002190 30
301316 30
002651 30
001367 30
600610 30
000695 30
600179 30
1.000001 102
1.000001 101
1.000001 30
1.000001 15
0.399001 102
0.399001 101
0.399001 30
0.399001 15
301633 30
603506 30
300800 30
300272 30
300453 30
002285 30
300711 30
603722 30
300521 30
300280 30
300243 30
300978 30
002451 30
002960 30
300620 30
300906 30
003028 30
300880 30
301129 30
002957 30
605286 30
002873 30
300836 30
003011 30
603089 30
300700 30
600684 30
603408 30
300746 30
000550 30
605162 30
605088 30
300787 30
301053 30
300055 30
600098 30
000531 30
301210 30
300375 30
002313 30
002468 30
301068 30
003006 30
002534 30
301282 30
002178 30
600678 30
301529 30
603536 30
002829 30
002488 30
301198 30
300187 30
000007 30
002869 30
003008 30
300130 30
300430 30
300214 30
300844 30
300177 30
000539 30
600226 30
605377 30
603037 30
603733 30
002623 30
1.000001 101
0.399001 101
0.399006 101
1.000001 101
0.399001 101
0.399006 101
1.000001 15
0.399001 15
0.399006 15
1.000300 15
1.000852 15
90.BK0475 15
000545 5
001367 5
002259 5
002317 5
002364 5
002952 5
300418 5
301105 5
301571 5
600493 5
600805 5
601127 5
603086 5
603091 5
603359 5
001367 30
002259 30
600834 30
301095 30
300265 30
001390 30
000652 30
600805 30
002177 30
603686 30
603506 30
600678 30
002973 30
002342 30
603169 30
605188 30
002278 30
300502 30
002590 30
300394 30
605337 30
603006 30
300308 30
002130 30
301079 30
002468 30
002475 30
600577 30
300468 30
600476 30
000969 30
600650 30
002229 30
002255 30
300398 30
300240 30
601919 30
002537 30
301335 30
002456 30
002148 30
601127 30
603680 30
002251 30
600817 30
002829 30
002664 30
002611 30
603359 30
002533 30
300059 30
002261 30
000559 30
002437 30
600030 30
600066 30
600558 30
000066 30
002415 30
601012 30
002123 30
000777 30
600519 30
002640 30
300476 30
002510 30
002465 30
300773 30
603019 30
603083 30
603166 30
300532 30
601727 30
600202 30
002594 30
300130 30
300857 30
300418 30
300548 30
002292 30
002550 30
601008 30
002074 30
002651 30
603322 30
600679 30
002313 30
002771 30
002519 30
600439 30
601890 30
002580 30
603288 30
600986 30
002724 30
002682 30
603767 30
300065 30
301260 30
302132 30
002131 30
301316 30
300055 30
603366 30
603839 30
002549 30
603825 30
002195 30
300366 30
605499 30
000510 30
300084 30
002584 30
000420 30
600916 30
603004 30
002553 30
605069 30
000695 30
002094 30
000639 30
002040 30
603611 30
300798 30
000759 30
600612 30
000859 30
002998 30
600610 30
600189 30
002570 30
002560 30
002194 30
002990 30
300191 30
300067 30
603599 30
002190 30
600770 30
000881 30
300353 30
600172 30
002258 30
605303 30
601956 30
002734 30
603777 30
002946 30
000564 30
002165 30
002731 30
002566 30
000678 30
002556 30
002809 30
600616 30
002862 30
002136 30
000151 30
003042 30
002811 30
000565 30
002198 30
1.000001 102
1.000001 101
1.000001 30
1.000001 15
0.399001 102
0.399001 101
0.399001 30
0.399001 15
301041 30
605580 30
600834 30
301366 30
301005 30
300227 30
300208 30
300557 30
300488 30
301616 30
603409 30
301192 30
002866 30
002981 30
002955 30
301153 30
002871 30
603729 30
603956 30
600319 30
600846 30
605366 30
300564 30
600333 30
300651 30
300514 30
605168 30
300698 30
300986 30
300112 30
300131 30
603207 30
001400 30
300046 30
301095 30
601096 30
600255 30
001228 30
300263 30
000829 30
603516 30
603567 30
301063 30
002019 30
300456 30
300913 30
600820 30
603602 30
603726 30
300911 30
300795 30
603335 30
301276 30
301231 30
301171 30
002232 30
002880 30
300265 30
002591 30
301068 30
300975 30
600764 30
301378 30
600234 30
603183 30
002947 30
300565 30
301091 30
000567 30
002897 30
300298 30
000563 30
601011 30
1.000001 101
0.399001 101
0.399006 101
1.000001 101
0.399001 101
0.399006 101
1.000001 15
0.399001 15
0.399006 15
1.000300 15
1.000852 15
90.BK0475 15
000545 5
000565 5
002215 5
002317 5
002574 5
300464 5
301003 5
301260 5
301501 5
600493 5
600616 5
600805 5
601127 5
603086 5
603091 5
603639 5
000545 30
002574 30
000591 30
601929 30
000421 30
001258 30
002987 30
600834 30
600391 30
600212 30
300674 30
002194 30
003040 30
300353 30
002190 30
603222 30
300900 30
300531 30
600794 30
002609 30
002657 30
001277 30
000037 30
601008 30
600787 30
300579 30
000555 30
002015 30
601127 30
600570 30
603686 30
603127 30
600880 30
002278 30
600893 30
002968 30
601929 30
002317 30
002354 30
301248 30
002355 30
300941 30
000564 30
600666 30
002465 30
300180 30
603101 30
300386 30
603019 30
002277 30
002292 30
603087 30
603030 30
002074 30
600519 30
002019 30
000948 30
002232 30
300348 30
603259 30
002152 30
300059 30
000997 30
603918 30
300465 30
002383 30
600571 30
000617 30
002195 30
600446 30
300311 30
603716 30
300663 30
603256 30
000676 30
002131 30
600611 30
002594 30
300100 30
002055 30
601727 30
600986 30
300053 30
002625 30
300085 30
300047 30
000158 30
300541 30
603797 30
002640 30
002224 30
002829 30
002261 30
000981 30
002580 30
002475 30
002861 30
002393 30
002584 30
601138 30
603089 30
002743 30
301297 30
002376 30
300177 30
600478 30
002869 30
002955 30
002920 30
002570 30
605366 30
600577 30
002448 30
002165 30
002995 30
600686 30
603066 30
002549 30
600869 30
002778 30
002510 30
300046 30
000545 30
002418 30
600105 30
600550 30
600610 30
301366 30
603639 30
000565 30
301112 30
603701 30
603169 30
000678 30
301269 30
600081 30
600805 30
002590 30
301148 30
300478 30
002576 30
001208 30
600936 30
002255 30
600468 30
000890 30
002708 30
605188 30
002286 30
001390 30
1.000001 102
1.000001 101
1.000001 30
1.000001 15
0.399001 102
0.399001 101
0.399001 30
0.399001 15
003041 30
000419 30
603813 30
603895 30
300965 30
300410 30
300234 30
300905 30
002679 30
002150 30
600075 30
000548 30
300971 30
301539 30
002162 30
300614 30
001283 30
301516 30
600376 30
300334 30
300647 30
000591 30
300388 30
600235 30
300062 30
600903 30
001324 30
605296 30
000717 30
301275 30
002633 30
301288 30
301067 30
603477 30
603060 30
301372 30
603391 30
603126 30
601158 30
600517 30
300129 30
002982 30
300967 30
002554 30
601929 30
300789 30
300521 30
301068 30
300774 30
000421 30
000534 30
001258 30
300653 30
600333 30
300731 30
300228 30
301319 30
600969 30
301132 30
300516 30
603991 30
002733 30
002379 30
300140 30
300855 30
300899 30
601199 30
002840 30
002053 30
603291 30
300930 30
603206 30
301618 30
603093 30
300677 30
002067 30
000920 30
300109 30
300426 30
603177 30
1.000001 101
0.399001 101
0.399006 101
1.000001 101
0.399001 101
0.399006 101
1.000001 15
0.399001 15
0.399006 15
1.000300 15
1.000852 15
90.BK0475 15
000510 5
000545 5
000565 5
000859 5
002215 5
002229 5
002317 5
002549 5
002556 5
002574 5
002829 5
002846 5
002867 5
002973 5
300121 5
300422 5
300464 5
300575 5
300578 5
300740 5
300858 5
300997 5
301003 5
301007 5
301260 5
301501 5
301536 5
600493 5
600612 5
600616 5
600678 5
600805 5
601086 5
601127 5
603006 5
603086 5
603091 5
603599 5
603639 5
603697 5
603949 5
603960 5
605303 5
605599 5
000510 30
002229 30
002574 30
002846 30
002973 30
300422 30
300575 30
300858 30
600678 30
601086 30
603006 30
605296 30
300129 30
300971 30
603229 30
300473 30
300065 30
603998 30
300967 30
301091 30
600326 30
002105 30
600391 30
000677 30
600196 30
300075 30
603207 30
603127 30
300026 30
600216 30
002657 30
300315 30
002987 30
300402 30
600787 30
002714 30
600658 30
300569 30
002097 30
603256 30
002313 30
300900 30
600756 30
601998 30
603956 30
300347 30
600789 30
002067 30
002584 30
002278 30
603030 30
301078 30
300699 30
000963 30
000801 30
003042 30
002393 30
002389 30
600834 30
300476 30
605499 30
600794 30
300398 30
002580 30
300034 30
600960 30
000710 30
300502 30
600893 30
600276 30
600760 30
601989 30
002194 30
601127 30
601398 30
000555 30
002122 30
002190 30
603019 30
300353 30
600111 30
002195 30
000858 30
300750 30
002463 30
302132 30
002317 30
300059 30
603087 30
600519 30
002074 30
601008 30
002103 30
002355 30
002383 30
002709 30
603259 30
002015 30
301236 30
002094 30
002277 30
002594 30
601727 30
300180 30
600418 30
002261 30
300442 30
600476 30
002475 30
301095 30
600571 30
600986 30
601138 30
002640 30
600686 30
600550 30
600644 30
301269 30
002437 30
000981 30
002570 30
002549 30
600105 30
000859 30
002510 30
002651 30
002040 30
603065 30
600678 30
603006 30
002255 30
603169 30
002590 30
002165 30
002229 30
000561 30
600006 30
000678 30
600610 30
002286 30
002973 30
002708 30
600081 30
000565 30
603332 30
605188 30
300963 30
001390 30
1.000001 102
1.000001 101
1.000001 30
1.000001 15
0.399001 102
0.399001 101
0.399001 30
0.399001 15
301203 30
301090 30
003008 30
600730 30
300218 30
301528 30
600784 30
603003 30
000889 30
000584 30
002805 30
002454 30
605028 30
600462 30
600469 30
600387 30
600022 30
300653 30
003013 30
002320 30
002266 30
300926 30
301238 30
300268 30
002750 30
603813 30
002360 30
301080 30
001289 30
301358 30
600569 30
002709 30
001389 30
000898 30
301185 30
000807 30
000622 30
300037 30
603377 30
300208 30
301033 30
000933 30
600804 30
301004 30
000543 30
601609 30
002883 30
601778 30
600475 30
603308 30
600617 30
603163 30
600123 30
300442 30
300735 30
002179 30
002007 30
000547 30
000825 30
603508 30
603687 30
000685 30
603312 30
300547 30
001306 30
600399 30
002199 30
002336 30
601686 30
600337 30
002818 30
000778 30
603995 30
002020 30
600356 30
001229 30
600287 30
603124 30
1.000001 101
0.399001 101
0.399006 101
1.000001 101
0.399001 101
0.399006 101
1.000001 15
0.399001 15
0.399006 15
1.000300 15
1.000852 15
90.BK0475 15
000510 5
000545 5
000565 5
000859 5
002215 5
002229 5
002317 5
002549 5
002556 5
002574 5
002829 5
002846 5
002867 5
002973 5
300121 5
300422 5
300464 5
300575 5
300578 5
300740 5
300858 5
300997 5
301003 5
301007 5
301260 5
301501 5
301536 5
600493 5
600612 5
600616 5
600678 5
600805 5
601086 5
601127 5
603006 5
603086 5
603091 5
603599 5
603639 5
603697 5
603949 5
603960 5
605303 5
605599 5
000510 30
002229 30
002574 30
002846 30
002973 30
300422 30
300575 30
300858 30
600678 30
601086 30
603006 30
300129 30
603229 30
300473 30
300065 30
603998 30
600326 30
002105 30
600391 30
000677 30
600196 30
300075 30
603207 30
603127 30
002840 30
300026 30
600216 30
300082 30
002657 30
300315 30
002987 30
300402 30
600787 30
002714 30
600658 30
300569 30
002097 30
603256 30
002313 30
300900 30
600756 30
603956 30
300430 30
000078 30
600789 30
002584 30
002278 30
603030 30
301293 30
000963 30
000801 30
002100 30
003042 30
002393 30
002389 30
600834 30
300476 30
605499 30
600794 30
300348 30
600118 30
003040 30
300398 30
002580 30
603232 30
300034 30
600960 30
000710 30
300502 30
600893 30
600276 30
600760 30
002194 30
601127 30
002023 30
002132 30
000738 30
300531 30
000555 30
002190 30
603019 30
300353 30
600900 30
002195 30
601318 30
600352 30
302132 30
002317 30
300059 30
603087 30
600519 30
600446 30
002074 30
601008 30
000063 30
000997 30
002103 30
002355 30
300346 30
002383 30
603259 30
002015 30
002094 30
000977 30
300251 30
002277 30
002594 30
601727 30
300180 30
000617 30
600418 30
002261 30
600476 30
002475 30
301095 30
000837 30
601138 30
002640 30
600686 30
600550 30
600644 30
002196 30
301269 30
002418 30
002437 30
000981 30
002570 30
002549 30
600105 30
000859 30
002510 30
002651 30
600678 30
603006 30
002255 30
603169 30
002590 30
002165 30
002229 30
000561 30
600006 30
000678 30
600610 30
002286 30
002973 30
002708 30
000565 30
603332 30
300963 30
1.000001 102
1.000001 101
1.000001 30
1.000001 15
0.399001 102
0.399001 101
0.399001 30
0.399001 15
300567 30
301018 30
300488 30
301232 30
002518 30
300131 30
300990 30
300780 30
301357 30
300691 30
603377 30
603080 30
300888 30
600779 30
300163 30
002334 30
301033 30
603369 30
600331 30
301165 30
002750 30
000544 30
605117 30
300183 30
300249 30
600980 30
603818 30
002397 30
300212 30
600163 30
300307 30
600636 30
301330 30
603122 30
600748 30
300513 30
300776 30
300211 30
301167 30
300370 30
603700 30
301085 30
600369 30
002109 30
301090 30
002578 30
002568 30
002430 30
603912 30
301141 30
601788 30
600682 30
002335 30
300051 30
300455 30
300218 30
300956 30
300279 30
600352 30
002614 30
001205 30
300280 30
001316 30
300263 30
300929 30
300383 30
000571 30
301367 30
300500 30
301030 30
603029 30
603353 30
300165 30
300375 30
600151 30
300472 30
300474 30
300933 30
300887 30
002084 30
000155 30
000608 30
600337 30
301265 30
002606 30
300580 30
300239 30
300143 30
1.000001 101
0.399001 101
0.399006 101
1.000001 101
0.399001 101
0.399006 101
1.000001 15
0.399001 15
0.399006 15
1.000300 15
1.000852 15
90.BK0475 15
000510 5
000545 5
000565 5
000859 5
002215 5
002229 5
002317 5
002549 5
002556 5
002574 5
002829 5
002846 5
002867 5
002973 5
300121 5
300422 5
300464 5
300575 5
300578 5
300740 5
300858 5
300997 5
301003 5
301007 5
301260 5
301501 5
301536 5
600493 5
600612 5
600616 5
600678 5
600805 5
601086 5
601127 5
603006 5
603086 5
603091 5
603599 5
603639 5
603697 5
603949 5
603960 5
605303 5
605599 5
000510 30
002229 30
002574 30
002846 30
002973 30
300422 30
300575 30
300858 30
600678 30
601086 30
603006 30
300971 30
603229 30
300065 30
603998 30
600326 30
002105 30
600391 30
000677 30
600196 30
300075 30
603207 30
603127 30
300026 30
600216 30
002657 30
300315 30
002987 30
300402 30
600787 30
002714 30
600658 30
300677 30
300569 30
002097 30
603256 30
002313 30
300900 30
600756 30
603956 30
000078 30
600789 30
002584 30
002278 30
603030 30
300699 30
300290 30
000963 30
000801 30
002100 30
003042 30
002393 30
002389 30
600834 30
002419 30
300476 30
605499 30
600794 30
300348 30
600415 30
600967 30
003040 30
300398 30
002580 30
603232 30
600960 30
000710 30
300502 30
300674 30
600893 30
600276 30
600760 30
002194 30
601127 30
002023 30
002223 30
300531 30
600570 30
000555 30
002190 30
603019 30
300353 30
603132 30
601985 30
600111 30
600900 30
002195 30
603995 30
002463 30
300760 30
600392 30
601012 30
302132 30
300274 30
002317 30
300059 30
603087 30
600519 30
600446 30
002074 30
601008 30
000997 30
002103 30
002355 30
002383 30
603259 30
002015 30
002094 30
002277 30
300386 30
002594 30
601727 30
300180 30
600418 30
000958 30
002261 30
600476 30
002031 30
002241 30
002475 30
002640 30
600686 30
600550 30
600644 30
301269 30
600363 30
002437 30
000981 30
002570 30
000969 30
002549 30
600105 30
000859 30
002510 30
002651 30
002040 30
600678 30
603006 30
002255 30
603169 30
002590 30
002165 30
002229 30
000561 30
600006 30
000678 30
600610 30
002286 30
002973 30
002708 30
000565 30
603332 30
300963 30
1.000001 102
1.000001 101
1.000001 30
1.000001 15
0.399001 102
0.399001 101
0.399001 30
0.399001 15
301327 30
000802 30
002169 30
002817 30
300415 30
605180 30
603733 30
603277 30
600711 30
300604 30
301047 30
001311 30
300981 30
300634 30
603396 30
600783 30
600854 30
300522 30
300747 30
301280 30
000039 30
000970 30
600730 30
300359 30
603380 30
600292 30
300666 30
605577 30
600784 30
300201 30
002865 30
002467 30
300161 30
603529 30
603136 30
603109 30
300777 30
300127 30
600865 30
603871 30
002589 30
300193 30
603055 30
001301 30
603977 30
002056 30
000050 30
002572 30
002009 30
300357 30
600636 30
300653 30
002372 30
603486 30
600339 30
600229 30
300232 30
603035 30
002324 30
300428 30
600054 30
300847 30
603197 30
300223 30
002538 30
002497 30
600113 30
300365 30
002812 30
002935 30
003013 30
601869 30
1.000001 101
0.399001 101
0.399006 101
1.000001 101
0.399001 101
0.399006 101
1.000001 15
0.399001 15
0.399006 15
1.000300 15
1.000852 15
90.BK0475 15
000545 5
000565 5
000890 5
001208 5
002215 5
002229 5
002549 5
002556 5
002574 5
002576 5
002778 5
002829 5
002861 5
002867 5
002968 5
002973 5
002995 5
300422 5
300464 5
300575 5
300578 5
300698 5
300740 5
300858 5
300997 5
301003 5
301082 5
301260 5
301536 5
600081 5
600530 5
600612 5
600616 5
600678 5
601086 5
603006 5
603066 5
603089 5
603169 5
603506 5
603599 5
603639 5
603697 5
603701 5
603960 5
605188 5
605303 5
605366 5
605599 5
002229 30
002574 30
002968 30
002973 30
002995 30
300422 30
300575 30
300698 30
600678 30
601086 30
603006 30
603089 30
603506 30
601069 30
002173 30
600743 30
002657 30
300629 30
300181 30
003009 30
603017 30
300905 30
600610 30
002097 30
002900 30
603256 30
002465 30
600988 30
300579 30
300945 30
003035 30
000561 30
600543 30
002155 30
002162 30
300753 30
300180 30
300520 30
002389 30
300674 30
000617 30
603229 30
300397 30
002987 30
002094 30
000555 30
002103 30
002194 30
601899 30
002829 30
003040 30
300434 30
002393 30
002105 30
603956 30
300026 30
600489 30
603998 30
002152 30
002982 30
603232 30
002580 30
600789 30
301269 30
600570 30
301293 30
600329 30
600760 30
600571 30
300386 30
002640 30
600879 30
002015 30
600446 30
002268 30
600326 30
002574 30
002651 30
600666 30
300348 30
300663 30
600893 30
002714 30
600216 30
002594 30
300085 30
000801 30
002165 30
300531 30
002195 30
600562 30
603006 30
302132 30
002313 30
000997 30
600184 30
600105 30
002310 30
002317 30
300169 30
300551 30
301095 30
300963 30
002549 30
600276 30
002355 30
002634 30
600006 30
002190 30
601127 30
301009 30
002510 30
002261 30
603127 30
600476 30
300699 30
600363 30
601012 30
300059 30
002074 30
000963 30
603226 30
603019 30
600658 30
000981 30
600196 30
002475 30
002584 30
002418 30
002255 30
000565 30
002278 30
600519 30
002383 30
600391 30
600644 30
603477 30
300366 30
601727 30
001696 30
300353 30
300900 30
601008 30
000029 30
600678 30
300402 30
300502 30
300075 30
300065 30
300975 30
600756 30
603169 30
603332 30
001390 30
000677 30
002277 30
000678 30
002229 30
002973 30
603359 30
300476 30
600787 30
600686 30
002590 30
301633 30
600418 30
003041 30
600834 30
001212 30
1.000001 102
1.000001 101
1.000001 30
1.000001 15
0.399001 102
0.399001 101
0.399001 30
0.399001 15
300708 30
603377 30
001217 30
002663 30
300163 30
301103 30
301071 30
001282 30
600381 30
001268 30
300899 30
300768 30
301200 30
603516 30
300865 30
603186 30
301611 30
600230 30
601702 30
000603 30
600449 30
605081 30
300731 30
600847 30
002207 30
600661 30
603301 30
000753 30
301127 30
300781 30
600753 30
301586 30
300733 30
300618 30
603051 30
300435 30
301265 30
603959 30
301313 30
300634 30
301233 30
603353 30
301171 30
002526 30
000882 30
002659 30
002333 30
600155 30
601388 30
300164 30
600331 30
300911 30
000929 30
605598 30
300218 30
301302 30
000012 30
603876 30
300786 30
000426 30
300292 30
002578 30
603258 30
002558 30
1.000001 101
0.399001 101
0.399006 101
1.000001 101
0.399001 101
0.399006 101
1.000001 15
0.399001 15
0.399006 15
1.000300 15
1.000852 15
90.BK0475 15
000565 5
000890 5
001208 5
001212 5
002277 5
002448 5
002556 5
002574 5
002576 5
002829 5
002875 5
002878 5
002920 5
002973 5
003041 5
300422 5
300464 5
300575 5
300698 5
300815 5
300997 5
301082 5
301260 5
600006 5
600081 5
600530 5
600551 5
600616 5
600678 5
600686 5
601086 5
603006 5
603066 5
603089 5
603226 5
603599 5
603639 5
603697 5
603701 5
603797 5
605167 5
605188 5
605366 5
605599 5
002574 30
002829 30
002875 30
002878 30
002973 30
300422 30
600530 30
600678 30
601086 30
603006 30
603089 30
603226 30
603697 30
000547 30
002826 30
603093 30
300669 30
301287 30
300963 30
300691 30
002624 30
300972 30
603956 30
605599 30
603906 30
300148 30
300307 30
600259 30
002389 30
002829 30
002246 30
002229 30
300065 30
002286 30
600610 30
600530 30
002574 30
002292 30
002342 30
002558 30
301096 30
002612 30
002526 30
002940 30
002580 30
601825 30
002190 30
002644 30
002594 30
002734 30
002405 30
002074 30
600250 30
002988 30
000599 30
002882 30
300075 30
601086 30
601069 30
600549 30
002465 30
000333 30
300059 30
000651 30
000547 30
002987 30
600105 30
600882 30
600519 30
300008 30
600249 30
603169 30
605488 30
002395 30
002255 30
000858 30
600276 30
600363 30
002862 30
300957 30
300725 30
603019 30
601727 30
601007 30
600973 30
300058 30
002625 30
000766 30
000625 30
601127 30
002230 30
002651 30
603259 30
600300 30
301078 30
001212 30
603332 30
002735 30
603127 30
002195 30
000639 30
002181 30
002467 30
002038 30
600037 30
000555 30
600789 30
002549 30
002510 30
302132 30
603087 30
600880 30
001268 30
002640 30
603229 30
300747 30
300180 30
600633 30
600418 30
603520 30
300352 30
600550 30
600651 30
301366 30
002347 30
300397 30
300181 30
300233 30
605136 30
002023 30
600830 30
300579 30
300199 30
600644 30
002317 30
002103 30
002310 30
300158 30
002173 30
301533 30
600212 30
300629 30
002669 30
300473 30
002097 30
601008 30
300214 30
600551 30
301592 30
002162 30
002982 30
003035 30
600561 30
600543 30
1.000001 102
1.000001 101
1.000001 30
1.000001 15
0.399001 102
0.399001 101
0.399001 30
0.399001 15
600231 30
002785 30
605289 30
300215 30
601609 30
301187 30
603568 30
601828 30
000928 30
000547 30
002826 30
000862 30
301002 30
300645 30
002985 30
300828 30
002474 30
300212 30
301218 30
300477 30
002629 30
301289 30
603023 30
000825 30
300793 30
301169 30
002823 30
601969 30
300018 30
301129 30
603636 30
301313 30
002057 30
000503 30
000411 30
002912 30
603139 30
300516 30
300271 30
603119 30
000922 30
000889 30
301198 30
300351 30
300414 30
301265 30
300620 30
301310 30
603726 30
603730 30
605268 30
300932 30
603416 30
002408 30
300123 30
301608 30
603969 30
300227 30
001389 30
601298 30
301090 30
300086 30
301121 30
301378 30
002309 30
603341 30
002438 30
605123 30
603305 30
002212 30
301041 30
1.000001 101
0.399001 101
0.399006 101
1.000001 101
0.399001 101
0.399006 101
1.000001 15
0.399001 15
0.399006 15
1.000300 15
1.000852 15
90.BK0475 15
000029 5
000539 5
000890 5
001208 5
001212 5
002277 5
002418 5
002576 5
002633 5
002798 5
002829 5
002875 5
002920 5
002968 5
003041 5
300238 5
300422 5
300698 5
300796 5
300815 5
300997 5
301082 5
600006 5
600081 5
600212 5
600551 5
600561 5
600676 5
600678 5
600686 5
600794 5
603006 5
603066 5
603169 5
603686 5
603701 5
603797 5
605167 5
605188 5
000539 30
002418 30
002798 30
002875 30
002968 30
600561 30
600678 30
301162 30
300513 30
002546 30
600027 30
000400 30
600698 30
600178 30
002090 30
301590 30
002015 30
001338 30
600110 30
300682 30
002190 30
002103 30
002055 30
603023 30
600250 30
300570 30
301162 30
603042 30
002526 30
601138 30
000555 30
001236 30
002290 30
000676 30
300353 30
601700 30
600392 30
002292 30
002365 30
002463 30
601788 30
300065 30
002261 30
002364 30
002475 30
603956 30
603099 30
002418 30
300315 30
000400 30
301141 30
002431 30
603777 30
003009 30
300620 30
603711 30
002891 30
000725 30
002130 30
300502 30
300308 30
002448 30
000965 30
603300 30
300035 30
000625 30
002519 30
600406 30
002194 30
002862 30
600738 30
600111 30
603305 30
000831 30
603151 30
603019 30
600172 30
605136 30
600519 30
300059 30
603259 30
000017 30
605009 30
600550 30
002173 30
600300 30
002195 30
000766 30
603169 30
002829 30
601727 30
600900 30
600830 30
002510 30
002617 30
002074 30
002741 30
002866 30
002594 30
002719 30
000950 30
600593 30
300911 30
002465 30
603863 30
002229 30
600644 30
002929 30
002952 30
600676 30
000657 30
600884 30
300085 30
002580 30
002640 30
601008 30
002313 30
002286 30
600276 30
603283 30
600105 30
002965 30
000576 30
002785 30
002956 30
002682 30
603208 30
002389 30
600610 30
000546 30
002615 30
002116 30
600794 30
000888 30
002467 30
002612 30
603686 30
002735 30
002275 30
002165 30
002387 30
002809 30
301177 30
000838 30
600249 30
301399 30
300892 30
301108 30
603607 30
002191 30
000565 30
002644 30
300886 30
603332 30
600573 30
603221 30
002633 30
603306 30
600006 30
1.000001 102
1.000001 101
1.000001 30
1.000001 15
0.399001 102
0.399001 101
0.399001 30
0.399001 15
301361 30
301162 30
300882 30
301036 30
301179 30
300286 30
301199 30
300880 30
300513 30
002350 30
300795 30
301390 30
300365 30
300712 30
300778 30
301040 30
300213 30
002189 30
300982 30
600131 30
002857 30
002789 30
002339 30
300310 30
300360 30
603289 30
002380 30
002546 30
603895 30
605268 30
603357 30
002058 30
603105 30
001278 30
603227 30
603585 30
300617 30
002932 30
601222 30
601126 30
600804 30
603191 30
300317 30
601606 30
301528 30
600027 30
301387 30
002096 30
300510 30
001289 30
301233 30
002662 30
300001 30
000682 30
301046 30
000400 30
000027 30
301363 30
603050 30
300062 30
002442 30
600995 30
600148 30
002063 30
300444 30
603507 30
600821 30
000030 30
300984 30
600698 30
600178 30
603679 30
601778 30
002090 30
000791 30
1.000001 101
0.399001 101
0.399006 101
1.000001 101
0.399001 101
0.399006 101
1.000001 15
0.399001 15
0.399006 15
1.000300 15
1.000852 15
90.BK0475 15
000981 5
000989 5
001208 5
001212 5
002345 5
002418 5
002576 5
002633 5
002743 5
002798 5
002875 5
002900 5
002920 5
002955 5
002956 5
002968 5
003010 5
003041 5
300003 5
300016 5
300238 5
300698 5
300741 5
300949 5
301082 5
600006 5
600081 5
600212 5
600676 5
600686 5
600794 5
603066 5
603169 5
603221 5
603686 5
603701 5
603797 5
603906 5
605006 5
605366 5
000989 30
002418 30
002798 30
002875 30
002900 30
300016 30
300949 30
605006 30
603077 30
000506 30
302132 30
600939 30
300427 30
605006 30
000665 30
300153 30
600589 30
301590 30
002467 30
600794 30
002335 30
600610 30
605298 30
300502 30
002491 30
002184 30
002882 30
002190 30
603083 30
300394 30
002339 30
001389 30
603686 30
600178 30
002130 30
002364 30
000565 30
300579 30
605018 30
002648 30
603906 30
600644 30
002365 30
002837 30
300308 30
002651 30
600797 30
603106 30
002389 30
300846 30
300548 30
000977 30
300180 30
301396 30
603887 30
002281 30
002549 30
000063 30
002594 30
601211 30
603881 30
600519 30
603019 30
002418 30
002241 30
002165 30
300059 30
605066 30
000617 30
300053 30
000625 30
002640 30
002465 30
600633 30
603392 30
300364 30
002658 30
600602 30
002152 30
601138 30
600839 30
002475 30
002094 30
002856 30
002195 30
300738 30
002600 30
300433 30
603211 30
001258 30
300065 30
600986 30
002115 30
002617 30
002735 30
002265 30
600110 30
603390 30
002131 30
600561 30
600410 30
003010 30
300444 30
600006 30
002031 30
600621 30
600745 30
600601 30
000859 30
002354 30
002261 30
002189 30
300281 30
000158 30
002530 30
600105 30
603305 30
603300 30
000555 30
600126 30
000989 30
002229 30
300136 30
002609 30
002090 30
600446 30
603767 30
300835 30
603991 30
000530 30
300748 30
300003 30
000676 30
001379 30
601788 30
603049 30
002050 30
002580 30
002981 30
001309 30
601606 30
002932 30
002370 30
002181 30
603176 30
300617 30
600698 30
603901 30
603900 30
600551 30
605299 30
603109 30
601007 30
301377 30
002431 30
1.000001 102
1.000001 101
1.000001 30
1.000001 15
0.399001 102
0.399001 101
0.399001 30
0.399001 15
002750 30
603077 30
603606 30
000059 30
002596 30
003022 30
300885 30
002028 30
301026 30
002221 30
300071 30
605020 30
300540 30
600960 30
605365 30
002889 30
600161 30
603075 30
300095 30
000990 30
300012 30
603100 30
002493 30
600278 30
300443 30
002728 30
300539 30
000886 30
600160 30
002287 30
603885 30
300471 30
600339 30
301556 30
300226 30
300645 30
000593 30
300919 30
600208 30
000735 30
002066 30
002320 30
603124 30
300164 30
000603 30
603200 30
603212 30
002163 30
002629 30
002117 30
600523 30
300263 30
603637 30
002749 30
600426 30
600615 30
000629 30
603379 30
600378 30
301155 30
002777 30
002226 30
603829 30
002140 30
603001 30
001227 30
605566 30
600226 30
300635 30
600724 30
301291 30
603071 30
001323 30
603729 30
301595 30
1.000001 101
0.399001 101
0.399006 101
1.000001 101
0.399001 101
0.399006 101
1.000001 15
0.399001 15
0.399006 15
1.000300 15
1.000852 15
90.BK0475 15
000037 5
000989 5
001208 5
001212 5
002224 5
002275 5
002345 5
002418 5
002576 5
002633 5
002644 5
002743 5
002875 5
002900 5
002920 5
002955 5
002956 5
002968 5
002969 5
003010 5
003035 5
003041 5
300003 5
300016 5
300238 5
300698 5
300703 5
300741 5
300945 5
300949 5
301082 5
301095 5
600006 5
600081 5
600212 5
600543 5
600561 5
600676 5
600686 5
600794 5
600869 5
603066 5
603089 5
603169 5
603221 5
603686 5
603701 5
603797 5
605009 5
605366 5
000989 30
002875 30
002900 30
002969 30
300703 30
001390 30
002596 30
300927 30
601061 30
300753 30
600459 30
002827 30
600531 30
002605 30
300963 30
002037 30
301277 30
603068 30
002882 30
001298 30
000558 30
300672 30
002258 30
000810 30
000886 30
002669 30
000409 30
000737 30
603688 30
300766 30
002491 30
002227 30
301316 30
002365 30
603986 30
300435 30
300474 30
002395 30
301590 30
002741 30
000665 30
600279 30
301536 30
002317 30
603993 30
300846 30
302132 30
300311 30
603906 30
002093 30
002123 30
002148 30
300607 30
300575 30
002645 30
002757 30
000981 30
603336 30
300502 30
300065 30
002355 30
600250 30
002335 30
000510 30
600794 30
000530 30
002173 30
605066 30
600589 30
600309 30
002074 30
603686 30
000977 30
002735 30
601727 30
600760 30
600221 30
605136 30
600900 30
300058 30
300308 30
002130 30
002601 30
002184 30
601985 30
600644 30
600418 30
000858 30
603019 30
600276 30
601012 30
002594 30
002648 30
002366 30
600105 30
600519 30
000002 30
002339 30
002165 30
002475 30
002094 30
000625 30
601059 30
300059 30
601881 30
603106 30
000989 30
601198 30
002115 30
002195 30
002471 30
002427 30
000565 30
002131 30
603300 30
001390 30
000158 30
002261 30
002465 30
601086 30
000903 30
002194 30
002229 30
600178 30
601788 30
002190 30
601007 30
002342 30
002969 30
003035 30
603049 30
002878 30
603011 30
002090 30
300674 30
000695 30
002431 30
603392 30
300945 30
603086 30
600698 30
002103 30
603333 30
002347 30
000953 30
600650 30
1.000001 102
1.000001 101
1.000001 30
1.000001 15
0.399001 102
0.399001 101
0.399001 30
0.399001 15
002032 30
605305 30
603003 30
603733 30
601066 30
600332 30
000166 30
002327 30
300338 30
600660 30
000623 30
002221 30
603393 30
000423 30
002206 30
002066 30
002884 30
002939 30
001400 30
600085 30
601995 30
601766 30
000584 30
300270 30
000513 30
603271 30
603885 30
300685 30
000990 30
002061 30
000031 30
300154 30
002088 30
600346 30
000915 30
603288 30
605368 30
605090 30
002336 30
600642 30
300462 30
300724 30
603889 30
002399 30
300396 30
002698 30
000999 30
002017 30
600273 30
600688 30
002117 30
600508 30
001872 30
601686 30
000538 30
300653 30
603001 30
000755 30
603519 30
600226 30
603689 30
600377 30
600061 30
600064 30
300793 30
600295 30
002035 30
603391 30
601881 30
600526 30
002875 30
601658 30
001390 30
002637 30
603860 30
603201 30
600462 30
300103 30
600390 30
300540 30
300387 30
600847 30
600691 30
000685 30
603210 30
002267 30
300645 30
600075 30
603619 30
300760 30
600033 30
000541 30
1.000001 101
0.399001 101
0.399006 101
1.000001 101
0.399001 101
0.399006 101
1.000001 15
0.399001 15
0.399006 15
1.000300 15
1.000852 15
90.BK0475 15
000037 5
000989 5
001208 5
001212 5
002224 5
002275 5
002345 5
002418 5
002576 5
002633 5
002644 5
002743 5
002875 5
002900 5
002920 5
002955 5
002956 5
002968 5
002969 5
003010 5
003035 5
003041 5
300003 5
300016 5
300238 5
300698 5
300703 5
300741 5
300945 5
300949 5
301082 5
301095 5
600006 5
600081 5
600212 5
600543 5
600561 5
600676 5
600686 5
600794 5
600869 5
603066 5
603089 5
603169 5
603221 5
603686 5
603701 5
603797 5
605009 5
605366 5
000989 30
002875 30
002900 30
002969 30
300703 30
600980 30
300124 30
002596 30
601061 30
600459 30
002827 30
600531 30
002605 30
300963 30
002037 30
301277 30
603068 30
002882 30
001298 30
000558 30
300672 30
002258 30
000810 30
002669 30
000409 30
000737 30
603688 30
300766 30
002491 30
002227 30
002846 30
301316 30
002365 30
603986 30
300435 30
601858 30
300474 30
002395 30
002741 30
000665 30
600279 30
002317 30
603023 30
603993 30
300578 30
302132 30
300311 30
603906 30
002093 30
002123 30
002148 30
300607 30
300575 30
002645 30
002757 30
000981 30
600490 30
300502 30
605018 30
605006 30
002556 30
300065 30
001268 30
002355 30
600250 30
002335 30
002519 30
000612 30
000510 30
600794 30
000530 30
002173 30
605066 30
300352 30
600589 30
600309 30
002074 30
603686 30
000977 30
002735 30
601727 30
600760 30
600221 30
605136 30
600900 30
300058 30
000333 30
300308 30
002130 30
002184 30
600111 30
600644 30
603019 30
600582 30
600010 30
600276 30
601012 30
002594 30
002648 30
002366 30
600105 30
600519 30
000831 30
600392 30
002339 30
002165 30
002015 30
002449 30
002475 30
300124 30
002094 30
000625 30
601059 30
300059 30
601138 30
000989 30
601198 30
002115 30
002195 30
002471 30
002427 30
002640 30
603300 30
002255 30
002031 30
300748 30
002261 30
002389 30
002465 30
601086 30
002651 30
000903 30
002055 30
002194 30
002229 30
600178 30
601788 30
002190 30
601007 30
002342 30
002969 30
003035 30
603049 30
002878 30
603011 30
002090 30
300674 30
000695 30
002431 30
603392 30
603086 30
600698 30
002103 30
603333 30
000953 30
1.000001 102
1.000001 101
1.000001 30
1.000001 15
0.399001 102
0.399001 101
0.399001 30
0.399001 15
002219 30
600980 30
600285 30
603150 30
002064 30
301238 30
300131 30
601068 30
600230 30
300848 30
600728 30
002486 30
300547 30
300224 30
600860 30
603626 30
301155 30
002066 30
600010 30
600390 30
000970 30
002030 30
603281 30
300363 30
300066 30
300127 30
300193 30
000795 30
301622 30
300631 30
002228 30
000541 30
002709 30
601010 30
300769 30
603338 30
000739 30
300552 30
002412 30
600433 30
002738 30
300052 30
603072 30
600057 30
600058 30
600976 30
601799 30
601233 30
300192 30
603698 30
601326 30
000922 30
301067 30
300063 30
601106 30
002111 30
000727 30
603344 30
600421 30
300292 30
600388 30
300124 30
300706 30
002240 30
002805 30
300684 30
601618 30
300943 30
300227 30
300338 30
601828 30
603650 30
600422 30
1.000001 101
0.399001 101
0.399006 101
1.000001 101
0.399001 101
0.399006 101
1.000001 15
0.399001 15
0.399006 15
1.000300 15
1.000852 15
90.BK0475 15
000989 5
001212 5
002090 5
002275 5
002345 5
002633 5
002644 5
002875 5
002900 5
002956 5
002969 5
003010 5
003035 5
003041 5
300003 5
300016 5
300082 5
300238 5
300703 5
300741 5
300945 5
300949 5
301197 5
600543 5
600561 5
600698 5
600794 5
603109 5
603221 5
603392 5
603901 5
605009 5
000989 30
002090 30
002875 30
002900 30
300016 30
300082 30
300703 30
600730 30
003008 30
000791 30
603000 30
600863 30
002622 30
300240 30
601198 30
603011 30
002365 30
300793 30
603937 30
600221 30
002629 30
603680 30
300607 30
002553 30
002130 30
300963 30
002094 30
600800 30
000831 30
002882 30
600589 30
600151 30
002427 30
002580 30
300493 30
600735 30
002510 30
300095 30
000426 30
002645 30
300059 30
601788 30
300748 30
603906 30
601086 30
603068 30
002342 30
301123 30
300308 30
000981 30
301277 30
000953 30
002389 30
603086 30
600392 30
600111 30
600105 30
300674 30
002074 30
600763 30
002741 30
302132 30
603333 30
000903 30
002491 30
600322 30
002612 30
300502 30
300065 30
002227 30
000603 30
300311 30
600844 30
600250 30
002475 30
002195 30
605066 30
000665 30
002261 30
002465 30
600178 30
002229 30
000625 30
300846 30
002716 30
002090 30
002055 30
000409 30
603106 30
603049 30
002735 30
002093 30
002366 30
002757 30
002471 30
002258 30
300753 30
002230 30
603686 30
603019 30
601727 30
300945 30
300327 30
002605 30
000815 30
000558 30
600519 30
002190 30
002115 30
601919 30
603300 30
600644 30
600794 30
600522 30
601007 30
000612 30
001298 30
000977 30
002522 30
002184 30
002395 30
600751 30
301188 30
002123 30
300637 30
600698 30
002443 30
002148 30
002827 30
002335 30
002173 30
002153 30
603986 30
002339 30
601012 30
002194 30
300766 30
000722 30
601789 30
605136 30
002431 30
002669 30
002992 30
301026 30
002355 30
002594 30
300474 30
000530 30
300435 30
002037 30
000737 30
603993 30
600279 30
601858 30
000886 30
600459 30
301316 30
002596 30
002096 30
603688 30
000810 30
002969 30
605033 30
002213 30
000599 30
600531 30
603045 30
000735 30
603392 30
601212 30
000695 30
000510 30
003010 30
600403 30
300672 30
605122 30
301536 30
301078 30
1.000001 102
1.000001 101
1.000001 30
1.000001 15
0.399001 102
0.399001 101
0.399001 30
0.399001 15
003028 30
300488 30
300885 30
301321 30
300930 30
300820 30
301289 30
002363 30
300080 30
000056 30
600730 30
002088 30
003008 30
300022 30
603995 30
300795 30
002569 30
002066 30
300098 30
603931 30
001330 30
301187 30
000791 30
002208 30
603000 30
300956 30
300986 30
600863 30
000526 30
301487 30
002142 30
600155 30
300217 30
600608 30
300814 30
002622 30
002172 30
600927 30
603075 30
300828 30
300919 30
603507 30
300240 30
300689 30
300619 30
000590 30
301110 30
301152 30
300042 30
002059 30
600331 30
002336 30
300205 30
301288 30
600661 30
000610 30
300684 30
301256 30
003017 30
603773 30
300959 30
301556 30
300631 30
000518 30
601231 30
300359 30
001267 30
300711 30
603619 30
603038 30
600825 30
300852 30
1.000001 15
0.399001 15
0.399006 15
1.000300 15
1.000852 15
90.BK0475 15
000989 5
002090 5
002275 5
002345 5
002391 5
002629 5
002644 5
002682 5
002956 5
002969 5
003010 5
003040 5
300003 5
300016 5
300082 5
300238 5
300584 5
300703 5
300741 5
300945 5
300949 5
301197 5
600082 5
600561 5
600698 5
600794 5
603032 5
603109 5
603221 5
603392 5
603823 5
603829 5
603901 5
605009 5
000989 30
002391 30
002629 30
003040 30
300016 30
300584 30
300703 30
600082 30
603032 30
603823 30
603829 30
301357 30
600927 30
301137 30
301520 30
002793 30
603538 30
300798 30
000403 30
002365 30
002882 30
605136 30
300199 30
603333 30
002437 30
600530 30
600418 30
603032 30
002040 30
300963 30
002998 30
603011 30
601007 30
002629 30
603087 30
300016 30
002640 30
000599 30
600881 30
002163 30
002471 30
002440 30
002291 30
002017 30
300450 30
603259 30
002105 30
002581 30
600276 30
002594 30
300101 30
300043 30
002292 30
000903 30
301263 30
600770 30
300127 30
000573 30
600521 30
002878 30
002773 30
002038 30
002513 30
301187 30
000981 30
601956 30
000559 30
002294 30
002427 30
002580 30
600196 30
000980 30
600158 30
000722 30
300308 30
601212 30
301141 30
600366 30
600800 30
603429 30
603990 30
000532 30
300010 30
603680 30
600221 30
600156 30
002074 30
300169 30
002522 30
301393 30
002716 30
600392 30
600519 30
300502 30
000795 30
600059 30
002094 30
300005 30
300995 30
002366 30
300587 30
600111 30
002475 30
300059 30
300224 30
601198 30
600128 30
600589 30
000625 30
601727 30
603072 30
002456 30
600562 30
002229 30
000066 30
300945 30
002261 30
300058 30
601789 30
600105 30
002326 30
002130 30
000665 30
603998 30
300348 30
002354 30
000831 30
601086 30
600520 30
002465 30
601360 30
000695 30
300435 30
002213 30
000815 30
002342 30
603507 30
000558 30
601059 30
000989 30
603598 30
300907 30
601908 30
002093 30
000977 30
002735 30
002961 30
300895 30
300243 30
002510 30
002015 30
603313 30
300230 30
600281 30
300191 30
300723 30
605066 30
300672 30
603829 30
002846 30
600760 30
002190 30
600588 30
002775 30
302132 30
002651 30
002622 30
002391 30
300061 30
301149 30
600735 30
002153 30
600082 30
300493 30
1.000001 102
1.000001 101
1.000001 30
1.000001 15
0.399001 102
0.399001 101
0.399001 30
0.399001 15
603877 30
002062 30
000782 30
300338 30
301273 30
301282 30
301117 30
300488 30
301233 30
300172 30
000049 30
603726 30
300197 30
603020 30
003027 30
603578 30
300717 30
600135 30
600345 30
603337 30
301602 30
002066 30
605081 30
301357 30
300668 30
300422 30
300881 30
603660 30
000615 30
301428 30
300445 30
300589 30
002064 30
300035 30
300568 30
300457 30
000830 30
002363 30
300670 30
300019 30
603659 30
600804 30
300143 30
600689 30
300966 30
300318 30
300342 30
301288 30
000703 30
600691 30
002880 30
000061 30
603885 30
600405 30
301323 30
002908 30
300686 30
301029 30
002219 30
300693 30
603933 30
603003 30
300875 30
002875 30
300635 30
300762 30
002270 30
002116 30
002870 30
002667 30
300245 30
603579 30
300177 30
002675 30
600737 30
603516 30
301202 30
301161 30
301128 30
301226 30
000811 30
002955 30
600200 30
000503 30
1.000001 15
0.399001 15
0.399006 15
1.000300 15
1.000852 15
90.BK0475 15
000565 5
000888 5
002090 5
002213 5
002275 5
002622 5
002651 5
002856 5
002969 5
300082 5
300949 5
600082 5
600178 5
600698 5
600939 5
603109 5
603176 5
603221 5
603392 5
603535 5
603711 5
603900 5
603901 5
605122 5
600939 30
300745 30
603335 30
002243 30
300237 30
605151 30
605376 30
600229 30
600366 30
002510 30
300588 30
603716 30
603390 30
300109 30
301011 30
603019 30
002878 30
002040 30
600601 30
000903 30
603065 30
600418 30
603607 30
301091 30
002594 30
000099 30
300059 30
003027 30
002074 30
002475 30
002343 30
000981 30
600798 30
300217 30
600111 30
300065 30
002161 30
002291 30
002300 30
300459 30
300133 30
603072 30
601008 30
002556 30
000639 30
600519 30
000524 30
601127 30
300748 30
300173 30
600276 30
002292 30
600206 30
601919 30
000625 30
301335 30
603087 30
603598 30
002190 30
002038 30
000678 30
002400 30
000831 30
002707 30
002261 30
002031 30
000695 30
000002 30
300245 30
002651 30
603538 30
000795 30
002363 30
600577 30
301052 30
002123 30
600589 30
002105 30
603697 30
002229 30
603011 30
000833 30
002640 30
300694 30
300132 30
603659 30
002747 30
002437 30
002584 30
002688 30
000088 30
603662 30
002017 30
301209 30
002632 30
600645 30
300607 30
002440 30
601956 30
601022 30
000826 30
000665 30
605009 30
002227 30
002115 30
603162 30
002639 30
002339 30
300327 30
301009 30
002122 30
300189 30
002570 30
601866 30
603990 30
002549 30
002366 30
605299 30
000905 30
002735 30
601018 30
300342 30
000507 30
601086 30
000722 30
300240 30
002094 30
601083 30
300963 30
002678 30
600279 30
000520 30
601599 30
002274 30
002391 30
600610 30
600505 30
603333 30
002427 30
002480 30
600644 30
605136 30
002471 30
1.000001 102
1.000001 101
1.000001 30
1.000001 15
0.399001 102
0.399001 101
0.399001 30
0.399001 15
601279 30
301539 30
603917 30
301398 30
300745 30
001260 30
603982 30
605319 30
300675 30
603124 30
300304 30
603107 30
300408 30
603190 30
300977 30
603335 30
000058 30
301169 30
002976 30
600609 30
002912 30
301313 30
300989 30
300988 30
002243 30
300237 30
002454 30
300614 30
301038 30
002831 30
603197 30
301266 30
600860 30
300155 30
300551 30
600635 30
300471 30
300778 30
301219 30
002888 30
600741 30
603035 30
000089 30
000090 30
002226 30
605333 30
301036 30
605151 30
301488 30
601678 30
300635 30
002287 30
000401 30
300679 30
002997 30
301299 30
000011 30
002996 30
301560 30
000068 30
002314 30
002101 30
003028 30
605376 30
000014 30
002036 30
301022 30
600732 30
002759 30
002806 30
300264 30
300839 30
300618 30
600229 30
002351 30
601139 30
301428 30
002805 30
1.000001 15
0.399001 15
0.399006 15
1.000300 15
1.000852 15
90.BK0475 15
001379 5
002090 5
002391 5
002622 5
002651 5
002856 5
002882 5
002992 5
300082 5
300765 5
600082 5
600178 5
600520 5
600644 5
600698 5
603045 5
603109 5
603176 5
603392 5
603679 5
603829 5
603901 5
603937 5
605033 5
605122 5
603679 30
603215 30
002449 30
300793 30
300520 30
300191 30
603382 30
603003 30
300220 30
603124 30
002366 30
600120 30
300333 30
002161 30
600481 30
300622 30
002365 30
002826 30
603335 30
300533 30
603169 30
002122 30
301101 30
603982 30
002292 30
300963 30
603587 30
002779 30
002735 30
603722 30
001234 30
002510 30
001316 30
000970 30
600105 30
600589 30
002057 30
603725 30
002103 30
603900 30
300541 30
003015 30
002882 30
601609 30
002923 30
605018 30
600880 30
600644 30
300377 30
300315 30
300773 30
603607 30
603716 30
002354 30
002261 30
300494 30
300059 30
600010 30
300311 30
002456 30
300872 30
002475 30
002537 30
002056 30
603768 30
002340 30
002639 30
600601 30
002343 30
002400 30
603799 30
601012 30
300272 30
300750 30
002426 30
002115 30
300459 30
301219 30
603993 30
002229 30
300066 30
603011 30
002119 30
002996 30
002094 30
600549 30
002657 30
002301 30
000409 30
300199 30
600439 30
300061 30
000969 30
000558 30
600519 30
002714 30
000815 30
601059 30
000014 30
002640 30
600751 30
301535 30
000948 30
002594 30
002190 30
600216 30
603333 30
603586 30
002167 30
603598 30
003027 30
002427 30
300010 30
601908 30
603042 30
603258 30
603019 30
002900 30
600223 30
002553 30
600732 30
600392 30
000831 30
000559 30
600111 30
600206 30
002300 30
603917 30
002339 30
603017 30
601020 30
000533 30
603980 30
002759 30
002842 30
600448 30
000903 30
002471 30
000702 30
600610 30
300428 30
601022 30
002165 30
002955 30
601086 30
601377 30
000678 30
603390 30
002480 30
605136 30
600798 30
605388 30
601008 30
1.000001 102
1.000001 101
1.000001 30
1.000001 15
0.399001 102
0.399001 101
0.399001 30
0.399001 15
002207 30
300164 30
002828 30
301160 30
301028 30
000554 30
603215 30
300242 30
002577 30
301360 30
300161 30
603353 30
301021 30
002554 30
301567 30
603324 30
002051 30
603619 30
301038 30
002066 30
002449 30
003029 30
300215 30
600190 30
300389 30
600596 30
603232 30
001337 30
301577 30
603579 30
600624 30
300323 30
002948 30
600199 30
600759 30
300959 30
600289 30
600968 30
300614 30
002785 30
301312 30
002117 30
300462 30
300448 30
300793 30
600583 30
301383 30
601808 30
301299 30
605118 30
000799 30
300520 30
300596 30
603052 30
002888 30
300191 30
301568 30
300713 30
002787 30
603848 30
001314 30
300256 30
301539 30
300790 30
600871 30
600605 30
001308 30
001219 30
300860 30
600351 30
301158 30
002967 30
000637 30
002917 30
603080 30
300901 30
1.000001 101
0.399001 101
0.399006 101
1.000001 101
0.399001 101
0.399006 101
1.000001 15
0.399001 15
0.399006 15
1.000300 15
1.000852 15
90.BK0475 15
002213 5
002391 5
002471 5
002480 5
002622 5
002651 5
002775 5
002882 5
600082 5
600403 5
600520 5
600644 5
600706 5
600751 5
601008 5
601022 5
603003 5
603045 5
603829 5
603937 5
603980 5
603995 5
605033 5
605122 5
600706 30
601008 30
605033 30
603353 30
000554 30
300164 30
002828 30
603619 30
300248 30
002887 30
002208 30
300139 30
600570 30
002237 30
001337 30
003010 30
002755 30
001316 30
605033 30
603900 30
600988 30
601216 30
000678 30
300468 30
000525 30
300773 30
603072 30
603538 30
002117 30
002019 30
600644 30
002366 30
603232 30
603259 30
002040 30
002155 30
002449 30
300548 30
000795 30
002345 30
002605 30
600798 30
300663 30
002727 30
300254 30
300180 30
601899 30
601008 30
300085 30
603011 30
300046 30
301109 30
002657 30
002735 30
300502 30
600872 30
600276 30
002190 30
603123 30
300394 30
000661 30
301171 30
300015 30
300059 30
002624 30
002902 30
603308 30
002653 30
000403 30
002057 30
603015 30
603825 30
601162 30
300872 30
600111 30
603215 30
301233 30
002537 30
000948 30
300652 30
000682 30
002594 30
601377 30
002467 30
300058 30
603758 30
600519 30
002996 30
300377 30
603019 30
000858 30
603096 30
002130 30
002639 30
000831 30
002264 30
600105 30
300793 30
000555 30
002173 30
002426 30
002103 30
002862 30
300251 30
002229 30
300245 30
603119 30
300386 30
603239 30
002900 30
603169 30
300242 30
002093 30
600610 30
300575 30
002094 30
002882 30
002184 30
300459 30
605388 30
000981 30
603587 30
600658 30
002923 30
601238 30
002471 30
002510 30
002292 30
002177 30
002640 30
603190 30
002164 30
000903 30
603106 30
603586 30
600120 30
603124 30
300963 30
002161 30
300520 30
600280 30
603390 30
000917 30
002826 30
603630 30
002343 30
300132 30
603607 30
603382 30
1.000001 102
1.000001 101
1.000001 30
1.000001 15
0.399001 102
0.399001 101
0.399001 30
0.399001 15
300839 30
002011 30
300135 30
000637 30
300483 30
000159 30
000932 30
603798 30
002490 30
600968 30
002336 30
002554 30
603727 30
000822 30
300966 30
600688 30
300875 30
001311 30
300424 30
300719 30
600871 30
603138 30
000407 30
600779 30
000708 30
600642 30
000819 30
300614 30
300092 30
603353 30
002221 30
000632 30
601808 30
000011 30
605086 30
300011 30
603885 30
600506 30
605080 30
000096 30
300696 30
002476 30
000554 30
603859 30
301158 30
300034 30
601369 30
300172 30
301300 30
603012 30
002353 30
000852 30
600803 30
600339 30
600722 30
002552 30
300157 30
601969 30
300164 30
300629 30
300722 30
002609 30
002828 30
605090 30
600026 30
600583 30
301273 30
600838 30
603301 30
000799 30
300397 30
603260 30
300084 30
000698 30
002561 30
301516 30
600671 30
603505 30
000778 30
300004 30
601975 30
1.000001 101
0.399001 101
0.399006 101
1.000001 101
0.399001 101
0.399006 101
1.000001 15
0.399001 15
0.399006 15
1.000300 15
1.000852 15
90.BK0475 15
000014 5
000702 5
000722 5
000815 5
001234 5
002017 5
002105 5
002122 5
002153 5
002213 5
002343 5
002376 5
002391 5
002426 5
002471 5
002480 5
002513 5
002556 5
002622 5
002734 5
002759 5
002775 5
002793 5
002842 5
002882 5
002955 5
002992 5
002996 5
003027 5
300299 5
300619 5
300765 5
300921 5
300995 5
301287 5
600059 5
600082 5
600223 5
600520 5
600644 5
600706 5
600735 5
600751 5
601008 5
601022 5
601789 5
601956 5
603003 5
603045 5
603335 5
603390 5
603587 5
603716 5
603829 5
603917 5
603937 5
603980 5
603982 5
603995 5
605033 5
605122 5
605151 5
001234 30
002376 30
002556 30
300299 30
300619 30
301287 30
601008 30
603335 30
603716 30
603982 30
605033 30
000766 30
002977 30
300943 30
300719 30
300722 30
600026 30
002389 30
601872 30
002383 30
002651 30
600322 30
600562 30
300397 30
600259 30
003009 30
000968 30
300887 30
600339 30
001337 30
002278 30
600988 30
605599 30
300527 30
300468 30
000519 30
000525 30
600855 30
300682 30
600727 30
300008 30
002440 30
002465 30
002678 30
600547 30
002560 30
601808 30
600570 30
002167 30
002155 30
000561 30
603169 30
300085 30
002297 30
600583 30
600415 30
600760 30
600938 30
002237 30
002735 30
002584 30
300248 30
002040 30
002413 30
002555 30
002724 30
002019 30
002312 30
002449 30
000617 30
600206 30
000768 30
601919 30
000678 30
002366 30
600900 30
601857 30
600798 30
300773 30
603259 30
600028 30
603906 30
300674 30
000625 30
601899 30
601008 30
600644 30
300290 30
600111 30
603019 30
300945 30
000795 30
300059 30
002384 30
601988 30
300748 30
002594 30
600519 30
603011 30
002261 30
000858 30
601127 30
002304 30
300199 30
002229 30
002639 30
600276 30
000568 30
002537 30
000970 30
002882 30
002510 30
002094 30
603982 30
603087 30
002640 30
002826 30
002376 30
002292 30
603123 30
002164 30
002427 30
000903 30
002862 30
002471 30
600610 30
600468 30
002298 30
002017 30
002317 30
605388 30
002177 30
605151 30
603332 30
603335 30
002734 30
002348 30
300640 30
300043 30
300703 30
300299 30
603382 30
1.000001 102
1.000001 101
1.000001 30
1.000001 15
0.399001 102
0.399001 101
0.399001 30
0.399001 15
300456 30
603583 30
002906 30
603810 30
002296 30
301112 30
000584 30
000068 30
300462 30
601168 30
603268 30
300208 30
300422 30
002052 30
002677 30
002633 30
603869 30
600623 30
600675 30
002586 30
603916 30
300996 30
002287 30
002738 30
301234 30
600421 30
600739 30
601999 30
301232 30
600648 30
000923 30
000626 30
600376 30
002911 30
300321 30
002749 30
300978 30
600716 30
600604 30
301203 30
002905 30
603355 30
600997 30
002634 30
002016 30
605398 30
603235 30
300137 30
300601 30
301002 30
600639 30
300515 30
600507 30
300626 30
300165 30
301020 30
000819 30
605268 30
301418 30
001914 30
600488 30
600725 30
000932 30
002641 30
002816 30
001239 30
300876 30
600848 30
002868 30
600850 30
600936 30
002014 30
002895 30
300268 30
600665 30
600406 30
605366 30
605020 30
000897 30
300926 30
603608 30
000915 30
301355 30
000551 30
300878 30
002578 30
301591 30
002942 30
301042 30
300021 30
002943 30
600169 30
002282 30
301033 30
600156 30
002616 30
002270 30
600117 30
1.000001 101
0.399001 101
0.399006 101
1.000001 101
0.399001 101
0.399006 101
1.000001 101
0.399001 101
0.399006 101
1.000001 101
0.399001 101
0.399006 101
1.000001 101
0.399001 101
0.399006 101
1.000001 15
0.399001 15
0.399006 15
1.000300 15
1.000852 15
90.BK0475 15
000014 5
000702 5
000722 5
000815 5
001234 5
002017 5
002105 5
002122 5
002153 5
002213 5
002343 5
002376 5
002391 5
002426 5
002471 5
002480 5
002513 5
002556 5
002622 5
002734 5
002759 5
002775 5
002793 5
002842 5
002882 5
002955 5
002992 5
002996 5
003027 5
300299 5
300619 5
300765 5
300921 5
300995 5
301287 5
600059 5
600082 5
600223 5
600520 5
600644 5
600706 5
600735 5
600751 5
601008 5
601022 5
601789 5
601956 5
603003 5
603045 5
603335 5
603390 5
603587 5
603716 5
603829 5
603917 5
603937 5
603980 5
603982 5
603995 5
605033 5
605122 5
605151 5
001234 30
002376 30
002556 30
300299 30
300619 30
301287 30
601008 30
603335 30
603716 30
603982 30
605033 30
000766 30
002977 30
300943 30
300719 30
300722 30
600026 30
002389 30
601872 30
002383 30
002651 30
600322 30
600562 30
300397 30
600259 30
003009 30
000968 30
300887 30
600339 30
001337 30
002278 30
600988 30
605599 30
300527 30
300468 30
000519 30
000525 30
600855 30
300682 30
600727 30
300008 30
002440 30
002465 30
600547 30
002560 30
601808 30
600570 30
002167 30
002155 30
000561 30
603169 30
300085 30
002297 30
600583 30
600415 30
600760 30
600938 30
002237 30
002735 30
002584 30
300248 30
002040 30
002413 30
002555 30
002724 30
300450 30
002019 30
600256 30
002312 30
002449 30
000617 30
600206 30
000768 30
601919 30
000678 30
002366 30
600900 30
601857 30
600798 30
300773 30
603259 30
600028 30
603879 30
603906 30
300674 30
000625 30
603900 30
601899 30
002345 30
601008 30
600644 30
300290 30
002130 30
600111 30
603019 30
300945 30
601888 30
000795 30
300059 30
002384 30
300748 30
002594 30
600519 30
603011 30
000858 30
601127 30
002304 30
300199 30
002639 30
600276 30
000568 30
002537 30
000970 30
002882 30
002510 30
002094 30
603982 30
002640 30
002826 30
002376 30
002292 30
603123 30
002427 30
000903 30
002862 30
002471 30
600610 30
600468 30
002298 30
002017 30
002317 30
605388 30
002177 30
605151 30
603332 30
603335 30
002734 30
002348 30
300640 30
300043 30
300703 30
300299 30
603382 30
1.000001 102
1.000001 101
1.000001 30
1.000001 15
0.399001 102
0.399001 101
0.399001 30
0.399001 15
002296 30
603583 30
300456 30
000923 30
002895 30
603810 30
000584 30
000626 30
002052 30
301112 30
300462 30
300205 30
002871 30
600675 30
002906 30
002014 30
300816 30
603568 30
300246 30
002942 30
000068 30
600997 30
301292 30
603608 30
002905 30
300601 30
300405 30
600665 30
002203 30
601811 30
600234 30
301203 30
002591 30
300422 30
301002 30
300628 30
603916 30
002749 30
002999 30
300808 30
300239 30
301234 30
300883 30
603616 30
301020 30
603309 30
002911 30
603661 30
000571 30
000504 30
000011 30
600156 30
601168 30
301232 30
300665 30
002925 30
002346 30
002494 30
300717 30
300626 30
300876 30
300903 30
002633 30
603506 30
301276 30
600648 30
002679 30
301170 30
301355 30
300479 30
002748 30
301238 30
301056 30
002634 30
000828 30
300669 30
002016 30
301100 30
300515 30
600791 30
002128 30
601089 30
600885 30
300878 30
002901 30
002188 30
301061 30
600725 30
605368 30
001331 30
002270 30
600604 30
002314 30
000593 30
002799 30
002034 30
600488 30
300889 30
003032 30
603205 30
001366 30
301429 30
301658 30
002149 30
603137 30
002715 30
300796 5
600468 5
603787 5
605388 5
301110 5
603382 5
002181 5
002556 5
002900 5
300237 5
603223 5
002779 5
300886 5
605018 5
600250 5
000722 5
300804 5
002629 5
600706 5
603335 5
002427 5
603208 5
300723 5
301070 5
003040 5
300740 5
603677 5
603123 5
300918 5
605009 5
1.000001 101
0.399001 101
0.399006 101
1.000001 101
0.399001 101
0.399006 101
1.000001 15
0.399001 15
0.399006 15
1.000300 15
1.000852 15
90.BK0475 15
000014 5
000702 5
000722 5
000815 5
001234 5
002017 5
002105 5
002122 5
002153 5
002213 5
002343 5
002376 5
002391 5
002426 5
002471 5
002480 5
002513 5
002556 5
002622 5
002734 5
002759 5
002775 5
002793 5
002842 5
002882 5
002955 5
002992 5
002996 5
003027 5
300299 5
300619 5
300765 5
300921 5
300995 5
301287 5
600059 5
600082 5
600223 5
600520 5
600644 5
600706 5
600735 5
600751 5
601008 5
601022 5
601789 5
601956 5
603003 5
603045 5
603335 5
603390 5
603587 5
603716 5
603829 5
603917 5
603937 5
603980 5
603982 5
603995 5
605033 5
605122 5
605151 5
001234 30
002376 30
002556 30
300299 30
300619 30
301287 30
601008 30
603335 30
603716 30
603982 30
605033 30
000766 30
002977 30
300943 30
300719 30
300722 30
600026 30
002389 30
601872 30
002383 30
002651 30
600322 30
600562 30
300397 30
600259 30
003009 30
000968 30
300887 30
600339 30
001337 30
002278 30
600988 30
605599 30
300527 30
300468 30
000519 30
603727 30
000525 30
600855 30
300682 30
600727 30
300008 30
002440 30
002465 30
600547 30
600968 30
002560 30
601808 30
600570 30
000159 30
601606 30
002167 30
002155 30
000852 30
000561 30
603169 30
300085 30
600316 30
002829 30
002297 30
601975 30
600989 30
600435 30
600583 30
600967 30
300099 30
600415 30
600760 30
600938 30
002237 30
002735 30
002584 30
300248 30
002040 30
002413 30
002555 30
300450 30
002019 30
600256 30
002688 30
002449 30
000617 30
600206 30
000768 30
601919 30
000678 30
002366 30
600900 30
600990 30
601857 30
600798 30
300773 30
603259 30
002716 30
600028 30
603906 30
000625 30
603900 30
601216 30
601899 30
601008 30
300180 30
600644 30
002103 30
600549 30
002130 30
600111 30
603019 30
000795 30
300059 30
002384 30
002074 30
300748 30
002594 30
600519 30
603011 30
000858 30
300199 30
002195 30
002639 30
600276 30
000568 30
002537 30
002882 30
002510 30
002094 30
603982 30
002640 30
002826 30
002376 30
002292 30
603123 30
002471 30
600610 30
600468 30
002298 30
002017 30
002317 30
002177 30
605151 30
603332 30
603335 30
002734 30
002348 30
300640 30
300703 30
603382 30
1.000001 102
1.000001 101
1.000001 30
1.000001 15
0.399001 102
0.399001 101
0.399001 30
0.399001 15
300269 30
300131 30
603029 30
300592 30
300160 30
603214 30
002641 30
002852 30
603733 30
002790 30
300590 30
001331 30
000779 30
603088 30
300211 30
002478 30
601995 30
002877 30
603261 30
600141 30
600075 30
002675 30
300086 30
603058 30
300687 30
002296 30
601101 30
603081 30
000061 30
300623 30
600997 30
002897 30
300390 30
300137 30
600513 30
300869 30
000819 30
001213 30
600320 30
301191 30
603385 30
002810 30
300777 30
603938 30
002247 30
000688 30
002534 30
600123 30
605060 30
002559 30
300304 30
601958 30
002375 30
601019 30
000505 30
300125 30
300503 30
600336 30
300188 30
000421 30
300215 30
003038 30
600299 30
001872 30
300302 30
605183 30
001301 30
002379 30
300351 30
601068 30
002150 30
601801 30
002821 30
002697 30
601963 30
002091 30
600746 30
002003 30
300111 30
002884 30
603393 30
000951 30
002151 30
1.000001 101
0.399001 101
0.399006 101
1.000001 101
0.399001 101
0.399006 101
1.000001 15
0.399001 15
0.399006 15
1.000300 15
1.000852 15
90.BK0475 15
000014 5
000702 5
001234 5
002105 5
002122 5
002164 5
002343 5
002348 5
002376 5
002426 5
002471 5
002480 5
002513 5
002556 5
002622 5
002734 5
002759 5
002775 5
002793 5
002842 5
002862 5
002882 5
002887 5
002955 5
002961 5
002996 5
003027 5
300299 5
300333 5
300460 5
300521 5
300619 5
300640 5
300995 5
301287 5
600059 5
600223 5
600280 5
600520 5
600644 5
600706 5
600751 5
601008 5
601022 5
601956 5
603003 5
603190 5
603335 5
603390 5
603587 5
603630 5
603716 5
603917 5
603980 5
603982 5
603995 5
605151 5
001234 30
002164 30
002348 30
002376 30
002556 30
002887 30
300299 30
300333 30
300460 30
300619 30
301287 30
600280 30
601008 30
603335 30
603716 30
603982 30
002139 30
000791 30
002222 30
300251 30
600367 30
000766 30
603988 30
600562 30
002208 30
002173 30
603336 30
002177 30
002109 30
300773 30
000881 30
603619 30
301357 30
600259 30
603123 30
600610 30
002246 30
300348 30
601069 30
300674 30
603382 30
603879 30
002130 30
300483 30
300682 30
600570 30
600339 30
600798 30
000096 30
002678 30
600727 30
002317 30
000159 30
002097 30
601808 30
002094 30
300867 30
300887 30
601216 30
002366 30
300043 30
603982 30
000657 30
002639 30
600644 30
002389 30
000791 30
002826 30
002040 30
000968 30
300059 30
300748 30
600871 30
300115 30
002298 30
000617 30
000831 30
002640 30
603706 30
603019 30
002190 30
603906 30
600026 30
300058 30
000852 30
600111 30
600989 30
002449 30
002600 30
603169 30
002555 30
000795 30
002278 30
000801 30
603928 30
002734 30
300640 30
600547 30
600256 30
002560 30
002292 30
000777 30
603049 30
601008 30
600855 30
600900 30
603011 30
600206 30
601872 30
601899 30
300397 30
603880 30
002583 30
000822 30
600028 30
600583 30
601919 30
300085 30
002155 30
000678 30
002735 30
601857 30
300008 30
600938 30
600760 30
300696 30
600988 30
600968 30
002554 30
000768 30
600519 30
002465 30
000519 30
002882 30
000561 30
002594 30
002167 30
002319 30
002297 30
000858 30
001337 30
300139 30
003009 30
300943 30
300527 30
002651 30
300719 30
002237 30
302132 30
002440 30
002471 30
300945 30
002584 30
300722 30
002383 30
002376 30
000525 30
603332 30
002829 30
002265 30
600468 30
000520 30
002977 30
301148 30
603335 30
300172 30
002393 30
001896 30
300201 30
601718 30
605599 30
605151 30
002980 30
1.000001 102
1.000001 101
1.000001 30
1.000001 15
0.399001 102
0.399001 101
0.399001 30
0.399001 15
301022 30
603037 30
300988 30
301539 30
300488 30
300772 30
300313 30
002081 30
300679 30
002218 30
301208 30
000590 30
300194 30
000012 30
301273 30
301152 30
003004 30
301313 30
603272 30
600548 30
300049 30
000690 30
002139 30
002628 30
301607 30
301181 30
301049 30
000869 30
000930 30
002949 30
300633 30
300917 30
603606 30
300103 30
301165 30
600408 30
300751 30
002941 30
301035 30
600971 30
002563 30
300912 30
002287 30
002180 30
000913 30
600197 30
000791 30
300152 30
603275 30
600516 30
603186 30
002222 30
301117 30
002879 30
601615 30
603001 30
300769 30
300996 30
301068 30
300242 30
301595 30
002796 30
002677 30
300236 30
002943 30
300226 30
300294 30
300063 30
600936 30
300175 30
600123 30
300656 30
300985 30
300375 30
002709 30
002307 30
002845 30
300857 30
603950 30
300757 30
301551 30
600463 30
600461 30
1.000001 101
0.399001 101
0.399006 101
1.000001 101
0.399001 101
0.399006 101
1.000001 15
0.399001 15
0.399006 15
1.000300 15
1.000852 15
90.BK0475 15
000014 5
000702 5
001234 5
001278 5
002122 5
002348 5
002480 5
002550 5
002556 5
002653 5
002734 5
002755 5
002842 5
002887 5
002900 5
002955 5
002996 5
003027 5
300299 5
300460 5
300640 5
300689 5
300745 5
301622 5
600223 5
600280 5
600706 5
600751 5
601008 5
601022 5
603003 5
603190 5
603215 5
603335 5
603390 5
603586 5
603587 5
603630 5
603716 5
603917 5
605151 5
001234 30
001278 30
002348 30
002556 30
002887 30
300299 30
300745 30
601008 30
603215 30
603587 30
603716 30
600624 30
603610 30
300884 30
603151 30
600775 30
002195 30
300678 30
300003 30
001236 30
300793 30
300238 30
000881 30
002177 30
601718 30
300299 30
603587 30
002657 30
002537 30
605398 30
300443 30
002366 30
000997 30
300459 30
600446 30
300531 30
002348 30
002887 30
000590 30
300130 30
300850 30
603123 30
002550 30
000333 30
002536 30
002639 30
600326 30
002190 30
603688 30
003036 30
002449 30
300084 30
002475 30
000555 30
002987 30
002246 30
600392 30
600522 30
000566 30
601615 30
002317 30
600276 30
000858 30
600571 30
002304 30
003015 30
605318 30
002837 30
600519 30
600468 30
002882 30
300541 30
002202 30
002384 30
300502 30
002735 30
300059 30
600794 30
300773 30
300465 30
002640 30
002291 30
002393 30
002594 30
002471 30
002229 30
600610 30
002649 30
603258 30
300377 30
300315 30
000678 30
603918 30
002130 30
600105 30
603607 30
002900 30
603019 30
600111 30
300085 30
000831 30
603011 30
002094 30
000822 30
002269 30
300609 30
300925 30
300579 30
000948 30
002208 30
300748 30
600570 30
002465 30
300663 30
000617 30
300469 30
300440 30
002995 30
600644 30
600880 30
300674 30
603883 30
600556 30
002892 30
002115 30
600871 30
601069 30
600577 30
002467 30
301313 30
002103 30
600367 30
302132 30
002389 30
603332 30
601216 30
300348 30
300180 30
300903 30
300521 30
600476 30
300386 30
300248 30
002651 30
600259 30
001296 30
603139 30
002292 30
002117 30
301357 30
002593 30
002583 30
301024 30
603656 30
301601 30
002298 30
002040 30
002376 30
300829 30
001278 30
605198 30
1.000001 102
1.000001 101
1.000001 30
1.000001 15
0.399001 102
0.399001 101
0.399001 30
0.399001 15
301186 30
301539 30
002899 30
600624 30
301257 30
300349 30
003004 30
603048 30
603755 30
603222 30
001300 30
300457 30
002462 30
000679 30
002925 30
603685 30
600230 30
300807 30
603303 30
300404 30
002243 30
600876 30
000516 30
301207 30
301330 30
603161 30
603610 30
300171 30
301355 30
603579 30
300876 30
301333 30
300094 30
301033 30
603341 30
600056 30
301035 30
300878 30
600386 30
300143 30
600694 30
301051 30
002819 30
301017 30
300969 30
301517 30
000913 30
301069 30
002212 30
600812 30
300795 30
300358 30
600513 30
300683 30
002967 30
600774 30
301520 30
301172 30
603298 30
300884 30
003020 30
000597 30
001231 30
603151 30
301606 30
000635 30
002737 30
600775 30
1.000001 101
0.399001 101
0.399006 101
1.000001 101
0.399001 101
0.399006 101
1.000001 15
0.399001 15
0.399006 15
1.000300 15
1.000852 15
90.BK0475 15
000014 5
001234 5
001278 5
002109 5
002348 5
002376 5
002550 5
002556 5
002645 5
002653 5
002731 5
002734 5
002755 5
002842 5
002862 5
002887 5
002955 5
002961 5
002996 5
300237 5
300521 5
300640 5
300689 5
300745 5
300949 5
301110 5
301622 5
600223 5
600259 5
600280 5
600714 5
600792 5
603003 5
603238 5
603239 5
603335 5
603390 5
603586 5
603587 5
603880 5
603917 5
605151 5
605198 5
002109 30
002348 30
002556 30
002887 30
300237 30
300745 30
600714 30
603587 30
000995 30
600551 30
300767 30
600199 30
300311 30
603215 30
600113 30
300663 30
000777 30
001331 30
600405 30
002094 30
300386 30
002173 30
002899 30
000617 30
000619 30
002855 30
302132 30
600446 30
002177 30
600617 30
600367 30
300348 30
002190 30
002640 30
601975 30
300531 30
002389 30
000519 30
300674 30
002987 30
603123 30
300963 30
002734 30
300172 30
002463 30
600775 30
301233 30
001236 30
300008 30
002208 30
000520 30
002506 30
301308 30
000561 30
600938 30
002657 30
002537 30
000766 30
300651 30
300130 30
000858 30
000725 30
603353 30
002241 30
601718 30
003029 30
605398 30
000555 30
603716 30
601857 30
301293 30
603579 30
600519 30
002383 30
002594 30
600760 30
002213 30
300256 30
002384 30
601919 30
002731 30
000678 30
301325 30
300793 30
000997 30
002040 30
600026 30
601808 30
603086 30
603011 30
600475 30
601008 30
002475 30
002278 30
603222 30
001309 30
600105 30
600110 30
603019 30
000822 30
600276 30
600644 30
601022 30
600855 30
600178 30
300622 30
002449 30
600871 30
300476 30
603259 30
601727 30
300059 30
000407 30
002376 30
000516 30
300171 30
002181 30
603799 30
600570 30
300007 30
600610 30
002074 30
002119 30
002391 30
603990 30
300142 30
300085 30
300575 30
601059 30
603106 30
300943 30
600478 30
300678 30
002583 30
300430 30
605099 30
300502 30
600794 30
600830 30
603587 30
600468 30
300308 30
002930 30
002115 30
002639 30
002925 30
000859 30
002291 30
000020 30
300769 30
300003 30
002246 30
002735 30
002164 30
300084 30
003017 30
300459 30
000788 30
002741 30
002130 30
002292 30
603610 30
002554 30
600792 30
301056 30
300251 30
301330 30
600259 30
002513 30
600960 30
002195 30
002570 30
002800 30
002882 30
002250 30
300530 30
002780 30
603906 30
002721 30
002550 30
600415 30
1.000001 102
1.000001 101
1.000001 30
1.000001 15
0.399001 102
0.399001 101
0.399001 30
0.399001 15
002150 30
002374 30
301429 30
300351 30
000995 30
001378 30
301077 30
600386 30
301169 30
300232 30
601388 30
603779 30
603357 30
000729 30
000890 30
603379 30
002219 30
600663 30
600551 30
603919 30
002945 30
603701 30
601599 30
002238 30
603033 30
300853 30
300131 30
000819 30
002646 30
603958 30
300839 30
002494 30
000663 30
605580 30
001306 30
300827 30
002461 30
301063 30
300820 30
300488 30
605128 30
301258 30
600084 30
300767 30
600199 30
301255 30
600573 30
603798 30
603721 30
600302 30
600197 30
300264 30
300854 30
000686 30
300649 30
600803 30
000031 30
301363 30
001317 30
301336 30
603319 30
600779 30
600382 30
000799 30
605008 30
605108 30
600731 30
002135 30
300770 30
301075 30
300311 30
600688 30
300752 30
300795 30
605566 30
301183 30
1.000001 101
0.399001 101
0.399006 101
1.000001 101
0.399001 101
0.399006 101
1.000001 15
0.399001 15
0.399006 15
1.000300 15
1.000852 15
90.BK0475 15
000525 5
001278 5
001296 5
001896 5
002173 5
002348 5
002393 5
002492 5
002550 5
002593 5
002653 5
002678 5
002727 5
002731 5
002755 5
002780 5
002800 5
002862 5
002887 5
002961 5
003017 5
300016 5
300251 5
300333 5
300521 5
300640 5
300689 5
300949 5
300987 5
301197 5
301622 5
600259 5
600280 5
600658 5
600792 5
603190 5
603238 5
603239 5
603630 5
603880 5
605198 5
002173 30
002348 30
002678 30
003017 30
300016 30
300987 30
301197 30
300731 30
002401 30
000637 30
300271 30
002125 30
002882 30
301132 30
600610 30
600367 30
300153 30
300674 30
603186 30
301357 30
600775 30
002150 30
002074 30
002676 30
601606 30
300084 30
300537 30
300651 30
002384 30
300872 30
603042 30
603083 30
002636 30
300570 30
000915 30
600580 30
300100 30
300827 30
603255 30
002837 30
603306 30
603119 30
300130 30
603019 30
600601 30
002130 30
300551 30
002250 30
301200 30
001389 30
600577 30
601089 30
600992 30
600478 30
300502 30
301628 30
002475 30
002115 30
300657 30
002281 30
300394 30
300739 30
300476 30
601138 30
002916 30
001331 30
600519 30
002855 30
002938 30
300475 30
300016 30
603087 30
603228 30
300511 30
000858 30
002987 30
600183 30
002229 30
601988 30
002402 30
603920 30
600589 30
002195 30
002119 30
002594 30
300131 30
300963 30
300578 30
002600 30
002570 30
603069 30
300302 30
301366 30
002657 30
002241 30
300059 30
301251 30
600570 30
002261 30
301308 30
600967 30
600415 30
300315 30
300252 30
001309 30
300177 30
300324 30
002348 30
300251 30
600405 30
600794 30
002952 30
002374 30
300348 30
600302 30
300204 30
001298 30
000555 30
601975 30
600759 30
000678 30
002369 30
002550 30
002376 30
000995 30
002413 30
002426 30
000530 30
002583 30
002651 30
301092 30
300123 30
300323 30
300814 30
000617 30
300386 30
600468 30
002449 30
300649 30
002389 30
002640 30
001314 30
002342 30
002980 30
300311 30
300397 30
302132 30
301586 30
002716 30
002735 30
300663 30
002177 30
603123 30
002615 30
600232 30
002899 30
600184 30
000701 30
605398 30
002190 30
301063 30
300092 30
300095 30
002471 30
002094 30
002734 30
000525 30
000520 30
002492 30
603706 30
002246 30
002639 30
603585 30
600960 30
603093 30
1.000001 102
1.000001 101
1.000001 30
1.000001 15
0.399001 102
0.399001 101
0.399001 30
0.399001 15
301539 30
300731 30
002805 30
603051 30
300448 30
600648 30
301035 30
300175 30
002631 30
300930 30
002543 30
300768 30
600248 30
300195 30
002694 30
000812 30
300366 30
002401 30
000637 30
300593 30
300271 30
301152 30
002076 30
603391 30
603172 30
301292 30
300693 30
600421 30
603107 30
301608 30
605166 30
600663 30
002125 30
301098 30
301125 30
002818 30
300599 30
002774 30
600561 30
300497 30
002597 30
600459 30
300226 30
605155 30
600258 30
300421 30
002634 30
601869 30
301160 30
603378 30
301252 30
603895 30
300380 30
603685 30
601139 30
002973 30
300525 30
002268 30
002500 30
300422 30
300052 30
605336 30
603161 30
000550 30
301428 30
605080 30
603366 30
002849 30
300836 30
000059 30
600155 30
300996 30
600119 30
300715 30
600332 30
300806 30
1.000001 101
0.399001 101
0.399006 101
1.000001 101
0.399001 101
0.399006 101
1.000001 15
0.399001 15
0.399006 15
1.000300 15
1.000852 15
90.BK0475 15
000520 5
000525 5
000766 5
000788 5
001236 5
001278 5
001896 5
002208 5
002246 5
002269 5
002291 5
002393 5
002492 5
002550 5
002593 5
002678 5
002731 5
002780 5
002800 5
002899 5
002930 5
003017 5
300016 5
300251 5
300689 5
300941 5
600259 5
600543 5
600570 5
600792 5
600960 5
601718 5
603123 5
603585 5
603610 5
603880 5
603988 5
605167 5
605198 5
000520 30
003017 30
300941 30
301180 30
002067 30
002799 30
600328 30
301678 30
603400 30
603823 30
603928 30
301180 30
600884 30
002882 30
600328 30
002805 30
300804 30
002343 30
301152 30
000520 30
000985 30
605298 30
002669 30
300315 30
002759 30
603685 30
601869 30
002261 30
002514 30
002240 30
300204 30
301132 30
002374 30
603002 30
603124 30
300199 30
600353 30
000858 30
002555 30
603906 30
000701 30
002080 30
603222 30
603288 30
000821 30
600478 30
002317 30
600519 30
600363 30
002176 30
601127 30
600111 30
000159 30
002594 30
002624 30
600366 30
002550 30
002074 30
603019 30
000525 30
300059 30
300308 30
600610 30
300373 30
002312 30
600980 30
601857 30
002769 30
002676 30
601975 30
002402 30
002132 30
002615 30
002229 30
300589 30
002195 30
302132 30
600992 30
300100 30
600506 30
600105 30
300043 30
002583 30
000617 30
002440 30
002250 30
300437 30
300660 30
300332 30
300502 30
000881 30
002384 30
600580 30
002115 30
000766 30
300251 30
002348 30
000519 30
002636 30
300607 30
300527 30
002476 30
002190 30
600967 30
002150 30
600570 30
603533 30
300228 30
605169 30
300533 30
301262 30
000020 30
002734 30
300255 30
300271 30
603986 30
600333 30
002640 30
300250 30
600871 30
002050 30
300546 30
300055 30
605580 30
002137 30
002268 30
601718 30
002130 30
600339 30
603598 30
600468 30
000407 30
301550 30
300773 30
600825 30
002678 30
002246 30
000777 30
605018 30
300476 30
300135 30
300007 30
605268 30
002094 30
300624 30
301357 30
603366 30
300084 30
603353 30
300781 30
002554 30
600302 30
002639 30
301428 30
600617 30
000892 30
603011 30
600463 30
300180 30
002537 30
603258 30
002700 30
601069 30
603042 30
600775 30
603918 30
002471 30
300651 30
002177 30
300352 30
600543 30
300872 30
300674 30
603093 30
603123 30
603332 30
002951 30
1.000001 102
1.000001 101
1.000001 30
1.000001 15
0.399001 102
0.399001 101
0.399001 30
0.399001 15
300480 30
603155 30
301376 30
300960 30
603726 30
301180 30
300351 30
301036 30
301300 30
301016 30
000707 30
600265 30
000952 30
601121 30
001324 30
300329 30
300936 30
002159 30
002830 30
300410 30
002919 30
300175 30
301658 30
301022 30
300930 30
600336 30
600376 30
300105 30
301365 30
301312 30
603272 30
300490 30
600689 30
300080 30
002067 30
301048 30
003041 30
600605 30
301002 30
301117 30
002783 30
603201 30
300293 30
301266 30
002799 30
603757 30
301067 30
603039 30
301202 30
002843 30
002897 30
603773 30
600173 30
300966 30
603949 30
300599 30
300118 30
603219 30
000534 30
001269 30
600337 30
603856 30
600743 30
301565 30
301171 30
600715 30
300553 30
600328 30
300393 30
605366 30
301577 30
600756 30
301231 30
301511 30
605258 30
300467 30
605155 30
300842 30
1.000001 101
0.399001 101
0.399006 101
1.000001 101
0.399001 101
0.399006 101
1.000001 15
0.399001 15
0.399006 15
1.000300 15
1.000852 15
90.BK0475 15
000020 5
000520 5
000525 5
000766 5
000788 5
001236 5
001278 5
001896 5
002109 5
002115 5
002173 5
002190 5
002208 5
002269 5
002291 5
002393 5
002492 5
002550 5
002583 5
002593 5
002678 5
002731 5
002780 5
002800 5
002899 5
002930 5
003017 5
300016 5
300251 5
300682 5
300689 5
300753 5
300772 5
300872 5
300941 5
301158 5
301197 5
600227 5
600259 5
600475 5
600543 5
600551 5
600570 5
600759 5
600775 5
600792 5
600960 5
601718 5
603086 5
603123 5
603585 5
603610 5
603880 5
603988 5
605167 5
605198 5
605398 5
000520 30
002109 30
002173 30
003017 30
300682 30
300753 30
300941 30
301158 30
301197 30
600227 30
600759 30
600775 30
301678 30
603400 30
002317 30
600520 30
603198 30
300647 30
301658 30
301389 30
301012 30
300584 30
301217 30
300252 30
603680 30
300142 30
002741 30
603167 30
002057 30
300130 30
300465 30
002068 30
001217 30
300490 30
600199 30
300046 30
603125 30
300204 30
002374 30
600172 30
600288 30
300260 30
600992 30
603200 30
601778 30
300801 30
300057 30
002189 30
603688 30
603823 30
002457 30
002277 30
002338 30
300887 30
002097 30
001296 30
600809 30
605298 30
002685 30
002383 30
300173 30
603300 30
002805 30
601975 30
603002 30
601008 30
301487 30
002352 30
002866 30
601318 30
300409 30
000568 30
603706 30
002040 30
002550 30
603032 30
002882 30
002902 30
000858 30
300255 30
600610 30
603042 30
002475 30
002465 30
002055 30
601919 30
002250 30
000159 30
002426 30
601398 30
603685 30
601988 30
600026 30
002261 30
000520 30
603259 30
601288 30
002229 30
601727 30
000338 30
600519 30
601127 30
300450 30
002594 30
000617 30
002402 30
002240 30
300750 30
300059 30
002195 30
002514 30
002537 30
300546 30
600366 30
002463 30
002074 30
002583 30
300502 30
002343 30
600570 30
300476 30
000519 30
300251 30
302132 30
603533 30
002268 30
002190 30
002173 30
002130 30
300459 30
600468 30
002640 30
002657 30
002050 30
300872 30
002213 30
300291 30
603123 30
300311 30
300180 30
603918 30
002094 30
000525 30
002769 30
002471 30
600759 30
002177 30
300674 30
600281 30
002639 30
003029 30
000554 30
600775 30
002366 30
603906 30
600960 30
603332 30
603093 30
002734 30
002951 30
600714 30
600551 30
002878 30
603119 30
002109 30
300753 30
000584 30
1.000001 102
1.000001 101
1.000001 30
1.000001 15
0.399001 102
0.399001 101
0.399001 30
0.399001 15
300883 30
301033 30
300208 30
603987 30
605376 30
600587 30
601218 30
002950 30
300289 30
300453 30
600055 30
002382 30
300396 30
301367 30
300642 30
002849 30
002817 30
300633 30
603309 30
300318 30
300246 30
002901 30
000153 30
300406 30
301093 30
300285 30
300909 30
300869 30
605333 30
300030 30
603663 30
300206 30
603160 30
300358 30
002022 30
301087 30
603207 30
300813 30
600137 30
000411 30
601515 30
300832 30
301131 30
002223 30
002932 30
603052 30
300463 30
603297 30
300298 30
300439 30
603626 30
300562 30
300639 30
300614 30
301090 30
301097 30
600851 30
301363 30
300294 30
300195 30
603658 30
300981 30
605028 30
301060 30
603020 30
300677 30
002859 30
600156 30
002030 30
603976 30
301602 30
300876 30
301580 30
300685 30
002217 30
300319 30
002551 30
1.000001 101
0.399001 101
0.399006 101
1.000001 101
0.399001 101
0.399006 101
1.000001 15
0.399001 15
0.399006 15
1.000300 15
1.000852 15
90.BK0475 15
000020 5
000520 5
000525 5
000766 5
000788 5
001236 5
001278 5
001896 5
002109 5
002115 5
002173 5
002190 5
002208 5
002269 5
002291 5
002393 5
002492 5
002550 5
002583 5
002593 5
002678 5
002731 5
002780 5
002800 5
002899 5
002930 5
003017 5
300016 5
300251 5
300682 5
300689 5
300753 5
300772 5
300872 5
300941 5
301158 5
301197 5
600227 5
600259 5
600475 5
600543 5
600551 5
600570 5
600759 5
600775 5
600792 5
600960 5
601718 5
603086 5
603123 5
603585 5
603610 5
603880 5
603988 5
605167 5
605198 5
605398 5
000520 30
002109 30
002173 30
003017 30
300682 30
300753 30
300941 30
301158 30
301197 30
600227 30
600759 30
600775 30
301678 30
603400 30
002317 30
600520 30
603198 30
300647 30
301389 30
300584 30
301217 30
300252 30
603680 30
300142 30
002741 30
603167 30
002057 30
300130 30
300465 30
001217 30
300490 30
600199 30
300046 30
300204 30
002374 30
600172 30
600288 30
000985 30
600992 30
603200 30
601778 30
300801 30
300057 30
002189 30
603688 30
603823 30
002457 30
002277 30
002338 30
601869 30
300887 30
002097 30
001296 30
600809 30
605298 30
002685 30
002383 30
300173 30
603300 30
002805 30
003017 30
601975 30
603002 30
601008 30
301487 30
002352 30
002866 30
601318 30
000568 30
605099 30
603706 30
300171 30
002676 30
600333 30
601022 30
002040 30
002550 30
002882 30
002902 30
000858 30
300255 30
600610 30
603042 30
300527 30
002475 30
000333 30
002465 30
002055 30
601919 30
000651 30
002119 30
002250 30
000159 30
002152 30
002426 30
601398 30
603685 30
600026 30
600036 30
002261 30
000520 30
300868 30
002246 30
002229 30
600519 30
300450 30
002594 30
000617 30
002402 30
002240 30
603019 30
300059 30
002195 30
002987 30
002514 30
002537 30
300546 30
600366 30
002181 30
301293 30
600478 30
002463 30
300962 30
002074 30
002583 30
300502 30
002343 30
600570 30
300348 30
000881 30
300476 30
000519 30
000777 30
300251 30
302132 30
603533 30
002268 30
002190 30
002173 30
600468 30
601718 30
002640 30
300872 30
002213 30
300291 30
603123 30
300311 30
300180 30
603918 30
600571 30
002094 30
002769 30
002471 30
600759 30
002177 30
300674 30
600281 30
002639 30
003029 30
000554 30
000948 30
600775 30
002366 30
300651 30
603906 30
603332 30
603093 30
002734 30
600714 30
600551 30
002878 30
603119 30
002109 30
300753 30
1.000001 102
1.000001 101
1.000001 30
1.000001 15
0.399001 102
0.399001 101
0.399001 30
0.399001 15
300188 30
300567 30
000078 30
002578 30
301221 30
600959 30
600682 30
600603 30
002586 30
605339 30
300263 30
000010 30
300776 30
301323 30
300375 30
300523 30
600285 30
000548 30
300751 30
002715 30
600287 30
601002 30
002482 30
300376 30
000619 30
000802 30
000850 30
002168 30
002388 30
603136 30
300716 30
300098 30
002063 30
603039 30
002516 30
000812 30
603739 30
000801 30
600131 30
600615 30
002214 30
603633 30
002353 30
002515 30
002529 30
002702 30
000608 30
000709 30
002110 30
603399 30
000819 30
603617 30
002496 30
002703 30
600399 30
605228 30
000820 30
002905 30
000972 30
000531 30
600155 30
600963 30
301171 30
300300 30
002939 30
002226 30
600355 30
001282 30
000410 30
603116 30
002928 30
002709 30
605333 30
301196 30
002906 30
002390 30
300185 30
002888 30
000929 30
1.000001 101
0.399001 101
0.399006 101
1.000001 101
0.399001 101
0.399006 101
1.000001 15
0.399001 15
0.399006 15
1.000300 15
1.000852 15
90.BK0475 15
000020 5
000525 5
000766 5
000788 5
001236 5
002115 5
002173 5
002208 5
002213 5
002269 5
002291 5
002391 5
002471 5
002492 5
002513 5
002537 5
002593 5
002678 5
002780 5
002899 5
002930 5
300016 5
300251 5
300291 5
300682 5
300753 5
300772 5
300872 5
300941 5
301182 5
301197 5
600227 5
600259 5
600463 5
600475 5
600543 5
600551 5
600570 5
600775 5
600960 5
603086 5
603123 5
603585 5
603610 5
603918 5
605198 5
605398 5
002173 30
002213 30
002930 30
300291 30
300682 30
300753 30
300941 30
301182 30
301197 30
600227 30
600775 30
603918 30
301097 30
300562 30
300618 30
002074 30
002250 30
300180 30
301293 30
300584 30
601975 30
000554 30
300240 30
603799 30
300291 30
300046 30
000520 30
002741 30
600794 30
002492 30
600026 30
000565 30
002987 30
002189 30
002640 30
601083 30
300130 30
002152 30
002734 30
600759 30
300084 30
603353 30
002094 30
603906 30
000507 30
002177 30
300191 30
601069 30
300173 30
301678 30
002366 30
000519 30
002554 30
300695 30
603212 30
002402 30
603538 30
300462 30
002338 30
603200 30
300562 30
002246 30
603042 30
603120 30
002882 30
002343 30
002930 30
300546 30
301217 30
301158 30
301487 30
300674 30
000881 30
603533 30
600871 30
600967 30
300872 30
300465 30
300647 30
601808 30
300377 30
600714 30
002805 30
002866 30
002190 30
002769 30
002639 30
600339 30
000617 30
603616 30
300364 30
300887 30
002268 30
002475 30
603123 30
300490 30
002240 30
603119 30
600468 30
600938 30
002389 30
002506 30
300251 30
600366 30
603688 30
600506 30
600288 30
000695 30
002846 30
601398 30
002067 30
603002 30
600172 30
002130 30
302132 30
301511 30
601718 30
002514 30
300655 30
000995 30
002272 30
300059 30
002057 30
603065 30
002583 30
601908 30
301079 30
000159 30
002320 30
601318 30
600028 30
002173 30
002055 30
002383 30
601919 30
601872 30
600519 30
603823 30
002471 30
002457 30
000858 30
002465 30
601857 30
603918 30
000777 30
300252 30
300255 30
603706 30
300120 30
603161 30
300204 30
300142 30
003017 30
600775 30
605169 30
300476 30
300527 30
002097 30
600199 30
002229 30
600773 30
002261 30
601121 30
002878 30
603167 30
002317 30
301389 30
603332 30
600992 30
002050 30
002463 30
600520 30
300950 30
300121 30
603198 30
605099 30
603300 30
600876 30
600551 30
002374 30
300868 30
603093 30
603685 30
605298 30
603400 30
1.000001 102
1.000001 101
1.000001 30
1.000001 15
0.399001 102
0.399001 101
0.399001 30
0.399001 15
301097 30
300633 30
300426 30
300562 30
300049 30
301213 30
600955 30
600386 30
003028 30
603778 30
301055 30
300208 30
300955 30
600201 30
002641 30
300515 30
000633 30
002631 30
300072 30
300213 30
300417 30
301022 30
300206 30
000711 30
002219 30
000697 30
002879 30
603037 30
300310 30
300545 30
600173 30
301602 30
301221 30
603344 30
601599 30
301101 30
002053 30
003038 30
003022 30
300618 30
300071 30
300161 30
002328 30
300613 30
600997 30
000848 30
300758 30
301551 30
000820 30
300595 30
301368 30
300965 30
300350 30
603319 30
301580 30
301228 30
300823 30
001336 30
300319 30
300230 30
603081 30
301163 30
300547 30
300653 30
603108 30
002849 30
1.000001 101
0.399001 101
0.399006 101
1.000001 101
0.399001 101
0.399006 101
1.000001 15
0.399001 15
0.399006 15
1.000300 15
1.000852 15
90.BK0475 15
000020 5
000525 5
002173 5
002391 5
002471 5
002492 5
002513 5
002780 5
002930 5
300016 5
300589 5
300753 5
300941 5
301038 5
301182 5
600463 5
600475 5
600543 5
600551 5
600960 5
601089 5
603123 5
603610 5
002173 30
300753 30
002976 30
301488 30
002813 30
002703 30
300310 30
000572 30
600650 30
002210 30
300368 30
002882 30
002590 30
603400 30
600611 30
300637 30
002426 30
002565 30
000584 30
000009 30
603686 30
002212 30
601188 30
300568 30
003026 30
002866 30
000555 30
002824 30
300584 30
300073 30
300059 30
600955 30
300255 30
003015 30
600698 30
600666 30
600800 30
002040 30
000561 30
002734 30
603033 30
002640 30
603200 30
300486 30
600206 30
002343 30
002173 30
603880 30
300925 30
002229 30
002594 30
600201 30
000977 30
002261 30
300485 30
600519 30
002657 30
603257 30
000625 30
002195 30
002402 30
301238 30
300450 30
603300 30
301178 30
002987 30
002072 30
002805 30
300014 30
601398 30
002580 30
002826 30
300251 30
002074 30
603032 30
300173 30
002471 30
603042 30
000948 30
002119 30
002094 30
002514 30
002583 30
002115 30
000576 30
603123 30
600478 30
002177 30
000633 30
301003 30
600178 30
603799 30
600536 30
002463 30
601919 30
002449 30
300079 30
300213 30
603578 30
603716 30
002272 30
300130 30
300663 30
002265 30
300963 30
600570 30
002639 30
603186 30
603005 30
300872 30
000525 30
300107 30
300046 30
300390 30
301101 30
002268 30
601908 30
300180 30
002878 30
603212 30
002317 30
002067 30
601008 30
600379 30
002152 30
300348 30
600967 30
300618 30
300386 30
000695 30
002506 30
002413 30
600844 30
300465 30
300579 30
002278 30
002753 30
300674 30
002421 30
002769 30
000617 30
002250 30
600858 30
300541 30
002383 30
300047 30
601857 30
300546 30
002519 30
000547 30
000777 30
000881 30
301219 30
302132 30
300008 30
002190 30
601718 30
000519 30
600506 30
601022 30
002930 30
600156 30
000520 30
600026 30
002246 30
300172 30
603353 30
000159 30
1.000001 102
1.000001 101
1.000001 30
1.000001 15
0.399001 102
0.399001 101
0.399001 30
0.399001 15
300969 30
002928 30
301070 30
001238 30
002051 30
600462 30
301398 30
301122 30
603150 30
603885 30
603179 30
002976 30
300552 30
300304 30
300807 30
301488 30
301339 30
603567 30
605228 30
002813 30
301560 30
301522 30
002703 30
301076 30
601021 30
000065 30
001230 30
300218 30
301608 30
301198 30
300805 30
300422 30
603596 30
603197 30
300310 30
300997 30
301131 30
600029 30
600676 30
603098 30
600817 30
301221 30
603132 30
301046 30
002307 30
000572 30
600835 30
002973 30
603655 30
600449 30
600377 30
601111 30
603819 30
600513 30
301091 30
002766 30
300923 30
300991 30
301499 30
300649 30
300878 30
002869 30
603895 30
601777 30
300790 30
603059 30
600650 30
002906 30
002355 30
002674 30
002210 30
300736 30
600386 30
603559 30
300918 30
603297 30
300626 30
1.000001 101
0.399001 101
0.399006 101
1.000001 101
0.399001 101
0.399006 101
1.000001 15
0.399001 15
0.399006 15
1.000300 15
1.000852 15
90.BK0475 15
000159 5
000633 5
000968 5
002463 5
002471 5
300483 5
300589 5
600551 5
600858 5
601089 5
603209 5
603332 5
605268 5
000633 30
300483 30
600858 30
603332 30
600729 30
603336 30
002254 30
300169 30
601177 30
300757 30
603982 30
600698 30
301165 30
300803 30
605398 30
603106 30
601086 30
301678 30
002355 30
000519 30
603980 30
603663 30
000759 30
002806 30
002057 30
301487 30
300853 30
003021 30
603200 30
002210 30
300085 30
603258 30
000903 30
300476 30
603800 30
603226 30
300204 30
603659 30
600415 30
300890 30
600884 30
002366 30
300059 30
300068 30
301325 30
300611 30
600710 30
601211 30
000572 30
002050 30
300568 30
603300 30
002177 30
002530 30
603119 30
600592 30
002413 30
603275 30
603657 30
000561 30
300450 30
002463 30
002254 30
002167 30
002281 30
002405 30
300750 30
002553 30
002036 30
002639 30
300432 30
000016 30
002176 30
002709 30
000564 30
002276 30
601933 30
301000 30
002594 30
300607 30
002741 30
000625 30
300403 30
002227 30
601311 30
601689 30
600580 30
002031 30
002261 30
600570 30
002460 30
300769 30
002562 30
002195 30
601318 30
002812 30
600650 30
002580 30
300207 30
002240 30
000881 30
300433 30
603920 30
002369 30
002190 30
002229 30
600519 30
603032 30
600513 30
300255 30
300285 30
300073 30
301358 30
300409 30
002542 30
300007 30
000065 30
002475 30
002590 30
301488 30
300674 30
600468 30
603123 30
002148 30
002055 30
600212 30
002119 30
300035 30
000833 30
002453 30
002657 30
002115 30
601919 30
000678 30
000555 30
002471 30
603390 30
601008 30
002250 30
600206 30
002866 30
300315 30
600666 30
603399 30
002051 30
600759 30
300180 30
300310 30
601975 30
301617 30
002175 30
000584 30
002800 30
300951 30
300016 30
002343 30
603209 30
600156 30
000554 30
603619 30
1.000001 102
1.000001 101
1.000001 30
1.000001 15
0.399001 102
0.399001 101
0.399001 30
0.399001 15
600729 30
000622 30
301203 30
300813 30
301312 30
300395 30
600643 30
603316 30
002750 30
002959 30
300654 30
300492 30
300892 30
300966 30
301017 30
600694 30
600226 30
600429 30
000417 30
300960 30
000419 30
002187 30
600785 30
603345 30
300792 30
300930 30
300466 30
300437 30
300816 30
002162 30
300659 30
603551 30
600828 30
605188 30
300933 30
002081 30
300997 30
301032 30
300606 30
603297 30
605080 30
601116 30
603336 30
301567 30
600712 30
605198 30
000620 30
600567 30
002201 30
600078 30
603816 30
002254 30
300731 30
603517 30
601636 30
600693 30
300109 30
605179 30
300898 30
300558 30
002946 30
600280 30
000037 30
000501 30
000650 30
600854 30
300169 30
603324 30
603696 30
600778 30
600865 30
002484 30
002128 30
1.000001 101
0.399001 101
0.399006 101
1.000001 101
0.399001 101
0.399006 101
1.000001 15
0.399001 15
0.399006 15
1.000300 15
1.000852 15
90.BK0475 15
000159 5
000633 5
000968 5
002040 5
002476 5
300291 5
300483 5
300589 5
600463 5
600798 5
600858 5
601008 5
601022 5
603209 5
000633 30
002040 30
300483 30
300589 30
600798 30
300635 30
300065 30
000519 30
300722 30
000652 30
600178 30
003009 30
300581 30
300008 30
600590 30
603663 30
300502 30
600604 30
300604 30
002365 30
300308 30
002389 30
603093 30
601162 30
601718 30
300476 30
001298 30
002413 30
000561 30
302132 30
603383 30
002705 30
002281 30
002190 30
002402 30
600391 30
603119 30
600446 30
601138 30
002460 30
002626 30
000768 30
600879 30
002414 30
002057 30
601133 30
603637 30
600318 30
600519 30
002465 30
600884 30
002073 30
002130 30
300180 30
300542 30
000676 30
002463 30
002298 30
600816 30
000977 30
300348 30
600927 30
002475 30
300450 30
002734 30
002985 30
000559 30
000750 30
000987 30
000625 30
300046 30
002261 30
601688 30
300315 30
600858 30
002268 30
002583 30
601177 30
002241 30
600206 30
600830 30
000063 30
603166 30
300750 30
002851 30
300047 30
300019 30
002436 30
603920 30
600999 30
002229 30
601318 30
600798 30
002426 30
300339 30
601099 30
600390 30
002423 30
002050 30
000712 30
002355 30
300674 30
000903 30
300541 30
300068 30
002530 30
002250 30
002828 30
600171 30
300533 30
600030 30
600120 30
300077 30
002797 30
300386 30
300217 30
601375 30
600621 30
601995 30
301236 30
002152 30
300255 30
000617 30
300164 30
002366 30
300663 30
300287 30
000997 30
601519 30
000670 30
000563 30
600415 30
603929 30
002177 30
002594 30
601059 30
000555 30
603918 30
300622 30
300465 30
300059 30
301303 30
600722 30
601211 30
002820 30
600367 30
1.000001 102
1.000001 101
1.000001 30
1.000001 15
0.399001 102
0.399001 101
0.399001 30
0.399001 15
605318 30
603177 30
603001 30
301046 30
300710 30
300243 30
002552 30
300825 30
002975 30
605277 30
301565 30
300193 30
301507 30
002634 30
601566 30
300854 30
300811 30
000650 30
300635 30
603860 30
300382 30
002478 30
002887 30
300819 30
301458 30
002086 30
002098 30
601515 30
301202 30
603515 30
300549 30
605128 30
300813 30
301163 30
600293 30
301321 30
002409 30
300319 30
603188 30
300128 30
301286 30
001287 30
000656 30
600459 30
600620 30
603048 30
301279 30
301045 30
300891 30
300405 30
300560 30
301429 30
301613 30
600746 30
002724 30
002184 30
301071 30
300593 30
300679 30
002378 30
300598 30
002454 30
301078 30
600826 30
1.000001 101
0.399001 101
0.399006 101
1.000001 101
0.399001 101
0.399006 101
1.000001 15
0.399001 15
0.399006 15
1.000300 15
1.000852 15
90.BK0475 15
000584 5
000633 5
000881 5
002040 5
002426 5
002703 5
002921 5
002976 5
300340 5
300368 5
300485 5
300698 5
600367 5
600650 5
600876 5
601008 5
601022 5
603209 5
603578 5
603616 5
603657 5
603776 5
000584 30
000633 30
002921 30
300368 30
300698 30
605228 30
300697 30
603210 30
001282 30
000700 30
300959 30
000829 30
002239 30
002724 30
301197 30
300682 30
300959 30
603037 30
002048 30
002015 30
002402 30
600156 30
300988 30
000065 30
605319 30
603136 30
002416 30
002906 30
300375 30
002703 30
301678 30
002920 30
300546 30
600391 30
002570 30
300008 30
002460 30
603776 30
300059 30
002812 30
002177 30
003028 30
000973 30
002123 30
600318 30
002465 30
600459 30
002456 30
002413 30
300046 30
002239 30
002921 30
002510 30
000903 30
002600 30
300180 30
300872 30
000066 30
002273 30
000981 30
002389 30
301535 30
002590 30
000519 30
300474 30
600178 30
002156 30
000001 30
300065 30
603300 30
000977 30
300674 30
300476 30
002426 30
603228 30
601211 30
002152 30
300750 30
600685 30
600580 30
000829 30
600250 30
600584 30
601519 30
601689 30
002878 30
002819 30
000559 30
002195 30
300124 30
600206 30
600536 30
300975 30
000625 30
000555 30
002383 30
002130 30
002803 30
000026 30
300502 30
300340 30
600519 30
002281 30
002908 30
300308 30
603956 30
300251 30
002609 30
300315 30
300465 30
300123 30
002261 30
002241 30
601890 30
002594 30
600604 30
003009 30
603019 30
601127 30
002366 30
300386 30
300913 30
002229 30
002298 30
002342 30
300047 30
300063 30
002427 30
002190 30
003015 30
002250 30
600855 30
300579 30
002086 30
603099 30
600054 30
002799 30
002278 30
000607 30
300635 30
605128 30
600734 30
002178 30
002976 30
002343 30
600706 30
000632 30
002365 30
600367 30
300752 30
301101 30
603726 30
300622 30
600798 30
601133 30
300164 30
1.000001 102
1.000001 101
1.000001 30
1.000001 15
0.399001 102
0.399001 101
0.399001 30
0.399001 15
301072 30
301186 30
603297 30
605333 30
301459 30
000030 30
605228 30
300218 30
605168 30
300552 30
300697 30
603035 30
301307 30
603210 30
001282 30
300710 30
300995 30
002997 30
301267 30
000700 30
301229 30
605588 30
002959 30
002864 30
603788 30
600969 30
300812 30
603197 30
600741 30
301221 30
300536 30
603633 30
301133 30
300959 30
002666 30
600595 30
603348 30
603216 30
300585 30
600361 30
601231 30
300735 30
002484 30
603207 30
603773 30
300081 30
300745 30
301606 30
300209 30
000829 30
002613 30
301360 30
301007 30
000828 30
300463 30
600740 30
603358 30
301005 30
301578 30
603344 30
002239 30
300538 30
300671 30
300547 30
001308 30
1.000001 101
0.399001 101
0.399006 101
1.000001 101
0.399001 101
0.399006 101
1.000001 15
0.399001 15
0.399006 15
1.000300 15
1.000852 15
90.BK0475 15
000584 5
000633 5
000881 5
002040 5
002703 5
002921 5
002976 5
300072 5
300340 5
300368 5
300462 5
300698 5
600367 5
600650 5
600798 5
600876 5
601008 5
601022 5
603106 5
603209 5
603578 5
603657 5
603776 5
000584 30
000633 30
002921 30
300368 30
300698 30
600798 30
300887 30
603758 30
300620 30
301533 30
600375 30
300308 30
600601 30
600589 30
300016 30
603530 30
002181 30
600362 30
601609 30
600208 30
600361 30
603686 30
300843 30
002055 30
002276 30
301141 30
600478 30
300121 30
300502 30
003026 30
300184 30
603993 30
300688 30
300913 30
002015 30
000572 30
000564 30
600810 30
600250 30
000506 30
000878 30
002065 30
601899 30
600980 30
000701 30
300252 30
600391 30
300570 30
002093 30
603042 30
002416 30
002824 30
300476 30
002426 30
002130 30
002465 30
002475 30
002156 30
002466 30
300698 30
300394 30
300008 30
600760 30
301121 30
600366 30
002463 30
600584 30
002460 30
300563 30
002115 30
300657 30
600255 30
300340 30
601138 30
002017 30
300548 30
000063 30
603186 30
002456 30
002195 30
300046 30
000795 30
002703 30
002389 30
603300 30
300255 30
000519 30
600150 30
000938 30
600522 30
002281 30
300014 30
300682 30
300251 30
300059 30
002413 30
300750 30
603906 30
002261 30
002594 30
601211 30
002229 30
002177 30
600519 30
603019 30
002657 30
002769 30
300773 30
300180 30
601398 30
600900 30
600590 30
002190 30
002366 30
601288 30
000973 30
600798 30
600036 30
002167 30
300872 30
002342 30
600794 30
002250 30
600610 30
002806 30
002365 30
600858 30
000850 30
002490 30
600415 30
002207 30
1.000001 102
1.000001 101
1.000001 30
1.000001 15
0.399001 102
0.399001 101
0.399001 30
0.399001 15
300391 30
603207 30
002713 30
301555 30
600777 30
601686 30
603322 30
000423 30
002838 30
002959 30
301603 30
002266 30
002158 30
300598 30
301297 30
300280 30
605338 30
300926 30
002160 30
002099 30
603869 30
603261 30
600038 30
001267 30
300864 30
600640 30
003004 30
000789 30
002047 30
002214 30
002259 30
603197 30
605168 30
002289 30
300045 30
000685 30
603033 30
300932 30
002211 30
000608 30
002808 30
300074 30
600226 30
002169 30
600525 30
002907 30
605088 30
605116 30
605333 30
603117 30
600990 30
000726 30
600216 30
603650 30
300577 30
300446 30
603135 30
603698 30
600397 30
600136 30
001283 30
603810 30
001255 30
000922 30
001277 30
603408 30
301023 30
601618 30
603192 30
600681 30
000851 30
605376 30
300321 30
1.000001 101
0.399001 101
0.399006 101
1.000001 101
0.399001 101
0.399006 101
1.000001 15
0.399001 15
0.399006 15
1.000300 15
1.000852 15
90.BK0475 15
000584 5
000633 5
000881 5
002040 5
002703 5
002921 5
002976 5
300072 5
300340 5
300368 5
300462 5
300698 5
600367 5
600650 5
600798 5
600876 5
601008 5
601022 5
603106 5
603209 5
603578 5
603657 5
603776 5
000584 30
000633 30
002921 30
300368 30
300698 30
600798 30
300489 30
300887 30
603758 30
300620 30
301533 30
600331 30
600375 30
300308 30
600601 30
600589 30
300016 30
002181 30
600362 30
601609 30
600361 30
603686 30
300843 30
002055 30
002276 30
300401 30
600478 30
300121 30
300502 30
003026 30
300184 30
603993 30
300688 30
300913 30
002015 30
000572 30
000564 30
600338 30
002938 30
600810 30
601168 30
600250 30
000878 30
002065 30
601899 30
300131 30
600980 30
300252 30
600391 30
300570 30
002093 30
603042 30
002416 30
000630 30
002824 30
002414 30
300476 30
002916 30
002426 30
002130 30
002465 30
002475 30
002156 30
002466 30
300698 30
600353 30
300394 30
300008 30
603716 30
600760 30
300748 30
300397 30
600366 30
002436 30
002463 30
600584 30
002460 30
002115 30
002384 30
300340 30
000547 30
002017 30
000063 30
300489 30
603920 30
002195 30
002626 30
300046 30
002703 30
002389 30
603300 30
300255 30
300373 30
000519 30
600111 30
603893 30
601727 30
600150 30
002049 30
002415 30
002281 30
002213 30
302132 30
300014 30
300682 30
002173 30
002268 30
300059 30
002741 30
300124 30
002413 30
002371 30
300604 30
603906 30
002261 30
002594 30
601211 30
002177 30
600519 30
600184 30
603019 30
002657 30
002769 30
300773 30
300180 30
600590 30
002190 30
002366 30
000973 30
600798 30
002167 30
002342 30
600794 30
600610 30
002365 30
300164 30
600858 30
002490 30
600415 30
002207 30
1.000001 102
1.000001 101
1.000001 30
1.000001 15
0.399001 102
0.399001 101
0.399001 30
0.399001 15
002675 30
300878 30
603235 30
301029 30
002145 30
002318 30
002324 30
002573 30
002336 30
301367 30
600527 30
600783 30
603179 30
002001 30
301095 30
002058 30
300653 30
301363 30
300037 30
000925 30
600820 30
600299 30
002222 30
603931 30
601399 30
600500 30
603156 30
600216 30
002889 30
300236 30
600804 30
301047 30
001270 30
300317 30
300643 30
603078 30
003006 30
300374 30
300456 30
300489 30
300986 30
300538 30
300087 30
002367 30
300011 30
300293 30
300791 30
301611 30
600662 30
300225 30
003004 30
000551 30
600190 30
600159 30
600323 30
600763 30
300953 30
002864 30
1.000001 101
0.399001 101
0.399006 101
1.000001 101
0.399001 101
0.399006 101
1.000001 101
1.000001 101
0.399001 101
0.399006 101
1.000001 101
0.399001 101
0.399006 101
1.000001 101
0.399001 101
0.399006 101
1.000001 101
0.399001 101
0.399006 101
1.000001 101
0.399001 101
0.399006 101
1.000001 101
0.399001 101
0.399006 101
1.000001 101
0.399001 101
0.399006 101
1.000001 101
0.399001 101
0.399006 101
1.000001 101
0.399001 101
0.399006 101
1.000001 101
0.399001 101
0.399006 101
1.000001 15
0.399001 15
0.399006 15
1.000300 15
1.000852 15
90.BK0475 15
600429 30
000037 30
000788 30
001206 30
300560 30
600754 30
600751 30
002910 30
1.000001 101
0.399001 101
0.399006 101
002841 30
002841 30
002841 30
002841 30
1.000001 15
0.399001 15
0.399006 15
1.000300 15
1.000852 15
90.BK0475 15
1.000001 15
1.000001 15
1.000001 102
1.000001 102
1.000001 101
1.000001 30
1.000001 15
0.399001 102
0.399001 101
0.399001 30
0.399001 15
1.000001 102
1.000001 102
1.000001 102
1.000001 102
1.000001 101
1.000001 30
1.000001 15
0.399001 102
0.399001 101
0.399001 30
0.399001 15
1.000001 102
1.000001 101
1.000001 30
1.000001 15
0.399001 102
0.399001 101
0.399001 30
0.399001 15
1.000001 102
1.000001 101
1.000001 30
1.000001 15
0.399001 102
0.399001 101
0.399001 30
0.399001 15
1.000001 102
1.000001 101
1.000001 30
1.000001 15
0.399001 102
0.399001 101
0.399001 30
0.399001 15
1.000001 102
1.000001 101
1.000001 30
1.000001 15
0.399001 102
0.399001 101
0.399001 30
0.399001 15
300165 30
603376 30
301082 30
002675 30
000504 30
300558 30
605286 30
300125 30
300406 30
300174 30
300770 30
300031 30
300466 30
603124 30
002234 30
301025 30
300725 30
301196 30
300016 30
300573 30
300701 30
002773 30
600082 30
300204 30
002809 30
301076 30
301193 30
600196 30
300181 30
002749 30
301004 30
300906 30
301626 30
002095 30
300963 30
000898 30
002011 30
300238 30
603187 30
002225 30
300411 30
301392 30
002755 30
002124 30
300567 30
300158 30
300304 30
300551 30
603299 30
300740 30
300363 30
301096 30
300389 30
300286 30
300835 30
301333 30
300382 30
300378 30
301015 30
603939 30
603577 30
300643 30
002099 30
603813 30
1.000001 102
1.000001 102
1.000001 102
1.000001 101
1.000001 30
1.000001 15
0.399001 102
0.399001 101
0.399001 30
0.399001 15
300165 30
603376 30
301082 30
002675 30
000504 30
300558 30
605286 30
300174 30
300125 30
300406 30
301196 30
300466 30
300770 30
300031 30
002234 30
300573 30
300725 30
301025 30
300016 30
600082 30
300701 30
603124 30
301193 30
002773 30
000898 30
300911 30
300204 30
600196 30
002809 30
002749 30
300181 30
301076 30
002011 30
301626 30
301004 30
300963 30
002225 30
300567 30
002124 30
002095 30
300740 30
301392 30
300906 30
300304 30
002755 30
300835 30
603187 30
300551 30
300411 30
300382 30
603299 30
300363 30
000576 30
002099 30
002422 30
301096 30
300238 30
300286 30
600557 30
301015 30
603577 30
300378 30
603939 30
1.000001 15
1.000001 15
0.399001 15
0.399006 15
1.000300 15
1.000852 15
90.BK0475 15
300903 30
002023 30
600711 30
300115 30
000797 30
300085 30
300803 30
000970 30
603011 30
002788 30
000592 30
603667 30
002268 30
603383 30
601519 30
600775 30
300620 30
600815 30
600501 30
601100 30
002596 30
300455 30
300053 30
000807 30
000701 30
002560 30
000561 30
601318 30
601377 30
002202 30
300123 30
000735 30
600362 30
300045 30
000725 30
600118 30
003009 30
300136 30
600103 30
600707 30
600855 30
000753 30
002264 30
601600 30
601168 30
002398 30
002593 30
601179 30
000100 30
603131 30
002474 30
002171 30
000969 30
000657 30
300059 30
300290 30
002639 30
000630 30
600033 30
600255 30
600879 30
002520 30
000993 30
600203 30
002281 30
600875 30
600550 30
000988 30
000572 30
300446 30
600157 30
002544 30
002031 30
603162 30
000878 30
002465 30
002025 30
000737 30
600592 30
603993 30
002046 30
601211 30
600340 30
002217 30
300342 30
300274 30
600030 30
601611 30
002297 30
600089 30
601899 30
601698 30
601689 30
601162 30
300750 30
600111 30
600408 30
601985 30
600745 30
601727 30
601360 30
002625 30
002050 30
000536 30
000566 30
600276 30
002600 30
300058 30
600519 30
002131 30
300308 30
600580 30
002235 30
601888 30
000002 30
601138 30
002475 30
600977 30
002611 30
002709 30
000063 30
002317 30
002407 30
002023 30
002023 30
600719 30
000558 5
000558 5
1.000001 102
